sample,gene,codon,aa,pct_NS5A_amplicon,pct_NS5B_amplicon,abs_difference,reads_NS5A,reads_NS5B,dominant_residue_agrees
LK008A,NS5B,162,*,0.109,0.0,0.109,2751,113,True
LK008A,NS5B,162,C,0.545,0.0,0.545,2751,113,True
LK008A,NS5B,162,F,0.073,0.0,0.073,2751,113,True
LK008A,NS5B,162,S,0.036,0.0,0.036,2751,113,True
LK008A,NS5B,162,Y,99.237,100.0,0.763,2751,113,True
LK008A,NS5B,163,P,99.635,100.0,0.365,2465,141,True
LK008A,NS5B,163,S,0.041,0.0,0.041,2465,141,True
LK008A,NS5B,163,H,0.162,0.0,0.162,2465,141,True
LK008A,NS5B,163,L,0.162,0.0,0.162,2465,141,True
LK008A,NS5B,164,E,0.163,0.0,0.163,2447,214,True
LK008A,NS5B,164,G,0.286,0.0,0.286,2447,214,True
LK008A,NS5B,164,D,99.51,93.925,5.584,2447,214,True
LK008A,NS5B,164,A,0.041,0.0,0.041,2447,214,True
LK008A,NS5B,164,Y,0.0,6.075,6.075,2447,214,True
LK008A,NS5B,165,Q,0.039,0.0,0.039,2532,231,True
LK008A,NS5B,165,P,0.118,0.0,0.118,2532,231,True
LK008A,NS5B,165,F,0.039,0.0,0.039,2532,231,True
LK008A,NS5B,165,*,0.079,0.0,0.079,2532,231,True
LK008A,NS5B,165,S,0.158,0.0,0.158,2532,231,True
LK008A,NS5B,165,L,99.566,99.567,0.002,2532,231,True
LK008A,NS5B,165,M,0.0,0.433,0.433,2532,231,True
LK008A,NS5B,166,R,0.528,0.326,0.202,2464,307,True
LK008A,NS5B,166,E,0.081,0.326,0.245,2464,307,True
LK008A,NS5B,166,G,99.31,98.697,0.613,2464,307,True
LK008A,NS5B,166,*,0.081,0.0,0.081,2464,307,True
LK008A,NS5B,166,V,0.0,0.651,0.651,2464,307,True
LK008A,NS5B,167,G,0.0,0.19,0.19,2564,527,True
LK008A,NS5B,167,V,99.922,99.431,0.491,2564,527,True
LK008A,NS5B,167,A,0.078,0.38,0.302,2564,527,True
LK008A,NS5B,168,R,99.42,99.813,0.393,2588,535,True
LK008A,NS5B,168,T,0.039,0.0,0.039,2588,535,True
LK008A,NS5B,168,K,0.077,0.187,0.11,2588,535,True
LK008A,NS5B,168,G,0.309,0.0,0.309,2588,535,True
LK008A,NS5B,168,W,0.039,0.0,0.039,2588,535,True
LK008A,NS5B,168,S,0.116,0.0,0.116,2588,535,True
LK008A,NS5B,169,G,0.042,0.0,0.042,2372,667,True
LK008A,NS5B,169,A,0.464,0.45,0.014,2372,667,True
LK008A,NS5B,169,V,99.41,99.25,0.159,2372,667,True
LK008A,NS5B,169,L,0.042,0.0,0.042,2372,667,True
LK008A,NS5B,169,M,0.042,0.3,0.258,2372,667,True
LK008A,NS5B,170,R,0.379,0.137,0.243,2372,731,True
LK008A,NS5B,170,G,0.126,0.0,0.126,2372,731,True
LK008A,NS5B,170,C,99.325,99.59,0.264,2372,731,True
LK008A,NS5B,170,S,0.084,0.274,0.189,2372,731,True
LK008A,NS5B,170,Y,0.084,0.0,0.084,2372,731,True
LK008A,NS5B,171,E,99.386,100.0,0.614,2279,753,True
LK008A,NS5B,171,G,0.439,0.0,0.439,2279,753,True
LK008A,NS5B,171,V,0.088,0.0,0.088,2279,753,True
LK008A,NS5B,171,K,0.088,0.0,0.088,2279,753,True
LK008A,NS5B,172,R,0.527,0.26,0.266,2278,768,True
LK008A,NS5B,172,E,0.132,0.0,0.132,2278,768,True
LK008A,NS5B,172,N,0.176,0.26,0.085,2278,768,True
LK008A,NS5B,172,T,0.044,0.0,0.044,2278,768,True
LK008A,NS5B,172,K,99.122,99.479,0.357,2278,768,True
LK008A,NS5B,173,R,99.868,99.266,0.603,2277,817,True
LK008A,NS5B,173,Q,0.0,0.245,0.245,2277,817,True
LK008A,NS5B,173,P,0.0,0.122,0.122,2277,817,True
LK008A,NS5B,173,W,0.132,0.122,0.009,2277,817,True
LK008A,NS5B,173,L,0.0,0.245,0.245,2277,817,True
LK008A,NS5B,174,E,0.044,0.1,0.056,2267,999,True
LK008A,NS5B,174,P,0.132,0.0,0.132,2267,999,True
LK008A,NS5B,174,A,99.338,99.399,0.061,2267,999,True
LK008A,NS5B,174,S,0.044,0.1,0.056,2267,999,True
LK008A,NS5B,174,T,0.0,0.2,0.2,2267,999,True
LK008A,NS5B,174,V,0.441,0.2,0.241,2267,999,True
LK008A,NS5B,175,R,0.185,0.0,0.185,2158,1954,True
LK008A,NS5B,175,P,0.695,0.819,0.124,2158,1954,True
LK008A,NS5B,175,H,0.0,0.051,0.051,2158,1954,True
LK008A,NS5B,175,L,99.12,99.13,0.01,2158,1954,True
LK008A,NS5B,176,*,0.045,0.0,0.045,2235,2214,True
LK008A,NS5B,176,C,0.089,0.181,0.091,2235,2214,True
LK008A,NS5B,176,F,0.0,0.045,0.045,2235,2214,True
LK008A,NS5B,176,S,0.0,0.045,0.045,2235,2214,True
LK008A,NS5B,176,N,0.089,0.045,0.044,2235,2214,True
LK008A,NS5B,176,H,0.0,0.226,0.226,2235,2214,True
LK008A,NS5B,176,Y,99.776,99.458,0.318,2235,2214,True
LK008A,NS5B,177,E,0.0,0.046,0.046,2183,2161,True
LK008A,NS5B,177,G,0.366,0.416,0.05,2183,2161,True
LK008A,NS5B,177,N,0.183,0.37,0.187,2183,2161,True
LK008A,NS5B,177,D,99.175,98.889,0.286,2183,2161,True
LK008A,NS5B,177,V,0.0,0.231,0.231,2183,2161,True
LK008A,NS5B,177,H,0.092,0.0,0.092,2183,2161,True
LK008A,NS5B,177,A,0.183,0.046,0.137,2183,2161,True
LK008A,NS5B,178,G,0.052,0.044,0.008,1921,2250,True
LK008A,NS5B,178,A,1.197,0.311,0.886,1921,2250,True
LK008A,NS5B,178,L,0.104,0.089,0.015,1921,2250,True
LK008A,NS5B,178,I,0.104,0.4,0.296,1921,2250,True
LK008A,NS5B,178,V,98.438,99.067,0.628,1921,2250,True
LK008A,NS5B,178,D,0.104,0.089,0.015,1921,2250,True
LK008A,NS5B,179,S,0.097,0.084,0.012,2071,2374,True
LK008A,NS5B,179,T,99.759,99.073,0.685,2071,2374,True
LK008A,NS5B,179,K,0.048,0.042,0.006,2071,2374,True
LK008A,NS5B,179,I,0.0,0.042,0.042,2071,2374,True
LK008A,NS5B,179,A,0.097,0.59,0.493,2071,2374,True
LK008A,NS5B,179,M,0.0,0.168,0.168,2071,2374,True
LK008A,NS5B,180,R,99.259,99.567,0.308,2025,2540,True
LK008A,NS5B,180,G,0.049,0.0,0.049,2025,2540,True
LK008A,NS5B,180,P,0.0,0.039,0.039,2025,2540,True
LK008A,NS5B,180,C,0.593,0.236,0.356,2025,2540,True
LK008A,NS5B,180,H,0.099,0.157,0.059,2025,2540,True
LK008A,NS5B,181,R,0.37,0.2,0.171,1890,2505,True
LK008A,NS5B,181,E,0.476,0.24,0.237,1890,2505,True
LK008A,NS5B,181,N,0.106,0.0,0.106,1890,2505,True
LK008A,NS5B,181,I,0.053,0.04,0.013,1890,2505,True
LK008A,NS5B,181,K,98.995,99.521,0.526,1890,2505,True
LK008A,NS5B,182,L,99.695,99.701,0.006,1968,2679,True
LK008A,NS5B,182,P,0.305,0.299,0.006,1968,2679,True
LK008A,NS5B,183,P,99.729,99.891,0.162,1842,2749,True
LK008A,NS5B,183,H,0.0,0.036,0.036,1842,2749,True
LK008A,NS5B,183,S,0.163,0.0,0.163,1842,2749,True
LK008A,NS5B,183,L,0.109,0.073,0.036,1842,2749,True
LK008A,NS5B,184,R,0.0,0.035,0.035,1884,2892,True
LK008A,NS5B,184,P,0.053,0.415,0.362,1884,2892,True
LK008A,NS5B,184,V,0.372,0.0,0.372,1884,2892,True
LK008A,NS5B,184,L,99.469,99.55,0.081,1884,2892,True
LK008A,NS5B,184,M,0.106,0.0,0.106,1884,2892,True
LK008A,NS5B,185,E,0.054,0.0,0.054,1860,3146,True
LK008A,NS5B,185,P,0.108,0.032,0.076,1860,3146,True
LK008A,NS5B,185,A,99.624,99.555,0.069,1860,3146,True
LK008A,NS5B,185,T,0.108,0.191,0.083,1860,3146,True
LK008A,NS5B,185,V,0.108,0.223,0.115,1860,3146,True
LK008A,NS5B,186,E,0.29,0.031,0.259,1725,3192,True
LK008A,NS5B,186,G,0.116,0.063,0.053,1725,3192,True
LK008A,NS5B,186,L,0.116,0.0,0.116,1725,3192,True
LK008A,NS5B,186,I,0.116,0.125,0.009,1725,3192,True
LK008A,NS5B,186,V,99.246,99.436,0.19,1725,3192,True
LK008A,NS5B,186,A,0.116,0.251,0.135,1725,3192,True
LK008A,NS5B,186,M,0.0,0.094,0.094,1725,3192,True
LK008A,NS5B,187,T,0.0,0.327,0.327,1797,3360,True
LK008A,NS5B,187,I,0.612,0.089,0.523,1797,3360,True
LK008A,NS5B,187,K,0.056,0.03,0.026,1797,3360,True
LK008A,NS5B,187,V,0.0,0.268,0.268,1797,3360,True
LK008A,NS5B,187,L,0.056,0.06,0.004,1797,3360,True
LK008A,NS5B,187,M,99.277,99.226,0.05,1797,3360,True
LK008A,NS5B,188,R,0.059,0.197,0.138,1701,3558,True
LK008A,NS5B,188,E,0.118,0.337,0.22,1701,3558,True
LK008A,NS5B,188,G,99.824,99.438,0.386,1701,3558,True
LK008A,NS5B,188,A,0.0,0.028,0.028,1701,3558,True
LK008A,NS5B,189,Q,0.591,0.105,0.487,1691,3825,True
LK008A,NS5B,189,P,99.29,99.503,0.213,1691,3825,True
LK008A,NS5B,189,S,0.0,0.288,0.288,1691,3825,True
LK008A,NS5B,189,L,0.118,0.105,0.014,1691,3825,True
LK008A,NS5B,190,G,0.0,0.025,0.025,1698,4073,True
LK008A,NS5B,190,P,0.118,0.0,0.118,1698,4073,True
LK008A,NS5B,190,A,99.764,99.632,0.133,1698,4073,True
LK008A,NS5B,190,S,0.0,0.049,0.049,1698,4073,True
LK008A,NS5B,190,T,0.0,0.172,0.172,1698,4073,True
LK008A,NS5B,190,D,0.0,0.025,0.025,1698,4073,True
LK008A,NS5B,190,V,0.118,0.098,0.02,1698,4073,True
LK008A,NS5B,191,H,0.134,0.073,0.061,1494,4117,True
LK008A,NS5B,191,C,0.0,0.243,0.243,1494,4117,True
LK008A,NS5B,191,*,0.134,0.0,0.134,1494,4117,True
LK008A,NS5B,191,F,0.134,0.0,0.134,1494,4117,True
LK008A,NS5B,191,D,0.067,0.0,0.067,1494,4117,True
LK008A,NS5B,191,Y,99.531,99.684,0.153,1494,4117,True
LK008A,NS5B,192,R,0.0,0.048,0.048,1532,4184,True
LK008A,NS5B,192,G,99.935,99.761,0.174,1532,4184,True
LK008A,NS5B,192,V,0.0,0.048,0.048,1532,4184,True
LK008A,NS5B,192,S,0.0,0.096,0.096,1532,4184,True
LK008A,NS5B,192,D,0.065,0.048,0.017,1532,4184,True
LK008A,NS5B,193,C,0.0,0.021,0.021,1441,4666,True
LK008A,NS5B,193,F,99.306,99.464,0.158,1441,4666,True
LK008A,NS5B,193,S,0.278,0.15,0.128,1441,4666,True
LK008A,NS5B,193,L,0.069,0.3,0.231,1441,4666,True
LK008A,NS5B,193,I,0.0,0.043,0.043,1441,4666,True
LK008A,NS5B,193,V,0.139,0.0,0.139,1441,4666,True
LK008A,NS5B,193,Y,0.208,0.021,0.187,1441,4666,True
LK008A,NS5B,194,R,0.465,1.116,0.651,1506,4839,True
LK008A,NS5B,194,E,0.0,0.041,0.041,1506,4839,True
LK008A,NS5B,194,Q,98.871,98.553,0.318,1506,4839,True
LK008A,NS5B,194,*,0.531,0.165,0.366,1506,4839,True
LK008A,NS5B,194,K,0.0,0.062,0.062,1506,4839,True
LK008A,NS5B,194,H,0.0,0.062,0.062,1506,4839,True
LK008A,NS5B,194,L,0.133,0.0,0.133,1506,4839,True
LK008A,NS5B,195,*,0.0,0.02,0.02,1436,4925,True
LK008A,NS5B,195,C,0.07,0.183,0.113,1436,4925,True
LK008A,NS5B,195,F,0.139,0.061,0.078,1436,4925,True
LK008A,NS5B,195,S,0.348,0.0,0.348,1436,4925,True
LK008A,NS5B,195,H,0.07,0.102,0.032,1436,4925,True
LK008A,NS5B,195,D,0.0,0.041,0.041,1436,4925,True
LK008A,NS5B,195,Y,99.373,99.594,0.221,1436,4925,True
LK008A,NS5B,196,P,0.446,0.329,0.116,1346,4858,True
LK008A,NS5B,196,A,0.0,0.041,0.041,1346,4858,True
LK008A,NS5B,196,S,99.331,99.424,0.092,1346,4858,True
LK008A,NS5B,196,T,0.149,0.062,0.087,1346,4858,True
LK008A,NS5B,196,L,0.074,0.144,0.07,1346,4858,True
LK008A,NS5B,197,T,0.0,0.019,0.019,1313,5263,True
LK008A,NS5B,197,P,99.467,99.791,0.324,1313,5263,True
LK008A,NS5B,197,S,0.457,0.152,0.305,1313,5263,True
LK008A,NS5B,197,L,0.076,0.038,0.038,1313,5263,True
LK008A,NS5B,198,R,0.552,0.315,0.237,1267,5073,True
LK008A,NS5B,198,E,0.158,0.059,0.099,1267,5073,True
LK008A,NS5B,198,*,0.079,0.0,0.079,1267,5073,True
LK008A,NS5B,198,T,0.0,0.059,0.059,1267,5073,True
LK008A,NS5B,198,N,0.0,0.039,0.039,1267,5073,True
LK008A,NS5B,198,K,99.211,99.507,0.296,1267,5073,True
LK008A,NS5B,198,M,0.0,0.02,0.02,1267,5073,True
LK008A,NS5B,199,R,0.482,0.096,0.386,1037,5197,True
LK008A,NS5B,199,Q,99.229,99.731,0.502,1037,5197,True
LK008A,NS5B,199,P,0.0,0.038,0.038,1037,5197,True
LK008A,NS5B,199,*,0.289,0.038,0.251,1037,5197,True
LK008A,NS5B,199,H,0.0,0.096,0.096,1037,5197,True
LK008A,NS5B,200,R,99.902,99.775,0.127,1018,5326,True
LK008A,NS5B,200,C,0.0,0.113,0.113,1018,5326,True
LK008A,NS5B,200,H,0.098,0.113,0.014,1018,5326,True
LK008A,NS5B,201,E,0.103,0.163,0.059,970,5537,True
LK008A,NS5B,201,G,0.0,0.054,0.054,970,5537,True
LK008A,NS5B,201,A,0.0,0.307,0.307,970,5537,True
LK008A,NS5B,201,L,0.0,0.018,0.018,970,5537,True
LK008A,NS5B,201,I,0.0,0.054,0.054,970,5537,True
LK008A,NS5B,201,V,99.588,99.314,0.274,970,5537,True
LK008A,NS5B,201,M,0.309,0.09,0.219,970,5537,True
LK008A,NS5B,202,E,92.849,83.225,9.624,867,5365,True
LK008A,NS5B,202,G,0.807,0.205,0.602,867,5365,True
LK008A,NS5B,202,*,0.0,0.037,0.037,867,5365,True
LK008A,NS5B,202,N,0.0,0.019,0.019,867,5365,True
LK008A,NS5B,202,K,0.0,0.037,0.037,867,5365,True
LK008A,NS5B,202,D,5.998,16.44,10.442,867,5365,True
LK008A,NS5B,202,V,0.346,0.037,0.309,867,5365,True
LK008A,NS5B,203,R,99.75,99.696,0.054,799,5262,True
LK008A,NS5B,203,G,0.125,0.0,0.125,799,5262,True
LK008A,NS5B,203,P,0.0,0.019,0.019,799,5262,True
LK008A,NS5B,203,C,0.0,0.171,0.171,799,5262,True
LK008A,NS5B,203,S,0.0,0.019,0.019,799,5262,True
LK008A,NS5B,203,H,0.0,0.076,0.076,799,5262,True
LK008A,NS5B,203,L,0.125,0.019,0.106,799,5262,True
LK008A,NS5B,204,P,0.264,0.545,0.282,758,5134,True
LK008A,NS5B,204,F,1.055,0.136,0.919,758,5134,True
LK008A,NS5B,204,V,0.0,0.097,0.097,758,5134,True
LK008A,NS5B,204,H,0.132,0.136,0.004,758,5134,True
LK008A,NS5B,204,L,98.549,99.085,0.536,758,5134,True
LK008A,NS5B,205,F,0.0,0.018,0.018,764,5680,True
LK008A,NS5B,205,P,0.524,0.282,0.242,764,5680,True
LK008A,NS5B,205,H,0.262,0.088,0.174,764,5680,True
LK008A,NS5B,205,L,99.215,99.613,0.398,764,5680,True
LK008A,NS5B,206,R,0.26,0.238,0.022,770,6313,True
LK008A,NS5B,206,Q,99.74,99.05,0.691,770,6313,True
LK008A,NS5B,206,*,0.0,0.238,0.238,770,6313,True
LK008A,NS5B,206,L,0.0,0.079,0.079,770,6313,True
LK008A,NS5B,206,H,0.0,0.348,0.348,770,6313,True
LK008A,NS5B,206,K,0.0,0.048,0.048,770,6313,True
LK008A,NS5B,207,T,0.143,0.458,0.316,700,6326,True
LK008A,NS5B,207,I,0.143,0.206,0.063,700,6326,True
LK008A,NS5B,207,K,0.0,0.016,0.016,700,6326,True
LK008A,NS5B,207,V,0.571,0.158,0.413,700,6326,True
LK008A,NS5B,207,M,99.143,99.162,0.019,700,6326,True
LK008A,NS5B,208,R,0.362,0.453,0.091,553,5741,True
LK008A,NS5B,208,G,0.181,0.035,0.146,553,5741,True
LK008A,NS5B,208,*,0.0,0.157,0.157,553,5741,True
LK008A,NS5B,208,C,0.0,0.035,0.035,553,5741,True
LK008A,NS5B,208,S,0.0,0.017,0.017,553,5741,True
LK008A,NS5B,208,W,99.458,99.303,0.154,553,5741,True
LK008A,NS5B,209,R,99.816,99.723,0.093,544,6148,True
LK008A,NS5B,209,G,0.0,0.033,0.033,544,6148,True
LK008A,NS5B,209,Q,0.0,0.016,0.016,544,6148,True
LK008A,NS5B,209,P,0.0,0.016,0.016,544,6148,True
LK008A,NS5B,209,C,0.0,0.081,0.081,544,6148,True
LK008A,NS5B,209,H,0.184,0.114,0.07,544,6148,True
LK008A,NS5B,209,L,0.0,0.016,0.016,544,6148,True
LK008A,NS5B,210,E,0.0,0.033,0.033,496,6012,True
LK008A,NS5B,210,G,0.202,0.0,0.202,496,6012,True
LK008A,NS5B,210,P,0.0,0.067,0.067,496,6012,True
LK008A,NS5B,210,S,0.0,0.067,0.067,496,6012,True
LK008A,NS5B,210,T,0.0,0.166,0.166,496,6012,True
LK008A,NS5B,210,V,0.0,0.1,0.1,496,6012,True
LK008A,NS5B,210,A,99.798,99.568,0.231,496,6012,True
LK008A,NS5B,211,R,0.616,0.537,0.079,487,6143,True
LK008A,NS5B,211,E,0.205,0.26,0.055,487,6143,True
LK008A,NS5B,211,Q,0.0,0.016,0.016,487,6143,True
LK008A,NS5B,211,*,0.0,0.098,0.098,487,6143,True
LK008A,NS5B,211,K,99.179,99.04,0.139,487,6143,True
LK008A,NS5B,211,M,0.0,0.049,0.049,487,6143,True
LK008B,NS5B,162,H,0.0,1.205,1.205,1735,166,True
LK008B,NS5B,162,C,0.115,0.0,0.115,1735,166,True
LK008B,NS5B,162,F,0.115,0.0,0.115,1735,166,True
LK008B,NS5B,162,Y,99.769,98.795,0.974,1735,166,True
LK008B,NS5B,163,R,0.063,0.0,0.063,1583,215,True
LK008B,NS5B,163,P,99.621,100.0,0.379,1583,215,True
LK008B,NS5B,163,A,0.063,0.0,0.063,1583,215,True
LK008B,NS5B,163,S,0.19,0.0,0.19,1583,215,True
LK008B,NS5B,163,L,0.063,0.0,0.063,1583,215,True
LK008B,NS5B,164,N,0.127,0.0,0.127,1569,277,True
LK008B,NS5B,164,G,0.191,0.361,0.17,1569,277,True
LK008B,NS5B,164,D,99.681,97.112,2.569,1569,277,True
LK008B,NS5B,164,Y,0.0,2.527,2.527,1569,277,True
LK008B,NS5B,165,F,0.117,0.0,0.117,1703,317,True
LK008B,NS5B,165,S,0.117,0.0,0.117,1703,317,True
LK008B,NS5B,165,L,99.589,100.0,0.411,1703,317,True
LK008B,NS5B,165,M,0.176,0.0,0.176,1703,317,True
LK008B,NS5B,166,R,2.149,0.0,2.149,1582,452,True
LK008B,NS5B,166,E,0.126,1.77,1.643,1582,452,True
LK008B,NS5B,166,G,97.472,96.903,0.569,1582,452,True
LK008B,NS5B,166,*,0.126,0.0,0.126,1582,452,True
LK008B,NS5B,166,V,0.0,0.442,0.442,1582,452,True
LK008B,NS5B,166,A,0.126,0.885,0.759,1582,452,True
LK008B,NS5B,167,E,0.056,0.0,0.056,1781,777,True
LK008B,NS5B,167,I,0.112,0.0,0.112,1781,777,True
LK008B,NS5B,167,V,99.495,99.743,0.248,1781,777,True
LK008B,NS5B,167,A,0.337,0.257,0.079,1781,777,True
LK008B,NS5B,168,R,99.584,98.865,0.719,1682,793,True
LK008B,NS5B,168,G,0.119,0.504,0.386,1682,793,True
LK008B,NS5B,168,S,0.059,0.0,0.059,1682,793,True
LK008B,NS5B,168,W,0.119,0.252,0.133,1682,793,True
LK008B,NS5B,168,K,0.119,0.378,0.259,1682,793,True
LK008B,NS5B,169,E,0.0,0.101,0.101,1568,992,True
LK008B,NS5B,169,V,99.745,99.597,0.148,1568,992,True
LK008B,NS5B,169,A,0.255,0.302,0.047,1568,992,True
LK008B,NS5B,170,R,0.363,0.18,0.183,1653,1113,True
LK008B,NS5B,170,G,0.06,0.0,0.06,1653,1113,True
LK008B,NS5B,170,*,0.121,0.0,0.121,1653,1113,True
LK008B,NS5B,170,C,99.214,99.551,0.337,1653,1113,True
LK008B,NS5B,170,S,0.06,0.0,0.06,1653,1113,True
LK008B,NS5B,170,W,0.181,0.09,0.092,1653,1113,True
LK008B,NS5B,170,Y,0.0,0.18,0.18,1653,1113,True
LK008B,NS5B,171,E,99.674,99.825,0.151,1535,1142,True
LK008B,NS5B,171,K,0.0,0.175,0.175,1535,1142,True
LK008B,NS5B,171,G,0.195,0.0,0.195,1535,1142,True
LK008B,NS5B,171,V,0.065,0.0,0.065,1535,1142,True
LK008B,NS5B,171,A,0.065,0.0,0.065,1535,1142,True
LK008B,NS5B,172,R,0.733,0.0,0.733,1501,1178,True
LK008B,NS5B,172,E,0.4,0.0,0.4,1501,1178,True
LK008B,NS5B,172,T,0.133,0.0,0.133,1501,1178,True
LK008B,NS5B,172,N,0.0,0.17,0.17,1501,1178,True
LK008B,NS5B,172,*,0.0,0.255,0.255,1501,1178,True
LK008B,NS5B,172,K,98.734,99.576,0.841,1501,1178,True
LK008B,NS5B,173,R,99.864,99.632,0.233,1476,1357,True
LK008B,NS5B,173,G,0.0,0.074,0.074,1476,1357,True
LK008B,NS5B,173,Q,0.0,0.147,0.147,1476,1357,True
LK008B,NS5B,173,P,0.068,0.074,0.006,1476,1357,True
LK008B,NS5B,173,K,0.0,0.074,0.074,1476,1357,True
LK008B,NS5B,173,A,0.068,0.0,0.068,1476,1357,True
LK008B,NS5B,174,E,0.139,0.0,0.139,1437,1564,True
LK008B,NS5B,174,P,0.209,0.128,0.081,1437,1564,True
LK008B,NS5B,174,A,99.304,99.488,0.184,1437,1564,True
LK008B,NS5B,174,T,0.07,0.128,0.058,1437,1564,True
LK008B,NS5B,174,V,0.278,0.256,0.023,1437,1564,True
LK008B,NS5B,175,I,0.068,0.0,0.068,1461,1985,True
LK008B,NS5B,175,P,0.479,1.058,0.579,1461,1985,True
LK008B,NS5B,175,H,0.137,0.05,0.087,1461,1985,True
LK008B,NS5B,175,L,99.316,98.892,0.424,1461,1985,True
LK008B,NS5B,176,C,0.313,0.045,0.269,1595,2225,True
LK008B,NS5B,176,F,0.063,0.045,0.018,1595,2225,True
LK008B,NS5B,176,N,0.0,0.045,0.045,1595,2225,True
LK008B,NS5B,176,H,0.376,0.584,0.208,1595,2225,True
LK008B,NS5B,176,D,0.063,0.045,0.018,1595,2225,True
LK008B,NS5B,176,Y,99.185,99.236,0.051,1595,2225,True
LK008B,NS5B,177,E,0.136,0.092,0.044,1467,2171,True
LK008B,NS5B,177,G,0.409,0.276,0.133,1467,2171,True
LK008B,NS5B,177,N,0.0,0.553,0.553,1467,2171,True
LK008B,NS5B,177,H,0.273,0.0,0.273,1467,2171,True
LK008B,NS5B,177,D,99.182,99.079,0.103,1467,2171,True
LK008B,NS5B,178,G,0.239,0.132,0.107,1254,2271,True
LK008B,NS5B,178,L,0.0,0.088,0.088,1254,2271,True
LK008B,NS5B,178,I,0.0,0.661,0.661,1254,2271,True
LK008B,NS5B,178,V,99.442,99.031,0.411,1254,2271,True
LK008B,NS5B,178,A,0.319,0.088,0.231,1254,2271,True
LK008B,NS5B,179,T,99.861,99.54,0.321,1441,2391,True
LK008B,NS5B,179,R,0.0,0.084,0.084,1441,2391,True
LK008B,NS5B,179,I,0.0,0.042,0.042,1441,2391,True
LK008B,NS5B,179,P,0.139,0.0,0.139,1441,2391,True
LK008B,NS5B,179,A,0.0,0.251,0.251,1441,2391,True
LK008B,NS5B,179,M,0.0,0.084,0.084,1441,2391,True
LK008B,NS5B,180,R,99.536,99.724,0.189,1507,2540,True
LK008B,NS5B,180,G,0.066,0.0,0.066,1507,2540,True
LK008B,NS5B,180,P,0.133,0.0,0.133,1507,2540,True
LK008B,NS5B,180,C,0.133,0.157,0.025,1507,2540,True
LK008B,NS5B,180,H,0.133,0.118,0.015,1507,2540,True
LK008B,NS5B,181,R,0.453,0.112,0.341,1324,2678,True
LK008B,NS5B,181,E,0.151,0.037,0.114,1324,2678,True
LK008B,NS5B,181,G,0.076,0.0,0.076,1324,2678,True
LK008B,NS5B,181,*,0.0,0.037,0.037,1324,2678,True
LK008B,NS5B,181,N,0.0,0.037,0.037,1324,2678,True
LK008B,NS5B,181,K,99.245,99.701,0.457,1324,2678,True
LK008B,NS5B,181,M,0.076,0.075,0.001,1324,2678,True
LK008B,NS5B,182,P,0.072,0.387,0.315,1397,2844,True
LK008B,NS5B,182,V,0.0,0.035,0.035,1397,2844,True
LK008B,NS5B,182,L,99.928,99.508,0.421,1397,2844,True
LK008B,NS5B,182,M,0.0,0.07,0.07,1397,2844,True
LK008B,NS5B,183,P,99.683,99.867,0.184,1262,3015,True
LK008B,NS5B,183,A,0.238,0.0,0.238,1262,3015,True
LK008B,NS5B,183,H,0.0,0.033,0.033,1262,3015,True
LK008B,NS5B,183,L,0.079,0.1,0.02,1262,3015,True
LK008B,NS5B,184,Q,0.358,0.096,0.262,1396,3110,True
LK008B,NS5B,184,P,0.358,0.45,0.092,1396,3110,True
LK008B,NS5B,184,V,0.0,0.032,0.032,1396,3110,True
LK008B,NS5B,184,L,99.212,99.389,0.177,1396,3110,True
LK008B,NS5B,184,M,0.072,0.032,0.039,1396,3110,True
LK008B,NS5B,185,T,0.143,0.306,0.162,1394,3596,True
LK008B,NS5B,185,E,0.0,0.056,0.056,1394,3596,True
LK008B,NS5B,185,A,99.785,99.611,0.174,1394,3596,True
LK008B,NS5B,185,V,0.072,0.028,0.044,1394,3596,True
LK008B,NS5B,186,E,0.0,0.055,0.055,1288,3621,True
LK008B,NS5B,186,G,0.078,0.0,0.078,1288,3621,True
LK008B,NS5B,186,I,1.398,0.331,1.066,1288,3621,True
LK008B,NS5B,186,V,98.37,99.171,0.802,1288,3621,True
LK008B,NS5B,186,A,0.155,0.331,0.176,1288,3621,True
LK008B,NS5B,186,M,0.0,0.11,0.11,1288,3621,True
LK008B,NS5B,187,L,0.157,0.027,0.13,1276,3766,True
LK008B,NS5B,187,T,0.157,0.08,0.077,1276,3766,True
LK008B,NS5B,187,I,0.0,0.372,0.372,1276,3766,True
LK008B,NS5B,187,V,1.411,0.292,1.119,1276,3766,True
LK008B,NS5B,187,K,0.157,0.0,0.157,1276,3766,True
LK008B,NS5B,187,M,98.119,99.23,1.111,1276,3766,True
LK008B,NS5B,188,R,0.269,0.104,0.165,1115,3850,True
LK008B,NS5B,188,E,0.09,0.0,0.09,1115,3850,True
LK008B,NS5B,188,G,99.552,99.792,0.241,1115,3850,True
LK008B,NS5B,188,A,0.0,0.052,0.052,1115,3850,True
LK008B,NS5B,188,V,0.09,0.052,0.038,1115,3850,True
LK008B,NS5B,189,R,0.0,0.025,0.025,1123,4030,True
LK008B,NS5B,189,Q,0.0,0.05,0.05,1123,4030,True
LK008B,NS5B,189,P,99.822,99.677,0.144,1123,4030,True
LK008B,NS5B,189,S,0.0,0.124,0.124,1123,4030,True
LK008B,NS5B,189,L,0.089,0.099,0.01,1123,4030,True
LK008B,NS5B,189,A,0.089,0.025,0.064,1123,4030,True
LK008B,NS5B,190,T,0.0,0.455,0.455,1139,4397,True
LK008B,NS5B,190,A,99.824,99.363,0.461,1139,4397,True
LK008B,NS5B,190,S,0.0,0.045,0.045,1139,4397,True
LK008B,NS5B,190,V,0.176,0.136,0.039,1139,4397,True
LK008B,NS5B,191,R,0.201,0.0,0.201,994,4338,True
LK008B,NS5B,191,*,0.101,0.0,0.101,994,4338,True
LK008B,NS5B,191,C,0.0,0.161,0.161,994,4338,True
LK008B,NS5B,191,F,0.0,0.069,0.069,994,4338,True
LK008B,NS5B,191,N,0.0,0.046,0.046,994,4338,True
LK008B,NS5B,191,H,0.0,0.138,0.138,994,4338,True
LK008B,NS5B,191,Y,99.698,99.585,0.113,994,4338,True
LK008B,NS5B,192,G,99.904,99.866,0.038,1045,4479,True
LK008B,NS5B,192,S,0.0,0.112,0.112,1045,4479,True
LK008B,NS5B,192,D,0.096,0.022,0.073,1045,4479,True
LK008B,NS5B,193,C,0.0,0.019,0.019,879,5170,True
LK008B,NS5B,193,F,99.204,99.168,0.035,879,5170,True
LK008B,NS5B,193,S,0.228,0.329,0.101,879,5170,True
LK008B,NS5B,193,I,0.228,0.077,0.15,879,5170,True
LK008B,NS5B,193,L,0.228,0.387,0.159,879,5170,True
LK008B,NS5B,193,Y,0.114,0.019,0.094,879,5170,True
LK008B,NS5B,194,R,0.3,0.11,0.191,999,5473,True
LK008B,NS5B,194,E,0.0,0.018,0.018,999,5473,True
LK008B,NS5B,194,Q,99.299,99.671,0.372,999,5473,True
LK008B,NS5B,194,*,0.4,0.091,0.309,999,5473,True
LK008B,NS5B,194,H,0.0,0.073,0.073,999,5473,True
LK008B,NS5B,194,L,0.0,0.037,0.037,999,5473,True
LK008B,NS5B,195,N,0.0,0.054,0.054,997,5540,True
LK008B,NS5B,195,*,0.1,0.0,0.1,997,5540,True
LK008B,NS5B,195,C,0.0,0.199,0.199,997,5540,True
LK008B,NS5B,195,H,0.401,0.235,0.167,997,5540,True
LK008B,NS5B,195,Y,99.498,99.513,0.014,997,5540,True
LK008B,NS5B,196,P,0.0,0.275,0.275,911,5464,True
LK008B,NS5B,196,*,0.0,0.055,0.055,911,5464,True
LK008B,NS5B,196,S,99.89,99.414,0.476,911,5464,True
LK008B,NS5B,196,L,0.0,0.183,0.183,911,5464,True
LK008B,NS5B,196,T,0.0,0.037,0.037,911,5464,True
LK008B,NS5B,196,W,0.11,0.018,0.091,911,5464,True
LK008B,NS5B,196,A,0.0,0.018,0.018,911,5464,True
LK008B,NS5B,197,P,99.569,99.899,0.331,927,5951,True
LK008B,NS5B,197,A,0.324,0.0,0.324,927,5951,True
LK008B,NS5B,197,S,0.0,0.067,0.067,927,5951,True
LK008B,NS5B,197,L,0.108,0.034,0.074,927,5951,True
LK008B,NS5B,198,R,0.12,0.435,0.315,833,5743,True
LK008B,NS5B,198,E,0.12,0.157,0.037,833,5743,True
LK008B,NS5B,198,T,0.0,0.017,0.017,833,5743,True
LK008B,NS5B,198,K,99.76,99.303,0.456,833,5743,True
LK008B,NS5B,198,M,0.0,0.087,0.087,833,5743,True
LK008B,NS5B,199,R,0.0,0.173,0.173,708,5768,True
LK008B,NS5B,199,Q,99.576,99.653,0.077,708,5768,True
LK008B,NS5B,199,*,0.282,0.087,0.196,708,5768,True
LK008B,NS5B,199,L,0.0,0.035,0.035,708,5768,True
LK008B,NS5B,199,H,0.141,0.017,0.124,708,5768,True
LK008B,NS5B,199,K,0.0,0.035,0.035,708,5768,True
LK008B,NS5B,200,R,99.597,99.501,0.096,744,6009,True
LK008B,NS5B,200,G,0.0,0.033,0.033,744,6009,True
LK008B,NS5B,200,C,0.0,0.2,0.2,744,6009,True
LK008B,NS5B,200,S,0.0,0.033,0.033,744,6009,True
LK008B,NS5B,200,H,0.403,0.166,0.237,744,6009,True
LK008B,NS5B,200,L,0.0,0.067,0.067,744,6009,True
LK008B,NS5B,201,E,0.0,0.032,0.032,674,6291,True
LK008B,NS5B,201,G,0.0,0.016,0.016,674,6291,True
LK008B,NS5B,201,L,0.148,0.016,0.132,674,6291,True
LK008B,NS5B,201,V,99.555,99.777,0.223,674,6291,True
LK008B,NS5B,201,A,0.297,0.143,0.154,674,6291,True
LK008B,NS5B,201,M,0.0,0.016,0.016,674,6291,True
LK008B,NS5B,202,E,29.422,45.089,15.667,588,6343,True
LK008B,NS5B,202,G,0.85,0.142,0.708,588,6343,True
LK008B,NS5B,202,A,0.0,0.063,0.063,588,6343,True
LK008B,NS5B,202,N,0.0,0.032,0.032,588,6343,True
LK008B,NS5B,202,K,0.0,0.047,0.047,588,6343,True
LK008B,NS5B,202,V,0.0,0.063,0.063,588,6343,True
LK008B,NS5B,202,D,69.728,54.564,15.164,588,6343,True
LK008B,NS5B,203,R,99.634,98.914,0.72,546,6260,True
LK008B,NS5B,203,G,0.0,0.687,0.687,546,6260,True
LK008B,NS5B,203,P,0.183,0.048,0.135,546,6260,True
LK008B,NS5B,203,C,0.183,0.208,0.025,546,6260,True
LK008B,NS5B,203,H,0.0,0.128,0.128,546,6260,True
LK008B,NS5B,203,L,0.0,0.016,0.016,546,6260,True
LK008B,NS5B,204,R,0.0,0.016,0.016,495,6133,True
LK008B,NS5B,204,P,0.606,0.277,0.329,495,6133,True
LK008B,NS5B,204,F,0.0,0.049,0.049,495,6133,True
LK008B,NS5B,204,V,0.0,0.016,0.016,495,6133,True
LK008B,NS5B,204,H,0.202,0.033,0.169,495,6133,True
LK008B,NS5B,204,L,99.192,99.609,0.417,495,6133,True
LK008B,NS5B,205,R,0.0,0.014,0.014,565,7116,True
LK008B,NS5B,205,P,0.0,0.379,0.379,565,7116,True
LK008B,NS5B,205,F,0.0,0.084,0.084,565,7116,True
LK008B,NS5B,205,L,99.823,99.424,0.399,565,7116,True
LK008B,NS5B,205,I,0.0,0.028,0.028,565,7116,True
LK008B,NS5B,205,H,0.0,0.028,0.028,565,7116,True
LK008B,NS5B,205,V,0.177,0.042,0.135,565,7116,True
LK008B,NS5B,206,R,0.509,0.178,0.332,589,8435,True
LK008B,NS5B,206,Q,98.642,99.656,1.014,589,8435,True
LK008B,NS5B,206,P,0.0,0.024,0.024,589,8435,True
LK008B,NS5B,206,*,0.509,0.095,0.414,589,8435,True
LK008B,NS5B,206,H,0.0,0.012,0.012,589,8435,True
LK008B,NS5B,206,L,0.34,0.036,0.304,589,8435,True
LK008B,NS5B,207,L,0.0,0.024,0.024,543,8408,True
LK008B,NS5B,207,T,0.0,0.095,0.095,543,8408,True
LK008B,NS5B,207,K,0.0,0.059,0.059,543,8408,True
LK008B,NS5B,207,I,0.0,0.226,0.226,543,8408,True
LK008B,NS5B,207,V,0.184,0.345,0.161,543,8408,True
LK008B,NS5B,207,M,99.816,99.251,0.565,543,8408,True
LK008B,NS5B,208,R,0.505,0.302,0.203,396,7609,True
LK008B,NS5B,208,G,0.0,0.039,0.039,396,7609,True
LK008B,NS5B,208,*,0.0,0.276,0.276,396,7609,True
LK008B,NS5B,208,C,0.253,0.026,0.226,396,7609,True
LK008B,NS5B,208,S,0.0,0.013,0.013,396,7609,True
LK008B,NS5B,208,W,99.242,99.29,0.048,396,7609,True
LK008B,NS5B,208,L,0.0,0.053,0.053,396,7609,True
LK008B,NS5B,209,R,99.474,99.506,0.032,380,8099,True
LK008B,NS5B,209,G,0.0,0.012,0.012,380,8099,True
LK008B,NS5B,209,P,0.0,0.025,0.025,380,8099,True
LK008B,NS5B,209,C,0.0,0.259,0.259,380,8099,True
LK008B,NS5B,209,S,0.0,0.049,0.049,380,8099,True
LK008B,NS5B,209,H,0.526,0.123,0.403,380,8099,True
LK008B,NS5B,209,L,0.0,0.025,0.025,380,8099,True
LK008B,NS5B,210,T,0.87,0.453,0.417,345,7951,True
LK008B,NS5B,210,P,0.29,0.0,0.29,345,7951,True
LK008B,NS5B,210,V,0.0,0.101,0.101,345,7951,True
LK008B,NS5B,210,S,0.0,0.088,0.088,345,7951,True
LK008B,NS5B,210,A,98.841,99.359,0.518,345,7951,True
LK008B,NS5B,211,R,0.0,0.675,0.675,315,8292,True
LK008B,NS5B,211,E,0.317,0.265,0.052,315,8292,True
LK008B,NS5B,211,G,0.0,0.012,0.012,315,8292,True
LK008B,NS5B,211,Q,0.0,0.012,0.012,315,8292,True
LK008B,NS5B,211,*,0.0,0.084,0.084,315,8292,True
LK008B,NS5B,211,N,0.0,0.06,0.06,315,8292,True
LK008B,NS5B,211,K,99.365,98.854,0.511,315,8292,True
LK008B,NS5B,211,M,0.317,0.036,0.281,315,8292,True
LK013A,NS5B,165,R,0.078,0.0,0.078,2576,104,True
LK013A,NS5B,165,P,0.427,0.0,0.427,2576,104,True
LK013A,NS5B,165,L,99.301,100.0,0.699,2576,104,True
LK013A,NS5B,165,M,0.194,0.0,0.194,2576,104,True
LK013A,NS5B,166,R,0.233,1.005,0.772,2579,199,True
LK013A,NS5B,166,E,0.116,1.005,0.889,2579,199,True
LK013A,NS5B,166,G,99.418,96.985,2.433,2579,199,True
LK013A,NS5B,166,A,0.039,0.0,0.039,2579,199,True
LK013A,NS5B,166,S,0.078,0.0,0.078,2579,199,True
LK013A,NS5B,166,W,0.0,1.005,1.005,2579,199,True
LK013A,NS5B,166,V,0.116,0.0,0.116,2579,199,True
LK013A,NS5B,167,E,0.273,0.0,0.273,2568,467,True
LK013A,NS5B,167,G,0.039,0.0,0.039,2568,467,True
LK013A,NS5B,167,*,0.039,0.0,0.039,2568,467,True
LK013A,NS5B,167,L,0.039,0.0,0.039,2568,467,True
LK013A,NS5B,167,I,0.234,0.0,0.234,2568,467,True
LK013A,NS5B,167,V,99.143,99.786,0.643,2568,467,True
LK013A,NS5B,167,A,0.234,0.214,0.02,2568,467,True
LK013A,NS5B,168,R,98.926,99.37,0.444,2606,476,True
LK013A,NS5B,168,K,0.115,0.0,0.115,2606,476,True
LK013A,NS5B,168,G,0.767,0.42,0.347,2606,476,True
LK013A,NS5B,168,W,0.077,0.21,0.133,2606,476,True
LK013A,NS5B,168,S,0.115,0.0,0.115,2606,476,True
LK013A,NS5B,169,E,0.041,0.173,0.132,2428,579,True
LK013A,NS5B,169,G,0.041,0.0,0.041,2428,579,True
LK013A,NS5B,169,L,0.124,0.0,0.124,2428,579,True
LK013A,NS5B,169,V,99.465,99.482,0.017,2428,579,True
LK013A,NS5B,169,A,0.247,0.345,0.098,2428,579,True
LK013A,NS5B,169,M,0.082,0.0,0.082,2428,579,True
LK013A,NS5B,170,R,0.121,0.0,0.121,2472,663,True
LK013A,NS5B,170,G,0.04,0.0,0.04,2472,663,True
LK013A,NS5B,170,*,0.04,0.0,0.04,2472,663,True
LK013A,NS5B,170,C,99.434,99.849,0.416,2472,663,True
LK013A,NS5B,170,S,0.121,0.0,0.121,2472,663,True
LK013A,NS5B,170,Y,0.243,0.0,0.243,2472,663,True
LK013A,NS5B,170,W,0.0,0.151,0.151,2472,663,True
LK013A,NS5B,171,E,99.319,98.846,0.473,2348,693,True
LK013A,NS5B,171,G,0.383,0.144,0.239,2348,693,True
LK013A,NS5B,171,A,0.0,0.289,0.289,2348,693,True
LK013A,NS5B,171,K,0.213,0.289,0.076,2348,693,True
LK013A,NS5B,171,V,0.085,0.433,0.348,2348,693,True
LK013A,NS5B,172,R,0.475,0.0,0.475,2316,676,True
LK013A,NS5B,172,E,0.475,0.0,0.475,2316,676,True
LK013A,NS5B,172,*,0.086,0.0,0.086,2316,676,True
LK013A,NS5B,172,K,98.964,100.0,1.036,2316,676,True
LK013A,NS5B,173,R,99.725,99.746,0.021,2181,787,True
LK013A,NS5B,173,Q,0.183,0.254,0.071,2181,787,True
LK013A,NS5B,173,*,0.092,0.0,0.092,2181,787,True
LK013A,NS5B,174,T,0.0,0.116,0.116,2349,865,True
LK013A,NS5B,174,G,0.043,0.0,0.043,2349,865,True
LK013A,NS5B,174,A,99.957,99.884,0.073,2349,865,True
LK013A,NS5B,175,I,0.128,0.106,0.022,2341,940,True
LK013A,NS5B,175,P,0.384,0.0,0.384,2341,940,True
LK013A,NS5B,175,F,0.0,0.319,0.319,2341,940,True
LK013A,NS5B,175,L,99.487,99.574,0.087,2341,940,True
LK013A,NS5B,176,N,0.086,0.0,0.086,2329,1048,True
LK013A,NS5B,176,C,0.386,0.095,0.291,2329,1048,True
LK013A,NS5B,176,H,0.386,0.286,0.1,2329,1048,True
LK013A,NS5B,176,Y,99.141,99.618,0.477,2329,1048,True
LK013A,NS5B,177,N,0.476,0.192,0.283,2313,1039,True
LK013A,NS5B,177,E,0.173,0.096,0.077,2313,1039,True
LK013A,NS5B,177,G,0.086,0.0,0.086,2313,1039,True
LK013A,NS5B,177,D,99.265,99.711,0.446,2313,1039,True
LK013A,NS5B,178,I,0.295,0.0,0.295,2031,1121,True
LK013A,NS5B,178,G,0.197,0.0,0.197,2031,1121,True
LK013A,NS5B,178,D,0.0,0.178,0.178,2031,1121,True
LK013A,NS5B,178,V,98.72,99.643,0.923,2031,1121,True
LK013A,NS5B,178,A,0.788,0.178,0.609,2031,1121,True
LK013A,NS5B,179,R,0.096,0.0,0.096,2075,1125,True
LK013A,NS5B,179,P,0.048,0.0,0.048,2075,1125,True
LK013A,NS5B,179,A,0.53,0.711,0.181,2075,1125,True
LK013A,NS5B,179,S,0.096,0.0,0.096,2075,1125,True
LK013A,NS5B,179,T,98.988,99.289,0.301,2075,1125,True
LK013A,NS5B,179,I,0.145,0.0,0.145,2075,1125,True
LK013A,NS5B,179,K,0.096,0.0,0.096,2075,1125,True
LK013A,NS5B,180,R,99.952,99.345,0.608,2105,1221,True
LK013A,NS5B,180,H,0.0,0.655,0.655,2105,1221,True
LK013A,NS5B,180,S,0.048,0.0,0.048,2105,1221,True
LK013A,NS5B,181,R,0.788,0.163,0.625,2030,1226,True
LK013A,NS5B,181,E,0.148,0.082,0.066,2030,1226,True
LK013A,NS5B,181,*,0.049,0.082,0.032,2030,1226,True
LK013A,NS5B,181,T,0.099,0.0,0.099,2030,1226,True
LK013A,NS5B,181,N,0.049,0.163,0.114,2030,1226,True
LK013A,NS5B,181,K,98.818,99.511,0.693,2030,1226,True
LK013A,NS5B,181,M,0.049,0.0,0.049,2030,1226,True
LK013A,NS5B,182,L,99.704,99.605,0.099,2027,1267,True
LK013A,NS5B,182,P,0.296,0.395,0.099,2027,1267,True
LK013A,NS5B,183,P,99.68,99.923,0.242,1877,1292,True
LK013A,NS5B,183,S,0.16,0.0,0.16,1877,1292,True
LK013A,NS5B,183,A,0.107,0.077,0.029,1877,1292,True
LK013A,NS5B,183,L,0.053,0.0,0.053,1877,1292,True
LK013A,NS5B,184,R,0.0,0.222,0.222,1920,1354,True
LK013A,NS5B,184,Q,0.104,0.0,0.104,1920,1354,True
LK013A,NS5B,184,P,0.104,0.369,0.265,1920,1354,True
LK013A,NS5B,184,L,99.792,99.409,0.383,1920,1354,True
LK013A,NS5B,185,E,0.0,0.146,0.146,1903,1366,True
LK013A,NS5B,185,A,100.0,99.854,0.146,1903,1366,True
LK013A,NS5B,186,G,0.336,0.0,0.336,1784,1279,True
LK013A,NS5B,186,A,0.168,0.469,0.301,1784,1279,True
LK013A,NS5B,186,V,99.271,99.453,0.181,1784,1279,True
LK013A,NS5B,186,L,0.056,0.0,0.056,1784,1279,True
LK013A,NS5B,186,M,0.168,0.078,0.09,1784,1279,True
LK013A,NS5B,187,T,0.385,0.357,0.028,1816,1400,True
LK013A,NS5B,187,I,0.11,0.0,0.11,1816,1400,True
LK013A,NS5B,187,V,0.385,0.357,0.028,1816,1400,True
LK013A,NS5B,187,M,99.119,99.286,0.167,1816,1400,True
LK013A,NS5B,188,R,0.174,0.0,0.174,1727,1396,True
LK013A,NS5B,188,E,0.174,0.143,0.03,1727,1396,True
LK013A,NS5B,188,G,99.653,99.857,0.204,1727,1396,True
LK013A,NS5B,189,Q,0.114,0.0,0.114,1756,1500,True
LK013A,NS5B,189,P,99.374,99.8,0.426,1756,1500,True
LK013A,NS5B,189,S,0.114,0.0,0.114,1756,1500,True
LK013A,NS5B,189,L,0.399,0.2,0.199,1756,1500,True
LK013A,NS5B,190,T,0.111,0.24,0.128,1794,1669,True
LK013A,NS5B,190,A,99.833,99.641,0.192,1794,1669,True
LK013A,NS5B,190,V,0.056,0.12,0.064,1794,1669,True
LK013A,NS5B,191,C,0.235,0.176,0.059,1699,1700,True
LK013A,NS5B,191,S,0.0,0.059,0.059,1699,1700,True
LK013A,NS5B,191,N,0.118,0.235,0.118,1699,1700,True
LK013A,NS5B,191,H,0.0,0.353,0.353,1699,1700,True
LK013A,NS5B,191,K,0.0,0.059,0.059,1699,1700,True
LK013A,NS5B,191,Y,99.647,99.118,0.529,1699,1700,True
LK013A,NS5B,192,G,99.564,99.563,0.001,1605,1830,True
LK013A,NS5B,192,C,0.062,0.0,0.062,1605,1830,True
LK013A,NS5B,192,A,0.0,0.109,0.109,1605,1830,True
LK013A,NS5B,192,S,0.062,0.109,0.047,1605,1830,True
LK013A,NS5B,192,D,0.312,0.219,0.093,1605,1830,True
LK013A,NS5B,193,F,99.233,99.402,0.168,1435,1838,True
LK013A,NS5B,193,S,0.557,0.054,0.503,1435,1838,True
LK013A,NS5B,193,L,0.07,0.544,0.474,1435,1838,True
LK013A,NS5B,193,Y,0.139,0.0,0.139,1435,1838,True
LK013A,NS5B,194,R,0.468,0.36,0.107,1496,1942,True
LK013A,NS5B,194,Q,99.332,99.64,0.308,1496,1942,True
LK013A,NS5B,194,*,0.134,0.0,0.134,1496,1942,True
LK013A,NS5B,194,K,0.067,0.0,0.067,1496,1942,True
LK013A,NS5B,195,*,0.0,0.05,0.05,1441,1984,True
LK013A,NS5B,195,C,0.416,0.202,0.215,1441,1984,True
LK013A,NS5B,195,H,0.139,0.202,0.063,1441,1984,True
LK013A,NS5B,195,Y,99.445,99.546,0.102,1441,1984,True
LK013A,NS5B,196,P,0.574,0.307,0.267,1394,1957,True
LK013A,NS5B,196,A,0.0,0.051,0.051,1394,1957,True
LK013A,NS5B,196,S,99.283,99.438,0.155,1394,1957,True
LK013A,NS5B,196,T,0.0,0.051,0.051,1394,1957,True
LK013A,NS5B,196,L,0.143,0.153,0.01,1394,1957,True
LK013A,NS5B,197,R,0.074,0.0,0.074,1348,2246,True
LK013A,NS5B,197,P,99.036,99.555,0.519,1348,2246,True
LK013A,NS5B,197,S,0.148,0.312,0.163,1348,2246,True
LK013A,NS5B,197,L,0.297,0.134,0.163,1348,2246,True
LK013A,NS5B,197,T,0.148,0.0,0.148,1348,2246,True
LK013A,NS5B,197,A,0.297,0.0,0.297,1348,2246,True
LK013A,NS5B,198,R,0.23,0.617,0.387,1304,2108,True
LK013A,NS5B,198,E,0.153,0.142,0.011,1304,2108,True
LK013A,NS5B,198,Q,0.0,0.047,0.047,1304,2108,True
LK013A,NS5B,198,*,0.0,0.047,0.047,1304,2108,True
LK013A,NS5B,198,T,0.0,0.047,0.047,1304,2108,True
LK013A,NS5B,198,N,0.0,0.142,0.142,1304,2108,True
LK013A,NS5B,198,K,99.54,98.909,0.631,1304,2108,True
LK013A,NS5B,198,M,0.077,0.047,0.029,1304,2108,True
LK013A,NS5B,199,R,0.671,0.184,0.487,1043,2172,True
LK013A,NS5B,199,E,0.096,0.0,0.096,1043,2172,True
LK013A,NS5B,199,Q,98.754,99.54,0.786,1043,2172,True
LK013A,NS5B,199,*,0.192,0.184,0.008,1043,2172,True
LK013A,NS5B,199,H,0.192,0.0,0.192,1043,2172,True
LK013A,NS5B,199,L,0.096,0.092,0.004,1043,2172,True
LK013A,NS5B,200,R,99.309,99.862,0.553,1013,2167,True
LK013A,NS5B,200,P,0.099,0.046,0.053,1013,2167,True
LK013A,NS5B,200,C,0.197,0.0,0.197,1013,2167,True
LK013A,NS5B,200,H,0.395,0.092,0.303,1013,2167,True
LK013A,NS5B,201,V,99.372,99.325,0.048,956,2073,True
LK013A,NS5B,201,A,0.418,0.434,0.016,956,2073,True
LK013A,NS5B,201,M,0.209,0.241,0.032,956,2073,True
LK013A,NS5B,202,E,99.062,99.442,0.38,853,1972,True
LK013A,NS5B,202,G,0.117,0.254,0.136,853,1972,True
LK013A,NS5B,202,*,0.0,0.051,0.051,853,1972,True
LK013A,NS5B,202,D,0.703,0.152,0.551,853,1972,True
LK013A,NS5B,202,V,0.0,0.051,0.051,853,1972,True
LK013A,NS5B,202,A,0.117,0.051,0.067,853,1972,True
LK013A,NS5B,203,R,99.656,99.333,0.323,872,2098,True
LK013A,NS5B,203,P,0.0,0.048,0.048,872,2098,True
LK013A,NS5B,203,C,0.229,0.477,0.247,872,2098,True
LK013A,NS5B,203,H,0.115,0.143,0.028,872,2098,True
LK013A,NS5B,204,R,0.0,0.051,0.051,868,1948,True
LK013A,NS5B,204,P,0.0,0.462,0.462,868,1948,True
LK013A,NS5B,204,L,99.77,99.179,0.591,868,1948,True
LK013A,NS5B,204,V,0.115,0.051,0.064,868,1948,True
LK013A,NS5B,204,M,0.115,0.257,0.141,868,1948,True
LK013A,NS5B,205,R,0.0,0.045,0.045,817,2218,True
LK013A,NS5B,205,P,0.612,0.766,0.154,817,2218,True
LK013A,NS5B,205,H,0.0,0.045,0.045,817,2218,True
LK013A,NS5B,205,L,99.388,99.143,0.245,817,2218,True
LK013A,NS5B,206,R,0.241,0.627,0.386,829,2393,True
LK013A,NS5B,206,E,0.0,0.042,0.042,829,2393,True
LK013A,NS5B,206,Q,99.397,98.83,0.567,829,2393,True
LK013A,NS5B,206,*,0.121,0.334,0.214,829,2393,True
LK013A,NS5B,206,H,0.241,0.0,0.241,829,2393,True
LK013A,NS5B,206,L,0.0,0.167,0.167,829,2393,True
LK013A,NS5B,207,T,0.0,0.623,0.623,787,2409,True
LK013A,NS5B,207,I,0.254,0.0,0.254,787,2409,True
LK013A,NS5B,207,V,0.0,0.125,0.125,787,2409,True
LK013A,NS5B,207,A,0.0,0.083,0.083,787,2409,True
LK013A,NS5B,207,M,99.746,99.17,0.576,787,2409,True
LK013A,NS5B,208,R,0.158,0.275,0.117,632,2180,True
LK013A,NS5B,208,G,0.949,0.046,0.903,632,2180,True
LK013A,NS5B,208,*,0.316,0.229,0.087,632,2180,True
LK013A,NS5B,208,W,98.576,99.45,0.874,632,2180,True
LK013A,NS5B,209,R,99.221,99.491,0.269,642,2356,True
LK013A,NS5B,209,P,0.0,0.042,0.042,642,2356,True
LK013A,NS5B,209,C,0.0,0.127,0.127,642,2356,True
LK013A,NS5B,209,H,0.467,0.34,0.128,642,2356,True
LK013A,NS5B,209,L,0.312,0.0,0.312,642,2356,True
LK013A,NS5B,210,T,0.0,0.13,0.13,606,2304,True
LK013A,NS5B,210,E,1.155,0.217,0.938,606,2304,True
LK013A,NS5B,210,V,0.0,0.087,0.087,606,2304,True
LK013A,NS5B,210,A,98.845,99.566,0.721,606,2304,True
LK013A,NS5B,211,R,1.675,0.559,1.116,597,2325,True
LK013A,NS5B,211,E,1.005,0.0,1.005,597,2325,True
LK013A,NS5B,211,Q,0.0,0.043,0.043,597,2325,True
LK013A,NS5B,211,*,0.0,0.043,0.043,597,2325,True
LK013A,NS5B,211,K,97.152,99.312,2.159,597,2325,True
LK013A,NS5B,211,M,0.168,0.043,0.124,597,2325,True
LK013B,NS5B,162,*,0.057,0.0,0.057,3483,157,True
LK013B,NS5B,162,C,0.115,0.0,0.115,3483,157,True
LK013B,NS5B,162,H,0.115,0.0,0.115,3483,157,True
LK013B,NS5B,162,Y,99.713,100.0,0.287,3483,157,True
LK013B,NS5B,163,P,99.684,100.0,0.316,3167,172,True
LK013B,NS5B,163,A,0.032,0.0,0.032,3167,172,True
LK013B,NS5B,163,S,0.158,0.0,0.158,3167,172,True
LK013B,NS5B,163,L,0.126,0.0,0.126,3167,172,True
LK013B,NS5B,164,E,0.064,0.0,0.064,3107,191,True
LK013B,NS5B,164,G,0.225,1.047,0.822,3107,191,True
LK013B,NS5B,164,N,0.032,0.0,0.032,3107,191,True
LK013B,NS5B,164,D,99.614,98.429,1.184,3107,191,True
LK013B,NS5B,164,H,0.032,0.0,0.032,3107,191,True
LK013B,NS5B,164,A,0.032,0.524,0.491,3107,191,True
LK013B,NS5B,165,R,0.305,0.0,0.305,3279,244,True
LK013B,NS5B,165,Q,0.061,0.0,0.061,3279,244,True
LK013B,NS5B,165,P,0.152,0.0,0.152,3279,244,True
LK013B,NS5B,165,L,99.482,100.0,0.518,3279,244,True
LK013B,NS5B,166,R,0.249,0.0,0.249,3207,458,True
LK013B,NS5B,166,E,0.031,0.437,0.405,3207,458,True
LK013B,NS5B,166,G,99.501,99.563,0.062,3207,458,True
LK013B,NS5B,166,A,0.125,0.0,0.125,3207,458,True
LK013B,NS5B,166,V,0.094,0.0,0.094,3207,458,True
LK013B,NS5B,167,E,0.058,0.0,0.058,3436,701,True
LK013B,NS5B,167,I,0.495,11.127,10.632,3436,701,True
LK013B,NS5B,167,V,99.36,88.873,10.487,3436,701,True
LK013B,NS5B,167,A,0.087,0.0,0.087,3436,701,True
LK013B,NS5B,168,R,99.557,99.571,0.014,3387,699,True
LK013B,NS5B,168,K,0.059,0.429,0.37,3387,699,True
LK013B,NS5B,168,G,0.148,0.0,0.148,3387,699,True
LK013B,NS5B,168,W,0.148,0.0,0.148,3387,699,True
LK013B,NS5B,168,S,0.089,0.0,0.089,3387,699,True
LK013B,NS5B,169,E,0.096,0.0,0.096,3111,866,True
LK013B,NS5B,169,V,99.614,99.885,0.27,3111,866,True
LK013B,NS5B,169,A,0.289,0.0,0.289,3111,866,True
LK013B,NS5B,169,M,0.0,0.115,0.115,3111,866,True
LK013B,NS5B,170,C,99.315,100.0,0.685,3210,1001,True
LK013B,NS5B,170,R,0.467,0.0,0.467,3210,1001,True
LK013B,NS5B,170,Y,0.218,0.0,0.218,3210,1001,True
LK013B,NS5B,171,E,99.242,99.804,0.562,3035,1022,True
LK013B,NS5B,171,G,0.395,0.098,0.298,3035,1022,True
LK013B,NS5B,171,V,0.099,0.098,0.001,3035,1022,True
LK013B,NS5B,171,K,0.264,0.0,0.264,3035,1022,True
LK013B,NS5B,172,R,0.137,0.0,0.137,2930,1007,True
LK013B,NS5B,172,E,0.444,0.298,0.146,2930,1007,True
LK013B,NS5B,172,*,0.171,0.099,0.071,2930,1007,True
LK013B,NS5B,172,N,0.068,0.099,0.031,2930,1007,True
LK013B,NS5B,172,K,99.181,99.503,0.323,2930,1007,True
LK013B,NS5B,173,R,99.448,99.345,0.103,2899,1069,True
LK013B,NS5B,173,G,0.069,0.0,0.069,2899,1069,True
LK013B,NS5B,173,Q,0.172,0.281,0.108,2899,1069,True
LK013B,NS5B,173,P,0.034,0.0,0.034,2899,1069,True
LK013B,NS5B,173,*,0.138,0.094,0.044,2899,1069,True
LK013B,NS5B,173,L,0.138,0.281,0.143,2899,1069,True
LK013B,NS5B,174,T,1.824,0.08,1.744,3070,1251,True
LK013B,NS5B,174,G,0.065,0.0,0.065,3070,1251,True
LK013B,NS5B,174,V,0.065,0.0,0.065,3070,1251,True
LK013B,NS5B,174,S,0.033,0.0,0.033,3070,1251,True
LK013B,NS5B,174,A,98.013,99.92,1.907,3070,1251,True
LK013B,NS5B,175,R,0.069,0.0,0.069,2889,1255,True
LK013B,NS5B,175,P,0.208,0.797,0.589,2889,1255,True
LK013B,NS5B,175,F,0.069,0.159,0.09,2889,1255,True
LK013B,NS5B,175,I,0.069,0.0,0.069,2889,1255,True
LK013B,NS5B,175,H,0.069,0.159,0.09,2889,1255,True
LK013B,NS5B,175,L,99.515,98.884,0.631,2889,1255,True
LK013B,NS5B,176,*,0.067,0.0,0.067,2991,1524,True
LK013B,NS5B,176,C,0.167,0.131,0.036,2991,1524,True
LK013B,NS5B,176,F,0.033,0.0,0.033,2991,1524,True
LK013B,NS5B,176,S,0.067,0.0,0.067,2991,1524,True
LK013B,NS5B,176,N,0.033,0.0,0.033,2991,1524,True
LK013B,NS5B,176,H,0.301,0.328,0.027,2991,1524,True
LK013B,NS5B,176,Y,99.331,99.541,0.209,2991,1524,True
LK013B,NS5B,177,E,0.101,0.069,0.032,2974,1455,True
LK013B,NS5B,177,G,0.605,0.481,0.124,2974,1455,True
LK013B,NS5B,177,N,0.134,0.206,0.072,2974,1455,True
LK013B,NS5B,177,H,0.067,0.0,0.067,2974,1455,True
LK013B,NS5B,177,D,99.092,99.175,0.083,2974,1455,True
LK013B,NS5B,177,Y,0.0,0.069,0.069,2974,1455,True
LK013B,NS5B,178,G,0.073,0.0,0.073,2737,1700,True
LK013B,NS5B,178,A,0.585,0.235,0.349,2737,1700,True
LK013B,NS5B,178,I,0.146,0.176,0.03,2737,1700,True
LK013B,NS5B,178,V,99.014,99.471,0.457,2737,1700,True
LK013B,NS5B,178,D,0.183,0.118,0.065,2737,1700,True
LK013B,NS5B,179,R,0.036,0.0,0.036,2805,1805,True
LK013B,NS5B,179,P,0.0,0.166,0.166,2805,1805,True
LK013B,NS5B,179,S,0.071,0.0,0.071,2805,1805,True
LK013B,NS5B,179,T,99.537,99.28,0.257,2805,1805,True
LK013B,NS5B,179,I,0.107,0.166,0.059,2805,1805,True
LK013B,NS5B,179,A,0.214,0.277,0.063,2805,1805,True
LK013B,NS5B,179,M,0.036,0.111,0.075,2805,1805,True
LK013B,NS5B,180,R,97.771,99.798,2.027,2826,1977,True
LK013B,NS5B,180,G,0.071,0.0,0.071,2826,1977,True
LK013B,NS5B,180,P,0.071,0.0,0.071,2826,1977,True
LK013B,NS5B,180,C,1.699,0.101,1.597,2826,1977,True
LK013B,NS5B,180,H,0.389,0.101,0.288,2826,1977,True
LK013B,NS5B,181,R,0.449,0.154,0.295,2673,1948,True
LK013B,NS5B,181,E,0.449,0.154,0.295,2673,1948,True
LK013B,NS5B,181,*,0.075,0.051,0.023,2673,1948,True
LK013B,NS5B,181,K,98.915,99.589,0.674,2673,1948,True
LK013B,NS5B,181,M,0.112,0.051,0.061,2673,1948,True
LK013B,NS5B,182,Q,0.037,0.0,0.037,2691,1996,True
LK013B,NS5B,182,P,0.111,0.251,0.139,2691,1996,True
LK013B,NS5B,182,L,99.851,99.749,0.102,2691,1996,True
LK013B,NS5B,183,R,0.04,0.0,0.04,2498,2105,True
LK013B,NS5B,183,L,0.0,0.095,0.095,2498,2105,True
LK013B,NS5B,183,P,99.96,99.905,0.055,2498,2105,True
LK013B,NS5B,184,Q,0.039,0.139,0.1,2567,2156,True
LK013B,NS5B,184,P,0.117,0.093,0.024,2567,2156,True
LK013B,NS5B,184,L,99.844,99.768,0.076,2567,2156,True
LK013B,NS5B,185,T,0.0,0.109,0.109,2557,2756,True
LK013B,NS5B,185,P,0.078,0.073,0.006,2557,2756,True
LK013B,NS5B,185,A,99.726,99.673,0.053,2557,2756,True
LK013B,NS5B,185,V,0.196,0.145,0.05,2557,2756,True
LK013B,NS5B,186,E,0.084,0.036,0.048,2383,2772,True
LK013B,NS5B,186,G,0.084,0.072,0.012,2383,2772,True
LK013B,NS5B,186,L,0.084,0.0,0.084,2383,2772,True
LK013B,NS5B,186,I,0.0,0.072,0.072,2383,2772,True
LK013B,NS5B,186,V,99.664,99.603,0.061,2383,2772,True
LK013B,NS5B,186,A,0.084,0.216,0.133,2383,2772,True
LK013B,NS5B,187,R,0.042,0.0,0.042,2405,2867,True
LK013B,NS5B,187,L,0.042,0.14,0.098,2405,2867,True
LK013B,NS5B,187,T,0.125,0.174,0.05,2405,2867,True
LK013B,NS5B,187,I,0.0,0.035,0.035,2405,2867,True
LK013B,NS5B,187,V,0.166,0.105,0.062,2405,2867,True
LK013B,NS5B,187,K,0.083,0.035,0.048,2405,2867,True
LK013B,NS5B,187,M,99.543,99.512,0.031,2405,2867,True
LK013B,NS5B,188,R,0.23,0.064,0.166,2177,3146,True
LK013B,NS5B,188,E,0.0,0.064,0.064,2177,3146,True
LK013B,NS5B,188,G,99.678,99.873,0.194,2177,3146,True
LK013B,NS5B,188,*,0.046,0.0,0.046,2177,3146,True
LK013B,NS5B,188,A,0.046,0.0,0.046,2177,3146,True
LK013B,NS5B,189,T,0.044,0.0,0.044,2286,3634,True
LK013B,NS5B,189,P,99.65,99.615,0.035,2286,3634,True
LK013B,NS5B,189,S,0.0,0.22,0.22,2286,3634,True
LK013B,NS5B,189,A,0.044,0.0,0.044,2286,3634,True
LK013B,NS5B,189,L,0.262,0.165,0.097,2286,3634,True
LK013B,NS5B,190,T,0.0,0.302,0.302,2262,3978,True
LK013B,NS5B,190,G,0.0,0.05,0.05,2262,3978,True
LK013B,NS5B,190,P,0.0,0.05,0.05,2262,3978,True
LK013B,NS5B,190,S,0.0,0.025,0.025,2262,3978,True
LK013B,NS5B,190,A,100.0,99.573,0.427,2262,3978,True
LK013B,NS5B,191,C,0.093,0.25,0.157,2152,3999,True
LK013B,NS5B,191,N,0.046,0.075,0.029,2152,3999,True
LK013B,NS5B,191,H,0.186,0.075,0.111,2152,3999,True
LK013B,NS5B,191,Y,99.675,99.6,0.075,2152,3999,True
LK013B,NS5B,192,G,99.76,99.858,0.098,2084,4227,True
LK013B,NS5B,192,D,0.144,0.0,0.144,2084,4227,True
LK013B,NS5B,192,V,0.048,0.0,0.048,2084,4227,True
LK013B,NS5B,192,S,0.0,0.095,0.095,2084,4227,True
LK013B,NS5B,192,A,0.048,0.047,0.001,2084,4227,True
LK013B,NS5B,193,F,99.099,99.413,0.314,1775,4258,True
LK013B,NS5B,193,S,0.845,0.141,0.704,1775,4258,True
LK013B,NS5B,193,I,0.0,0.023,0.023,1775,4258,True
LK013B,NS5B,193,L,0.056,0.399,0.343,1775,4258,True
LK013B,NS5B,193,Y,0.0,0.023,0.023,1775,4258,True
LK013B,NS5B,194,R,0.412,0.226,0.186,1943,4423,True
LK013B,NS5B,194,Q,97.89,99.616,1.726,1943,4423,True
LK013B,NS5B,194,P,0.0,0.023,0.023,1943,4423,True
LK013B,NS5B,194,*,0.154,0.045,0.109,1943,4423,True
LK013B,NS5B,194,H,1.544,0.0,1.544,1943,4423,True
LK013B,NS5B,194,L,0.0,0.09,0.09,1943,4423,True
LK013B,NS5B,195,*,0.107,0.044,0.063,1862,4499,True
LK013B,NS5B,195,C,0.0,0.111,0.111,1862,4499,True
LK013B,NS5B,195,F,0.0,0.022,0.022,1862,4499,True
LK013B,NS5B,195,S,0.0,0.022,0.022,1862,4499,True
LK013B,NS5B,195,N,0.0,0.044,0.044,1862,4499,True
LK013B,NS5B,195,H,0.215,0.022,0.193,1862,4499,True
LK013B,NS5B,195,Y,99.678,99.733,0.056,1862,4499,True
LK013B,NS5B,196,P,0.346,0.227,0.119,1735,4410,True
LK013B,NS5B,196,A,0.0,0.023,0.023,1735,4410,True
LK013B,NS5B,196,S,99.251,99.524,0.273,1735,4410,True
LK013B,NS5B,196,T,0.058,0.091,0.033,1735,4410,True
LK013B,NS5B,196,W,0.0,0.023,0.023,1735,4410,True
LK013B,NS5B,196,L,0.346,0.113,0.232,1735,4410,True
LK013B,NS5B,197,P,99.882,99.73,0.152,1699,5552,True
LK013B,NS5B,197,S,0.0,0.054,0.054,1699,5552,True
LK013B,NS5B,197,L,0.118,0.216,0.098,1699,5552,True
LK013B,NS5B,198,R,0.189,0.171,0.018,1584,5250,True
LK013B,NS5B,198,E,0.063,0.305,0.242,1584,5250,True
LK013B,NS5B,198,*,0.0,0.038,0.038,1584,5250,True
LK013B,NS5B,198,T,0.0,0.019,0.019,1584,5250,True
LK013B,NS5B,198,N,0.253,0.019,0.233,1584,5250,True
LK013B,NS5B,198,I,0.0,0.076,0.076,1584,5250,True
LK013B,NS5B,198,K,99.495,99.333,0.162,1584,5250,True
LK013B,NS5B,198,M,0.0,0.038,0.038,1584,5250,True
LK013B,NS5B,199,R,0.158,0.223,0.065,1269,5390,True
LK013B,NS5B,199,E,0.0,0.019,0.019,1269,5390,True
LK013B,NS5B,199,Q,99.685,99.555,0.13,1269,5390,True
LK013B,NS5B,199,*,0.158,0.111,0.046,1269,5390,True
LK013B,NS5B,199,H,0.0,0.037,0.037,1269,5390,True
LK013B,NS5B,199,L,0.0,0.056,0.056,1269,5390,True
LK013B,NS5B,200,R,98.491,99.761,1.27,1193,5436,True
LK013B,NS5B,200,G,0.0,0.092,0.092,1193,5436,True
LK013B,NS5B,200,C,0.168,0.074,0.094,1193,5436,True
LK013B,NS5B,200,S,0.0,0.037,0.037,1193,5436,True
LK013B,NS5B,200,H,1.341,0.037,1.304,1193,5436,True
LK013B,NS5B,201,E,0.196,0.0,0.196,1020,5120,True
LK013B,NS5B,201,G,0.0,0.02,0.02,1020,5120,True
LK013B,NS5B,201,L,0.098,0.02,0.079,1020,5120,True
LK013B,NS5B,201,V,99.314,99.512,0.198,1020,5120,True
LK013B,NS5B,201,A,0.294,0.293,0.001,1020,5120,True
LK013B,NS5B,201,M,0.098,0.156,0.058,1020,5120,True
LK013B,NS5B,202,E,26.174,13.223,12.952,894,5014,True
LK013B,NS5B,202,G,0.336,0.12,0.216,894,5014,True
LK013B,NS5B,202,A,0.336,0.0,0.336,894,5014,True
LK013B,NS5B,202,N,0.224,0.0,0.224,894,5014,True
LK013B,NS5B,202,D,72.483,86.617,14.134,894,5014,True
LK013B,NS5B,202,V,0.336,0.02,0.316,894,5014,True
LK013B,NS5B,202,H,0.0,0.02,0.02,894,5014,True
LK013B,NS5B,202,K,0.112,0.0,0.112,894,5014,True
LK013B,NS5B,203,R,99.265,99.609,0.344,952,5366,True
LK013B,NS5B,203,C,0.315,0.205,0.11,952,5366,True
LK013B,NS5B,203,S,0.0,0.056,0.056,952,5366,True
LK013B,NS5B,203,H,0.42,0.037,0.383,952,5366,True
LK013B,NS5B,203,L,0.0,0.093,0.093,952,5366,True
LK013B,NS5B,204,P,0.107,0.039,0.069,933,5189,True
LK013B,NS5B,204,*,0.0,0.019,0.019,933,5189,True
LK013B,NS5B,204,F,0.0,0.039,0.039,933,5189,True
LK013B,NS5B,204,S,0.0,0.039,0.039,933,5189,True
LK013B,NS5B,204,W,0.0,0.058,0.058,933,5189,True
LK013B,NS5B,204,V,0.0,0.039,0.039,933,5189,True
LK013B,NS5B,204,L,99.893,99.749,0.143,933,5189,True
LK013B,NS5B,204,M,0.0,0.019,0.019,933,5189,True
LK013B,NS5B,205,R,0.0,0.051,0.051,838,5882,True
LK013B,NS5B,205,P,0.597,0.204,0.393,838,5882,True
LK013B,NS5B,205,F,0.119,0.034,0.085,838,5882,True
LK013B,NS5B,205,H,0.239,0.085,0.154,838,5882,True
LK013B,NS5B,205,L,99.045,99.626,0.581,838,5882,True
LK013B,NS5B,206,R,0.213,0.207,0.006,937,6278,True
LK013B,NS5B,206,Q,99.36,99.65,0.29,937,6278,True
LK013B,NS5B,206,P,0.213,0.016,0.198,937,6278,True
LK013B,NS5B,206,*,0.213,0.064,0.15,937,6278,True
LK013B,NS5B,206,H,0.0,0.032,0.032,937,6278,True
LK013B,NS5B,206,K,0.0,0.032,0.032,937,6278,True
LK013B,NS5B,207,T,0.447,0.189,0.258,895,6346,True
LK013B,NS5B,207,I,1.564,0.047,1.517,895,6346,True
LK013B,NS5B,207,K,0.0,0.016,0.016,895,6346,True
LK013B,NS5B,207,V,0.67,0.473,0.198,895,6346,True
LK013B,NS5B,207,M,97.318,99.275,1.957,895,6346,True
LK013B,NS5B,208,R,0.789,0.492,0.297,760,5894,True
LK013B,NS5B,208,G,0.263,0.102,0.161,760,5894,True
LK013B,NS5B,208,*,0.132,0.085,0.047,760,5894,True
LK013B,NS5B,208,C,0.0,0.034,0.034,760,5894,True
LK013B,NS5B,208,S,0.263,0.034,0.229,760,5894,True
LK013B,NS5B,208,W,98.553,99.186,0.633,760,5894,True
LK013B,NS5B,208,L,0.0,0.068,0.068,760,5894,True
LK013B,NS5B,209,R,99.736,99.438,0.298,757,6401,True
LK013B,NS5B,209,P,0.0,0.094,0.094,757,6401,True
LK013B,NS5B,209,C,0.0,0.281,0.281,757,6401,True
LK013B,NS5B,209,H,0.264,0.187,0.077,757,6401,True
LK013B,NS5B,210,E,0.0,0.032,0.032,692,6236,True
LK013B,NS5B,210,P,0.0,0.032,0.032,692,6236,True
LK013B,NS5B,210,S,0.0,0.048,0.048,692,6236,True
LK013B,NS5B,210,T,0.145,0.273,0.128,692,6236,True
LK013B,NS5B,210,V,0.0,0.096,0.096,692,6236,True
LK013B,NS5B,210,A,99.855,99.519,0.337,692,6236,True
LK013B,NS5B,211,R,0.761,0.379,0.382,657,6603,True
LK013B,NS5B,211,E,0.0,0.318,0.318,657,6603,True
LK013B,NS5B,211,Q,0.152,0.045,0.107,657,6603,True
LK013B,NS5B,211,*,0.0,0.045,0.045,657,6603,True
LK013B,NS5B,211,N,0.0,0.045,0.045,657,6603,True
LK013B,NS5B,211,K,99.087,99.152,0.065,657,6603,True
LK013B,NS5B,211,M,0.0,0.015,0.015,657,6603,True
LK016A,NS5B,162,H,0.0,1.695,1.695,254,177,True
LK016A,NS5B,162,Y,100.0,98.305,1.695,254,177,True
LK016A,NS5B,163,S,0.866,0.0,0.866,231,202,True
LK016A,NS5B,163,L,0.433,0.0,0.433,231,202,True
LK016A,NS5B,163,P,98.701,100.0,1.299,231,202,True
LK016A,NS5B,164,N,0.873,0.0,0.873,229,209,True
LK016A,NS5B,164,E,0.0,0.957,0.957,229,209,True
LK016A,NS5B,164,D,98.69,97.608,1.082,229,209,True
LK016A,NS5B,164,A,0.437,0.0,0.437,229,209,True
LK016A,NS5B,164,Y,0.0,1.435,1.435,229,209,True
LK016A,NS5B,165,L,98.79,100.0,1.21,248,270,True
LK016A,NS5B,165,Q,0.806,0.0,0.806,248,270,True
LK016A,NS5B,165,P,0.403,0.0,0.403,248,270,True
LK016A,NS5B,166,R,0.424,0.245,0.179,236,408,True
LK016A,NS5B,166,E,0.0,2.941,2.941,236,408,True
LK016A,NS5B,166,G,99.576,93.873,5.704,236,408,True
LK016A,NS5B,166,*,0.0,0.245,0.245,236,408,True
LK016A,NS5B,166,V,0.0,0.245,0.245,236,408,True
LK016A,NS5B,166,A,0.0,2.451,2.451,236,408,True
LK016A,NS5B,167,A,0.76,0.0,0.76,263,683,True
LK016A,NS5B,167,V,99.24,100.0,0.76,263,683,True
LK016A,NS5B,168,R,99.592,99.727,0.135,245,732,True
LK016A,NS5B,168,G,0.0,0.273,0.273,245,732,True
LK016A,NS5B,168,K,0.408,0.0,0.408,245,732,True
LK016A,NS5B,169,E,0.0,0.379,0.379,231,1056,True
LK016A,NS5B,169,V,99.567,98.864,0.703,231,1056,True
LK016A,NS5B,169,A,0.433,0.568,0.135,231,1056,True
LK016A,NS5B,169,M,0.0,0.189,0.189,231,1056,True
LK016A,NS5B,170,R,0.0,0.163,0.163,239,1226,True
LK016A,NS5B,170,G,0.0,0.082,0.082,239,1226,True
LK016A,NS5B,170,C,100.0,99.674,0.326,239,1226,True
LK016A,NS5B,170,S,0.0,0.082,0.082,239,1226,True
LK016A,NS5B,171,E,100.0,99.434,0.566,215,1237,True
LK016A,NS5B,171,G,0.0,0.243,0.243,215,1237,True
LK016A,NS5B,171,D,0.0,0.081,0.081,215,1237,True
LK016A,NS5B,171,V,0.0,0.081,0.081,215,1237,True
LK016A,NS5B,171,K,0.0,0.162,0.162,215,1237,True
LK016A,NS5B,172,R,0.0,0.154,0.154,206,1295,True
LK016A,NS5B,172,N,0.0,0.077,0.077,206,1295,True
LK016A,NS5B,172,E,0.0,0.077,0.077,206,1295,True
LK016A,NS5B,172,K,100.0,99.691,0.309,206,1295,True
LK016A,NS5B,173,R,100.0,99.396,0.604,211,1490,True
LK016A,NS5B,173,G,0.0,0.134,0.134,211,1490,True
LK016A,NS5B,173,Q,0.0,0.067,0.067,211,1490,True
LK016A,NS5B,173,P,0.0,0.134,0.134,211,1490,True
LK016A,NS5B,173,W,0.0,0.268,0.268,211,1490,True
LK016A,NS5B,174,T,0.0,0.13,0.13,203,1544,True
LK016A,NS5B,174,P,0.0,0.194,0.194,203,1544,True
LK016A,NS5B,174,V,0.0,0.065,0.065,203,1544,True
LK016A,NS5B,174,A,100.0,99.611,0.389,203,1544,True
LK016A,NS5B,175,F,0.0,0.11,0.11,211,1824,True
LK016A,NS5B,175,P,1.896,0.603,1.293,211,1824,True
LK016A,NS5B,175,H,0.0,0.11,0.11,211,1824,True
LK016A,NS5B,175,L,98.104,99.178,1.073,211,1824,True
LK016A,NS5B,176,N,0.0,0.103,0.103,220,1945,True
LK016A,NS5B,176,*,0.0,0.103,0.103,220,1945,True
LK016A,NS5B,176,C,0.0,0.051,0.051,220,1945,True
LK016A,NS5B,176,H,0.0,0.051,0.051,220,1945,True
LK016A,NS5B,176,Y,100.0,99.692,0.308,220,1945,True
LK016A,NS5B,177,N,0.0,1.055,1.055,202,1895,True
LK016A,NS5B,177,G,0.99,0.317,0.673,202,1895,True
LK016A,NS5B,177,V,0.0,0.106,0.106,202,1895,True
LK016A,NS5B,177,H,0.0,0.053,0.053,202,1895,True
LK016A,NS5B,177,D,99.01,98.47,0.54,202,1895,True
LK016A,NS5B,178,A,0.0,0.585,0.585,161,2051,True
LK016A,NS5B,178,I,0.0,0.195,0.195,161,2051,True
LK016A,NS5B,178,V,100.0,99.22,0.78,161,2051,True
LK016A,NS5B,179,T,99.495,99.162,0.333,198,2148,True
LK016A,NS5B,179,R,0.0,0.093,0.093,198,2148,True
LK016A,NS5B,179,S,0.0,0.093,0.093,198,2148,True
LK016A,NS5B,179,A,0.505,0.14,0.365,198,2148,True
LK016A,NS5B,179,M,0.0,0.512,0.512,198,2148,True
LK016A,NS5B,180,R,99.517,99.18,0.337,207,2317,True
LK016A,NS5B,180,G,0.0,0.043,0.043,207,2317,True
LK016A,NS5B,180,P,0.0,0.043,0.043,207,2317,True
LK016A,NS5B,180,C,0.0,0.216,0.216,207,2317,True
LK016A,NS5B,180,H,0.483,0.518,0.035,207,2317,True
LK016A,NS5B,181,R,0.0,0.259,0.259,187,2320,True
LK016A,NS5B,181,E,0.0,0.043,0.043,187,2320,True
LK016A,NS5B,181,K,99.465,99.612,0.147,187,2320,True
LK016A,NS5B,181,M,0.535,0.086,0.449,187,2320,True
LK016A,NS5B,182,Q,0.0,0.164,0.164,195,2440,True
LK016A,NS5B,182,P,0.0,0.41,0.41,195,2440,True
LK016A,NS5B,182,V,0.0,0.082,0.082,195,2440,True
LK016A,NS5B,182,L,100.0,99.262,0.738,195,2440,True
LK016A,NS5B,182,M,0.0,0.082,0.082,195,2440,True
LK016A,NS5B,183,R,0.0,0.04,0.04,182,2527,True
LK016A,NS5B,183,P,100.0,99.683,0.317,182,2527,True
LK016A,NS5B,183,H,0.0,0.04,0.04,182,2527,True
LK016A,NS5B,183,F,0.0,0.04,0.04,182,2527,True
LK016A,NS5B,183,A,0.0,0.04,0.04,182,2527,True
LK016A,NS5B,183,L,0.0,0.158,0.158,182,2527,True
LK016A,NS5B,184,E,0.543,0.0,0.543,184,2486,False
LK016A,NS5B,184,A,0.0,0.201,0.201,184,2486,False
LK016A,NS5B,184,V,35.326,99.155,63.829,184,2486,False
LK016A,NS5B,184,L,64.13,0.241,63.889,184,2486,False
LK016A,NS5B,184,M,0.0,0.402,0.402,184,2486,False
LK016A,NS5B,185,T,1.099,0.0,1.099,182,2632,True
LK016A,NS5B,185,E,0.0,0.114,0.114,182,2632,True
LK016A,NS5B,185,V,0.0,0.038,0.038,182,2632,True
LK016A,NS5B,185,A,98.901,99.848,0.947,182,2632,True
LK016A,NS5B,186,I,1.25,0.114,1.136,160,2623,True
LK016A,NS5B,186,A,0.0,0.229,0.229,160,2623,True
LK016A,NS5B,186,V,98.75,99.657,0.907,160,2623,True
LK016A,NS5B,187,T,0.0,0.543,0.543,175,2760,True
LK016A,NS5B,187,I,0.0,0.145,0.145,175,2760,True
LK016A,NS5B,187,V,0.0,0.29,0.29,175,2760,True
LK016A,NS5B,187,L,0.0,0.072,0.072,175,2760,True
LK016A,NS5B,187,M,100.0,98.949,1.051,175,2760,True
LK016A,NS5B,188,R,0.61,0.184,0.425,164,2711,True
LK016A,NS5B,188,E,0.0,0.037,0.037,164,2711,True
LK016A,NS5B,188,G,99.39,99.631,0.241,164,2711,True
LK016A,NS5B,188,*,0.0,0.148,0.148,164,2711,True
LK016A,NS5B,189,Q,0.0,0.11,0.11,159,2736,True
LK016A,NS5B,189,P,100.0,99.744,0.256,159,2736,True
LK016A,NS5B,189,S,0.0,0.073,0.073,159,2736,True
LK016A,NS5B,189,L,0.0,0.073,0.073,159,2736,True
LK016A,NS5B,190,T,0.0,0.201,0.201,164,2986,True
LK016A,NS5B,190,N,0.0,0.067,0.067,164,2986,True
LK016A,NS5B,190,A,100.0,99.732,0.268,164,2986,True
LK016A,NS5B,191,N,0.0,0.032,0.032,158,3114,True
LK016A,NS5B,191,*,0.0,0.096,0.096,158,3114,True
LK016A,NS5B,191,C,0.0,0.193,0.193,158,3114,True
LK016A,NS5B,191,H,0.0,0.193,0.193,158,3114,True
LK016A,NS5B,191,D,1.266,0.0,1.266,158,3114,True
LK016A,NS5B,191,Y,98.734,99.486,0.752,158,3114,True
LK016A,NS5B,192,G,100.0,99.852,0.148,149,3387,True
LK016A,NS5B,192,C,0.0,0.03,0.03,149,3387,True
LK016A,NS5B,192,S,0.0,0.089,0.089,149,3387,True
LK016A,NS5B,192,V,0.0,0.03,0.03,149,3387,True
LK016A,NS5B,193,I,0.0,0.131,0.131,139,3820,True
LK016A,NS5B,193,F,100.0,98.848,1.152,139,3820,True
LK016A,NS5B,193,S,0.0,0.419,0.419,139,3820,True
LK016A,NS5B,193,L,0.0,0.524,0.524,139,3820,True
LK016A,NS5B,193,Y,0.0,0.079,0.079,139,3820,True
LK016A,NS5B,194,R,0.0,0.282,0.282,147,4250,True
LK016A,NS5B,194,Q,98.639,99.6,0.961,147,4250,True
LK016A,NS5B,194,P,0.0,0.024,0.024,147,4250,True
LK016A,NS5B,194,*,0.0,0.071,0.071,147,4250,True
LK016A,NS5B,194,L,1.361,0.024,1.337,147,4250,True
LK016A,NS5B,195,*,0.0,0.046,0.046,150,4357,True
LK016A,NS5B,195,C,0.0,0.298,0.298,150,4357,True
LK016A,NS5B,195,F,0.0,0.069,0.069,150,4357,True
LK016A,NS5B,195,N,0.0,0.046,0.046,150,4357,True
LK016A,NS5B,195,H,0.0,0.092,0.092,150,4357,True
LK016A,NS5B,195,D,0.0,0.023,0.023,150,4357,True
LK016A,NS5B,195,Y,100.0,99.426,0.574,150,4357,True
LK016A,NS5B,196,T,0.0,0.071,0.071,131,4247,True
LK016A,NS5B,196,P,0.0,0.306,0.306,131,4247,True
LK016A,NS5B,196,A,0.0,0.024,0.024,131,4247,True
LK016A,NS5B,196,S,99.237,99.506,0.269,131,4247,True
LK016A,NS5B,196,L,0.763,0.094,0.669,131,4247,True
LK016A,NS5B,197,T,0.0,0.04,0.04,138,5023,True
LK016A,NS5B,197,P,100.0,99.701,0.299,138,5023,True
LK016A,NS5B,197,S,0.0,0.119,0.119,138,5023,True
LK016A,NS5B,197,L,0.0,0.139,0.139,138,5023,True
LK016A,NS5B,198,R,0.0,0.269,0.269,121,4832,True
LK016A,NS5B,198,E,0.0,0.103,0.103,121,4832,True
LK016A,NS5B,198,T,0.0,0.021,0.021,121,4832,True
LK016A,NS5B,198,*,0.0,0.021,0.021,121,4832,True
LK016A,NS5B,198,K,100.0,99.358,0.642,121,4832,True
LK016A,NS5B,198,M,0.0,0.228,0.228,121,4832,True
LK016A,NS5B,199,R,0.0,0.391,0.391,108,4862,True
LK016A,NS5B,199,Q,100.0,99.404,0.596,108,4862,True
LK016A,NS5B,199,P,0.0,0.062,0.062,108,4862,True
LK016A,NS5B,199,*,0.0,0.041,0.041,108,4862,True
LK016A,NS5B,199,H,0.0,0.021,0.021,108,4862,True
LK016A,NS5B,199,L,0.0,0.082,0.082,108,4862,True
LK016A,NS5B,200,R,99.237,99.633,0.396,131,4899,True
LK016A,NS5B,200,P,0.0,0.082,0.082,131,4899,True
LK016A,NS5B,200,C,0.0,0.061,0.061,131,4899,True
LK016A,NS5B,200,S,0.0,0.041,0.041,131,4899,True
LK016A,NS5B,200,H,0.763,0.143,0.62,131,4899,True
LK016A,NS5B,200,L,0.0,0.041,0.041,131,4899,True
LK016A,NS5B,201,E,0.87,0.0,0.87,115,4904,True
LK016A,NS5B,201,I,0.0,0.122,0.122,115,4904,True
LK016A,NS5B,201,G,0.0,0.02,0.02,115,4904,True
LK016A,NS5B,201,A,0.0,0.102,0.102,115,4904,True
LK016A,NS5B,201,V,99.13,99.735,0.604,115,4904,True
LK016A,NS5B,201,L,0.0,0.02,0.02,115,4904,True
LK016B,NS5B,162,N,0.045,0.0,0.045,2222,135,True
LK016B,NS5B,162,S,0.045,0.0,0.045,2222,135,True
LK016B,NS5B,162,*,0.045,0.0,0.045,2222,135,True
LK016B,NS5B,162,C,0.27,0.0,0.27,2222,135,True
LK016B,NS5B,162,H,0.225,0.0,0.225,2222,135,True
LK016B,NS5B,162,F,0.225,0.0,0.225,2222,135,True
LK016B,NS5B,162,Y,99.145,100.0,0.855,2222,135,True
LK016B,NS5B,163,P,99.424,100.0,0.576,2083,151,True
LK016B,NS5B,163,S,0.048,0.0,0.048,2083,151,True
LK016B,NS5B,163,H,0.432,0.0,0.432,2083,151,True
LK016B,NS5B,163,L,0.096,0.0,0.096,2083,151,True
LK016B,NS5B,164,G,0.631,0.0,0.631,2059,152,True
LK016B,NS5B,164,D,99.32,100.0,0.68,2059,152,True
LK016B,NS5B,164,E,0.049,0.0,0.049,2059,152,True
LK016B,NS5B,165,L,99.725,100.0,0.275,2180,201,True
LK016B,NS5B,165,Q,0.046,0.0,0.046,2180,201,True
LK016B,NS5B,165,P,0.229,0.0,0.229,2180,201,True
LK016B,NS5B,166,R,0.047,0.324,0.276,2118,309,True
LK016B,NS5B,166,E,0.236,0.324,0.088,2118,309,True
LK016B,NS5B,166,G,99.717,99.029,0.688,2118,309,True
LK016B,NS5B,166,V,0.0,0.324,0.324,2118,309,True
LK016B,NS5B,167,I,0.044,0.359,0.315,2259,557,True
LK016B,NS5B,167,V,99.867,99.641,0.226,2259,557,True
LK016B,NS5B,167,A,0.089,0.0,0.089,2259,557,True
LK016B,NS5B,168,R,99.464,98.469,0.995,2239,588,True
LK016B,NS5B,168,G,0.268,0.68,0.412,2239,588,True
LK016B,NS5B,168,S,0.045,0.17,0.125,2239,588,True
LK016B,NS5B,168,W,0.134,0.0,0.134,2239,588,True
LK016B,NS5B,168,K,0.089,0.34,0.251,2239,588,True
LK016B,NS5B,168,M,0.0,0.34,0.34,2239,588,True
LK016B,NS5B,169,E,0.093,0.0,0.093,2142,908,True
LK016B,NS5B,169,V,99.72,99.89,0.17,2142,908,True
LK016B,NS5B,169,A,0.093,0.11,0.017,2142,908,True
LK016B,NS5B,169,L,0.093,0.0,0.093,2142,908,True
LK016B,NS5B,170,R,0.047,0.183,0.136,2125,1091,True
LK016B,NS5B,170,*,0.141,0.092,0.05,2125,1091,True
LK016B,NS5B,170,C,99.576,99.542,0.035,2125,1091,True
LK016B,NS5B,170,S,0.094,0.0,0.094,2125,1091,True
LK016B,NS5B,170,W,0.141,0.0,0.141,2125,1091,True
LK016B,NS5B,170,Y,0.0,0.183,0.183,2125,1091,True
LK016B,NS5B,171,E,99.259,99.464,0.205,2024,1119,True
LK016B,NS5B,171,G,0.494,0.268,0.226,2024,1119,True
LK016B,NS5B,171,*,0.049,0.179,0.129,2024,1119,True
LK016B,NS5B,171,A,0.049,0.0,0.049,2024,1119,True
LK016B,NS5B,171,D,0.049,0.0,0.049,2024,1119,True
LK016B,NS5B,171,V,0.0,0.089,0.089,2024,1119,True
LK016B,NS5B,171,K,0.099,0.0,0.099,2024,1119,True
LK016B,NS5B,172,R,0.592,0.169,0.423,2027,1181,True
LK016B,NS5B,172,E,0.493,0.169,0.324,2027,1181,True
LK016B,NS5B,172,N,0.0,0.169,0.169,2027,1181,True
LK016B,NS5B,172,K,98.915,99.492,0.577,2027,1181,True
LK016B,NS5B,173,R,99.7,99.41,0.29,1999,1356,True
LK016B,NS5B,173,G,0.1,0.0,0.1,1999,1356,True
LK016B,NS5B,173,Q,0.15,0.0,0.15,1999,1356,True
LK016B,NS5B,173,P,0.05,0.221,0.171,1999,1356,True
LK016B,NS5B,173,W,0.0,0.221,0.221,1999,1356,True
LK016B,NS5B,173,L,0.0,0.147,0.147,1999,1356,True
LK016B,NS5B,174,T,0.255,0.07,0.185,1959,1419,True
LK016B,NS5B,174,P,0.0,0.141,0.141,1959,1419,True
LK016B,NS5B,174,A,99.592,99.648,0.056,1959,1419,True
LK016B,NS5B,174,V,0.153,0.141,0.012,1959,1419,True
LK016B,NS5B,175,R,0.097,0.0,0.097,2067,1691,True
LK016B,NS5B,175,P,0.484,0.71,0.226,2067,1691,True
LK016B,NS5B,175,F,0.097,0.118,0.022,2067,1691,True
LK016B,NS5B,175,H,0.0,0.296,0.296,2067,1691,True
LK016B,NS5B,175,L,99.323,98.876,0.446,2067,1691,True
LK016B,NS5B,176,*,0.0,0.057,0.057,1991,1769,True
LK016B,NS5B,176,C,0.201,0.17,0.031,1991,1769,True
LK016B,NS5B,176,F,0.0,0.057,0.057,1991,1769,True
LK016B,NS5B,176,N,0.05,0.057,0.006,1991,1769,True
LK016B,NS5B,176,H,0.251,0.735,0.484,1991,1769,True
LK016B,NS5B,176,D,0.05,0.0,0.05,1991,1769,True
LK016B,NS5B,176,Y,99.448,98.926,0.522,1991,1769,True
LK016B,NS5B,177,E,0.103,0.0,0.103,1937,1735,True
LK016B,NS5B,177,G,0.413,0.173,0.24,1937,1735,True
LK016B,NS5B,177,N,0.103,0.692,0.588,1937,1735,True
LK016B,NS5B,177,V,0.0,0.173,0.173,1937,1735,True
LK016B,NS5B,177,D,99.38,98.905,0.476,1937,1735,True
LK016B,NS5B,177,Y,0.0,0.058,0.058,1937,1735,True
LK016B,NS5B,178,I,0.248,0.221,0.027,1614,1810,True
LK016B,NS5B,178,G,0.186,0.0,0.186,1614,1810,True
LK016B,NS5B,178,D,0.062,0.0,0.062,1614,1810,True
LK016B,NS5B,178,A,0.867,0.276,0.591,1614,1810,True
LK016B,NS5B,178,V,98.637,99.503,0.866,1614,1810,True
LK016B,NS5B,179,R,0.0,0.209,0.209,1823,1911,True
LK016B,NS5B,179,P,0.055,0.0,0.055,1823,1911,True
LK016B,NS5B,179,T,99.671,98.849,0.822,1823,1911,True
LK016B,NS5B,179,A,0.165,0.89,0.725,1823,1911,True
LK016B,NS5B,179,M,0.11,0.052,0.057,1823,1911,True
LK016B,NS5B,180,R,99.178,99.8,0.622,1824,1998,True
LK016B,NS5B,180,G,0.0,0.05,0.05,1824,1998,True
LK016B,NS5B,180,C,0.713,0.1,0.613,1824,1998,True
LK016B,NS5B,180,H,0.11,0.05,0.06,1824,1998,True
LK016B,NS5B,181,R,0.228,0.463,0.236,1757,1942,True
LK016B,NS5B,181,E,0.114,0.36,0.247,1757,1942,True
LK016B,NS5B,181,*,0.057,0.0,0.057,1757,1942,True
LK016B,NS5B,181,T,0.0,0.051,0.051,1757,1942,True
LK016B,NS5B,181,N,0.057,0.0,0.057,1757,1942,True
LK016B,NS5B,181,K,99.431,98.97,0.461,1757,1942,True
LK016B,NS5B,181,M,0.114,0.154,0.041,1757,1942,True
LK016B,NS5B,182,Q,0.0,0.048,0.048,1719,2072,True
LK016B,NS5B,182,P,0.233,0.531,0.298,1719,2072,True
LK016B,NS5B,182,V,0.058,0.0,0.058,1719,2072,True
LK016B,NS5B,182,L,99.709,99.421,0.288,1719,2072,True
LK016B,NS5B,183,P,99.7,100.0,0.3,1664,2164,True
LK016B,NS5B,183,S,0.12,0.0,0.12,1664,2164,True
LK016B,NS5B,183,H,0.06,0.0,0.06,1664,2164,True
LK016B,NS5B,183,L,0.12,0.0,0.12,1664,2164,True
LK016B,NS5B,184,E,0.061,0.0,0.061,1642,2114,True
LK016B,NS5B,184,G,0.183,0.0,0.183,1642,2114,True
LK016B,NS5B,184,L,1.157,0.142,1.015,1642,2114,True
LK016B,NS5B,184,V,98.417,98.959,0.543,1642,2114,True
LK016B,NS5B,184,A,0.122,0.52,0.399,1642,2114,True
LK016B,NS5B,184,M,0.061,0.378,0.318,1642,2114,True
LK016B,NS5B,185,T,0.061,0.176,0.116,1647,2268,True
LK016B,NS5B,185,V,0.0,0.088,0.088,1647,2268,True
LK016B,NS5B,185,A,99.939,99.735,0.204,1647,2268,True
LK016B,NS5B,186,E,0.197,0.132,0.065,1521,2273,True
LK016B,NS5B,186,G,0.197,0.132,0.065,1521,2273,True
LK016B,NS5B,186,L,0.066,0.0,0.066,1521,2273,True
LK016B,NS5B,186,I,0.197,0.132,0.065,1521,2273,True
LK016B,NS5B,186,V,99.014,99.252,0.238,1521,2273,True
LK016B,NS5B,186,A,0.329,0.352,0.023,1521,2273,True
LK016B,NS5B,187,L,0.062,0.041,0.02,1625,2432,True
LK016B,NS5B,187,T,0.0,0.329,0.329,1625,2432,True
LK016B,NS5B,187,I,0.246,0.329,0.083,1625,2432,True
LK016B,NS5B,187,K,0.923,0.206,0.717,1625,2432,True
LK016B,NS5B,187,V,0.123,0.576,0.453,1625,2432,True
LK016B,NS5B,187,M,98.646,98.52,0.126,1625,2432,True
LK016B,NS5B,188,R,0.197,0.211,0.014,1521,2370,True
LK016B,NS5B,188,G,99.671,99.705,0.033,1521,2370,True
LK016B,NS5B,188,*,0.0,0.084,0.084,1521,2370,True
LK016B,NS5B,188,V,0.131,0.0,0.131,1521,2370,True
LK016B,NS5B,189,R,0.0,0.08,0.08,1364,2507,True
LK016B,NS5B,189,Q,0.147,0.0,0.147,1364,2507,True
LK016B,NS5B,189,P,99.34,99.721,0.381,1364,2507,True
LK016B,NS5B,189,S,0.147,0.0,0.147,1364,2507,True
LK016B,NS5B,189,L,0.367,0.199,0.167,1364,2507,True
LK016B,NS5B,190,T,0.0,0.111,0.111,1405,2702,True
LK016B,NS5B,190,A,99.858,99.815,0.043,1405,2702,True
LK016B,NS5B,190,V,0.142,0.074,0.068,1405,2702,True
LK016B,NS5B,191,*,0.0,0.035,0.035,1356,2822,True
LK016B,NS5B,191,C,0.147,0.0,0.147,1356,2822,True
LK016B,NS5B,191,F,0.221,0.0,0.221,1356,2822,True
LK016B,NS5B,191,N,0.221,0.035,0.186,1356,2822,True
LK016B,NS5B,191,H,0.442,0.213,0.23,1356,2822,True
LK016B,NS5B,191,D,0.0,0.071,0.071,1356,2822,True
LK016B,NS5B,191,Y,98.968,99.646,0.678,1356,2822,True
LK016B,NS5B,192,A,0.0,0.033,0.033,1305,3071,True
LK016B,NS5B,192,S,0.0,0.033,0.033,1305,3071,True
LK016B,NS5B,192,G,100.0,99.935,0.065,1305,3071,True
LK016B,NS5B,193,F,99.492,98.948,0.544,1181,3137,True
LK016B,NS5B,193,S,0.254,0.223,0.031,1181,3137,True
LK016B,NS5B,193,V,0.0,0.032,0.032,1181,3137,True
LK016B,NS5B,193,L,0.254,0.701,0.447,1181,3137,True
LK016B,NS5B,193,Y,0.0,0.096,0.096,1181,3137,True
LK016B,NS5B,194,R,0.31,0.418,0.108,1290,3346,True
LK016B,NS5B,194,E,0.0,0.06,0.06,1290,3346,True
LK016B,NS5B,194,Q,99.535,99.462,0.073,1290,3346,True
LK016B,NS5B,194,L,0.078,0.0,0.078,1290,3346,True
LK016B,NS5B,194,H,0.0,0.06,0.06,1290,3346,True
LK016B,NS5B,194,K,0.078,0.0,0.078,1290,3346,True
LK016B,NS5B,195,*,0.081,0.0,0.081,1241,3425,True
LK016B,NS5B,195,C,0.161,0.35,0.189,1241,3425,True
LK016B,NS5B,195,F,0.081,0.058,0.022,1241,3425,True
LK016B,NS5B,195,H,0.322,0.117,0.206,1241,3425,True
LK016B,NS5B,195,Y,99.355,99.474,0.119,1241,3425,True
LK016B,NS5B,196,P,0.167,0.742,0.575,1198,3371,True
LK016B,NS5B,196,*,0.0,0.059,0.059,1198,3371,True
LK016B,NS5B,196,S,99.666,98.932,0.734,1198,3371,True
LK016B,NS5B,196,T,0.0,0.059,0.059,1198,3371,True
LK016B,NS5B,196,L,0.167,0.208,0.041,1198,3371,True
LK016B,NS5B,197,P,99.831,99.71,0.121,1181,4136,True
LK016B,NS5B,197,S,0.0,0.097,0.097,1181,4136,True
LK016B,NS5B,197,H,0.0,0.097,0.097,1181,4136,True
LK016B,NS5B,197,L,0.169,0.097,0.073,1181,4136,True
LK016B,NS5B,198,R,0.175,0.732,0.557,1144,3962,True
LK016B,NS5B,198,E,0.087,0.252,0.165,1144,3962,True
LK016B,NS5B,198,Q,0.087,0.0,0.087,1144,3962,True
LK016B,NS5B,198,*,0.0,0.025,0.025,1144,3962,True
LK016B,NS5B,198,T,0.0,0.025,0.025,1144,3962,True
LK016B,NS5B,198,K,99.563,98.864,0.699,1144,3962,True
LK016B,NS5B,198,M,0.087,0.101,0.014,1144,3962,True
LK016B,NS5B,199,R,0.0,0.275,0.275,1407,4004,True
LK016B,NS5B,199,E,0.071,0.025,0.046,1407,4004,True
LK016B,NS5B,199,Q,99.787,99.476,0.311,1407,4004,True
LK016B,NS5B,199,P,0.0,0.05,0.05,1407,4004,True
LK016B,NS5B,199,*,0.071,0.125,0.054,1407,4004,True
LK016B,NS5B,199,H,0.0,0.05,0.05,1407,4004,True
LK016B,NS5B,199,K,0.071,0.0,0.071,1407,4004,True
LK016B,NS5B,200,R,99.854,99.85,0.004,1371,3993,True
LK016B,NS5B,200,P,0.0,0.05,0.05,1371,3993,True
LK016B,NS5B,200,C,0.073,0.05,0.023,1371,3993,True
LK016B,NS5B,200,H,0.073,0.0,0.073,1371,3993,True
LK016B,NS5B,200,L,0.0,0.05,0.05,1371,3993,True
LK016B,NS5B,201,T,0.0,0.051,0.051,1291,3937,True
LK016B,NS5B,201,I,0.0,0.356,0.356,1291,3937,True
LK016B,NS5B,201,V,99.69,99.213,0.478,1291,3937,True
LK016B,NS5B,201,A,0.31,0.305,0.005,1291,3937,True
LK016B,NS5B,201,L,0.0,0.076,0.076,1291,3937,True
LK016B,NS5B,202,E,76.075,99.386,23.311,1233,3743,True
LK016B,NS5B,202,G,0.0,0.294,0.294,1233,3743,True
LK016B,NS5B,202,*,0.0,0.027,0.027,1233,3743,True
LK016B,NS5B,202,D,0.162,0.187,0.025,1233,3743,True
LK016B,NS5B,202,V,0.0,0.027,0.027,1233,3743,True
LK016B,NS5B,202,K,23.763,0.08,23.683,1233,3743,True
LK016B,NS5B,203,R,99.495,99.74,0.245,1187,3845,True
LK016B,NS5B,203,G,0.0,0.052,0.052,1187,3845,True
LK016B,NS5B,203,C,0.337,0.052,0.285,1187,3845,True
LK016B,NS5B,203,H,0.168,0.156,0.012,1187,3845,True
LK016B,NS5B,204,R,0.086,0.0,0.086,1163,3910,True
LK016B,NS5B,204,I,0.0,0.102,0.102,1163,3910,True
LK016B,NS5B,204,P,0.258,0.972,0.714,1163,3910,True
LK016B,NS5B,204,F,0.0,0.102,0.102,1163,3910,True
LK016B,NS5B,204,L,99.656,98.824,0.833,1163,3910,True
LK016B,NS5B,205,F,0.0,0.208,0.208,1188,4318,True
LK016B,NS5B,205,P,0.168,0.185,0.017,1188,4318,True
LK016B,NS5B,205,V,0.0,0.023,0.023,1188,4318,True
LK016B,NS5B,205,H,0.0,0.069,0.069,1188,4318,True
LK016B,NS5B,205,L,99.832,99.514,0.318,1188,4318,True
LK016B,NS5B,206,R,0.163,0.263,0.1,1224,4562,True
LK016B,NS5B,206,Q,99.673,99.189,0.484,1224,4562,True
LK016B,NS5B,206,P,0.0,0.088,0.088,1224,4562,True
LK016B,NS5B,206,*,0.082,0.175,0.094,1224,4562,True
LK016B,NS5B,206,H,0.0,0.153,0.153,1224,4562,True
LK016B,NS5B,206,L,0.082,0.132,0.05,1224,4562,True
LK016B,NS5B,207,R,0.0,0.022,0.022,1190,4592,True
LK016B,NS5B,207,T,0.168,0.305,0.137,1190,4592,True
LK016B,NS5B,207,I,0.0,0.305,0.305,1190,4592,True
LK016B,NS5B,207,V,0.252,0.37,0.118,1190,4592,True
LK016B,NS5B,207,M,99.58,98.998,0.582,1190,4592,True
LK016B,NS5B,208,R,0.38,0.604,0.224,1053,4140,True
LK016B,NS5B,208,G,0.095,0.024,0.071,1053,4140,True
LK016B,NS5B,208,*,0.0,0.048,0.048,1053,4140,True
LK016B,NS5B,208,C,0.19,0.048,0.142,1053,4140,True
LK016B,NS5B,208,W,99.145,99.275,0.13,1053,4140,True
LK016B,NS5B,208,L,0.19,0.0,0.19,1053,4140,True
LK016B,NS5B,209,R,99.813,99.363,0.45,1068,4554,True
LK016B,NS5B,209,P,0.0,0.044,0.044,1068,4554,True
LK016B,NS5B,209,C,0.187,0.329,0.142,1068,4554,True
LK016B,NS5B,209,H,0.0,0.22,0.22,1068,4554,True
LK016B,NS5B,209,S,0.0,0.044,0.044,1068,4554,True
LK016B,NS5B,210,G,0.0,0.045,0.045,1028,4455,True
LK016B,NS5B,210,P,0.097,0.09,0.007,1028,4455,True
LK016B,NS5B,210,A,99.514,99.798,0.284,1028,4455,True
LK016B,NS5B,210,T,0.195,0.045,0.15,1028,4455,True
LK016B,NS5B,210,V,0.195,0.022,0.172,1028,4455,True
LK016B,NS5B,211,R,0.792,0.436,0.356,1010,4821,True
LK016B,NS5B,211,E,0.99,0.539,0.451,1010,4821,True
LK016B,NS5B,211,*,0.0,0.104,0.104,1010,4821,True
LK016B,NS5B,211,N,0.0,0.062,0.062,1010,4821,True
LK016B,NS5B,211,K,98.218,98.797,0.579,1010,4821,True
LK016B,NS5B,211,M,0.0,0.062,0.062,1010,4821,True
LS003A,NS5B,162,N,0.063,0.0,0.063,3153,109,True
LS003A,NS5B,162,C,0.222,0.0,0.222,3153,109,True
LS003A,NS5B,162,S,0.095,0.0,0.095,3153,109,True
LS003A,NS5B,162,Y,99.619,100.0,0.381,3153,109,True
LS003A,NS5B,163,R,0.071,0.0,0.071,2822,153,True
LS003A,NS5B,163,T,0.071,0.0,0.071,2822,153,True
LS003A,NS5B,163,P,99.681,100.0,0.319,2822,153,True
LS003A,NS5B,163,H,0.106,0.0,0.106,2822,153,True
LS003A,NS5B,163,L,0.071,0.0,0.071,2822,153,True
LS003A,NS5B,164,E,0.037,0.0,0.037,2702,160,True
LS003A,NS5B,164,G,0.555,0.0,0.555,2702,160,True
LS003A,NS5B,164,N,0.185,0.0,0.185,2702,160,True
LS003A,NS5B,164,D,99.075,98.75,0.325,2702,160,True
LS003A,NS5B,164,V,0.074,0.625,0.551,2702,160,True
LS003A,NS5B,164,A,0.074,0.0,0.074,2702,160,True
LS003A,NS5B,164,Y,0.0,0.625,0.625,2702,160,True
LS003A,NS5B,165,R,0.139,0.0,0.139,2871,190,True
LS003A,NS5B,165,Q,0.104,0.0,0.104,2871,190,True
LS003A,NS5B,165,P,0.244,0.0,0.244,2871,190,True
LS003A,NS5B,165,L,99.512,100.0,0.488,2871,190,True
LS003A,NS5B,166,R,0.106,1.056,0.95,2822,284,True
LS003A,NS5B,166,E,0.213,0.352,0.139,2822,284,True
LS003A,NS5B,166,G,99.327,98.239,1.087,2822,284,True
LS003A,NS5B,166,A,0.354,0.352,0.002,2822,284,True
LS003A,NS5B,167,E,0.033,0.0,0.033,3003,558,True
LS003A,NS5B,167,I,0.3,0.717,0.417,3003,558,True
LS003A,NS5B,167,G,0.067,0.0,0.067,3003,558,True
LS003A,NS5B,167,A,0.067,0.0,0.067,3003,558,True
LS003A,NS5B,167,V,99.5,99.283,0.217,3003,558,True
LS003A,NS5B,167,L,0.033,0.0,0.033,3003,558,True
LS003A,NS5B,168,R,99.202,99.281,0.078,3008,556,True
LS003A,NS5B,168,G,0.532,0.0,0.532,3008,556,True
LS003A,NS5B,168,S,0.133,0.0,0.133,3008,556,True
LS003A,NS5B,168,W,0.033,0.0,0.033,3008,556,True
LS003A,NS5B,168,K,0.066,0.36,0.293,3008,556,True
LS003A,NS5B,168,M,0.033,0.36,0.326,3008,556,True
LS003A,NS5B,169,E,0.07,0.0,0.07,2853,686,True
LS003A,NS5B,169,G,0.245,0.0,0.245,2853,686,True
LS003A,NS5B,169,L,0.035,0.0,0.035,2853,686,True
LS003A,NS5B,169,V,99.089,99.125,0.037,2853,686,True
LS003A,NS5B,169,A,0.14,0.583,0.443,2853,686,True
LS003A,NS5B,169,M,0.421,0.292,0.129,2853,686,True
LS003A,NS5B,170,R,0.139,0.247,0.108,2876,810,True
LS003A,NS5B,170,G,0.139,0.0,0.139,2876,810,True
LS003A,NS5B,170,*,0.139,0.0,0.139,2876,810,True
LS003A,NS5B,170,C,99.131,99.63,0.499,2876,810,True
LS003A,NS5B,170,S,0.07,0.0,0.07,2876,810,True
LS003A,NS5B,170,W,0.07,0.0,0.07,2876,810,True
LS003A,NS5B,170,Y,0.313,0.123,0.189,2876,810,True
LS003A,NS5B,171,E,99.424,99.274,0.15,2778,827,True
LS003A,NS5B,171,K,0.072,0.0,0.072,2778,827,True
LS003A,NS5B,171,G,0.468,0.484,0.016,2778,827,True
LS003A,NS5B,171,V,0.036,0.242,0.206,2778,827,True
LS003A,NS5B,172,R,0.465,0.119,0.346,2797,843,True
LS003A,NS5B,172,E,0.322,0.0,0.322,2797,843,True
LS003A,NS5B,172,Q,0.036,0.0,0.036,2797,843,True
LS003A,NS5B,172,*,0.0,0.119,0.119,2797,843,True
LS003A,NS5B,172,N,0.036,0.0,0.036,2797,843,True
LS003A,NS5B,172,K,99.142,99.644,0.502,2797,843,True
LS003A,NS5B,172,M,0.0,0.119,0.119,2797,843,True
LS003A,NS5B,173,R,99.821,99.896,0.074,2794,957,True
LS003A,NS5B,173,Q,0.072,0.0,0.072,2794,957,True
LS003A,NS5B,173,P,0.0,0.104,0.104,2794,957,True
LS003A,NS5B,173,W,0.036,0.0,0.036,2794,957,True
LS003A,NS5B,173,L,0.072,0.0,0.072,2794,957,True
LS003A,NS5B,174,T,0.0,0.094,0.094,2724,1062,True
LS003A,NS5B,174,E,0.0,0.094,0.094,2724,1062,True
LS003A,NS5B,174,P,0.073,0.0,0.073,2724,1062,True
LS003A,NS5B,174,A,99.743,99.341,0.402,2724,1062,True
LS003A,NS5B,174,V,0.184,0.471,0.287,2724,1062,True
LS003A,NS5B,175,R,0.0,0.043,0.043,2828,2301,True
LS003A,NS5B,175,P,1.025,0.652,0.374,2828,2301,True
LS003A,NS5B,175,F,0.177,0.087,0.09,2828,2301,True
LS003A,NS5B,175,S,0.035,0.0,0.035,2828,2301,True
LS003A,NS5B,175,I,0.0,0.087,0.087,2828,2301,True
LS003A,NS5B,175,H,0.106,0.043,0.063,2828,2301,True
LS003A,NS5B,175,L,98.656,99.087,0.431,2828,2301,True
LS003A,NS5B,176,*,0.0,0.157,0.157,2820,2540,True
LS003A,NS5B,176,C,0.142,0.354,0.212,2820,2540,True
LS003A,NS5B,176,F,0.071,0.118,0.047,2820,2540,True
LS003A,NS5B,176,S,0.035,0.0,0.035,2820,2540,True
LS003A,NS5B,176,N,0.071,0.079,0.008,2820,2540,True
LS003A,NS5B,176,H,0.213,0.63,0.417,2820,2540,True
LS003A,NS5B,176,D,0.0,0.039,0.039,2820,2540,True
LS003A,NS5B,176,Y,99.468,98.622,0.846,2820,2540,True
LS003A,NS5B,177,E,0.074,0.042,0.032,2686,2379,True
LS003A,NS5B,177,G,0.558,0.378,0.18,2686,2379,True
LS003A,NS5B,177,N,0.0,0.252,0.252,2686,2379,True
LS003A,NS5B,177,D,99.181,99.117,0.064,2686,2379,True
LS003A,NS5B,177,V,0.037,0.084,0.047,2686,2379,True
LS003A,NS5B,177,H,0.037,0.126,0.089,2686,2379,True
LS003A,NS5B,177,A,0.112,0.0,0.112,2686,2379,True
LS003A,NS5B,178,I,0.198,0.415,0.217,2528,2652,True
LS003A,NS5B,178,G,0.119,0.0,0.119,2528,2652,True
LS003A,NS5B,178,D,0.079,0.0,0.079,2528,2652,True
LS003A,NS5B,178,A,0.475,0.264,0.211,2528,2652,True
LS003A,NS5B,178,V,99.13,99.321,0.192,2528,2652,True
LS003A,NS5B,179,T,99.729,99.707,0.021,2579,2735,True
LS003A,NS5B,179,A,0.233,0.256,0.023,2579,2735,True
LS003A,NS5B,179,S,0.039,0.0,0.039,2579,2735,True
LS003A,NS5B,179,M,0.0,0.037,0.037,2579,2735,True
LS003A,NS5B,180,R,99.734,99.898,0.164,2631,2950,True
LS003A,NS5B,180,P,0.038,0.0,0.038,2631,2950,True
LS003A,NS5B,180,C,0.038,0.034,0.004,2631,2950,True
LS003A,NS5B,180,H,0.19,0.068,0.122,2631,2950,True
LS003A,NS5B,181,R,0.275,0.441,0.166,2542,3172,True
LS003A,NS5B,181,E,0.275,0.378,0.103,2542,3172,True
LS003A,NS5B,181,Q,0.039,0.0,0.039,2542,3172,True
LS003A,NS5B,181,*,0.0,0.063,0.063,2542,3172,True
LS003A,NS5B,181,N,0.118,0.063,0.055,2542,3172,True
LS003A,NS5B,181,I,0.0,0.032,0.032,2542,3172,True
LS003A,NS5B,181,K,99.174,98.928,0.246,2542,3172,True
LS003A,NS5B,181,M,0.118,0.095,0.023,2542,3172,True
LS003A,NS5B,182,R,0.039,0.0,0.039,2547,3395,True
LS003A,NS5B,182,Q,0.0,0.029,0.029,2547,3395,True
LS003A,NS5B,182,P,0.039,0.236,0.196,2547,3395,True
LS003A,NS5B,182,L,99.921,99.705,0.216,2547,3395,True
LS003A,NS5B,182,M,0.0,0.029,0.029,2547,3395,True
LS003A,NS5B,183,R,0.042,0.0,0.042,2381,3506,True
LS003A,NS5B,183,P,99.538,99.715,0.177,2381,3506,True
LS003A,NS5B,183,S,0.21,0.086,0.124,2381,3506,True
LS003A,NS5B,183,L,0.168,0.114,0.054,2381,3506,True
LS003A,NS5B,183,A,0.042,0.086,0.044,2381,3506,True
LS003A,NS5B,184,P,0.207,0.363,0.157,2421,3579,True
LS003A,NS5B,184,V,0.083,0.0,0.083,2421,3579,True
LS003A,NS5B,184,L,99.711,99.553,0.158,2421,3579,True
LS003A,NS5B,184,M,0.0,0.084,0.084,2421,3579,True
LS003A,NS5B,185,T,0.459,0.052,0.407,2395,3842,True
LS003A,NS5B,185,E,0.0,0.052,0.052,2395,3842,True
LS003A,NS5B,185,A,99.332,99.74,0.408,2395,3842,True
LS003A,NS5B,185,V,0.209,0.156,0.053,2395,3842,True
LS003A,NS5B,186,E,0.222,0.027,0.195,2251,3745,True
LS003A,NS5B,186,G,0.4,0.0,0.4,2251,3745,True
LS003A,NS5B,186,T,0.0,0.027,0.027,2251,3745,True
LS003A,NS5B,186,I,0.0,5.661,5.661,2251,3745,True
LS003A,NS5B,186,V,99.245,93.939,5.306,2251,3745,True
LS003A,NS5B,186,A,0.133,0.347,0.214,2251,3745,True
LS003A,NS5B,187,L,0.0,0.05,0.05,2357,3981,True
LS003A,NS5B,187,T,0.297,0.151,0.146,2357,3981,True
LS003A,NS5B,187,I,0.042,0.452,0.41,2357,3981,True
LS003A,NS5B,187,V,0.552,0.126,0.426,2357,3981,True
LS003A,NS5B,187,K,0.085,0.025,0.06,2357,3981,True
LS003A,NS5B,187,M,99.024,99.196,0.172,2357,3981,True
LS003A,NS5B,188,R,0.133,0.18,0.047,2254,3881,True
LS003A,NS5B,188,E,0.0,0.103,0.103,2254,3881,True
LS003A,NS5B,188,G,99.867,99.665,0.202,2254,3881,True
LS003A,NS5B,188,*,0.0,0.026,0.026,2254,3881,True
LS003A,NS5B,188,V,0.0,0.026,0.026,2254,3881,True
LS003A,NS5B,189,R,0.044,0.074,0.029,2257,4071,True
LS003A,NS5B,189,P,99.291,99.288,0.003,2257,4071,True
LS003A,NS5B,189,A,0.0,0.049,0.049,2257,4071,True
LS003A,NS5B,189,S,0.354,0.442,0.088,2257,4071,True
LS003A,NS5B,189,T,0.044,0.0,0.044,2257,4071,True
LS003A,NS5B,189,L,0.266,0.147,0.118,2257,4071,True
LS003A,NS5B,190,A,98.967,99.801,0.833,2324,4514,True
LS003A,NS5B,190,S,0.172,0.022,0.15,2324,4514,True
LS003A,NS5B,190,T,0.688,0.133,0.556,2324,4514,True
LS003A,NS5B,190,V,0.172,0.044,0.128,2324,4514,True
LS003A,NS5B,191,*,0.134,0.0,0.134,2241,4666,True
LS003A,NS5B,191,C,0.0,0.086,0.086,2241,4666,True
LS003A,NS5B,191,N,0.223,0.043,0.18,2241,4666,True
LS003A,NS5B,191,H,0.178,0.193,0.014,2241,4666,True
LS003A,NS5B,191,Y,99.465,99.679,0.214,2241,4666,True
LS003A,NS5B,192,G,99.661,99.52,0.141,2064,5417,True
LS003A,NS5B,192,C,0.097,0.0,0.097,2064,5417,True
LS003A,NS5B,192,A,0.0,0.037,0.037,2064,5417,True
LS003A,NS5B,192,S,0.194,0.277,0.083,2064,5417,True
LS003A,NS5B,192,D,0.0,0.111,0.111,2064,5417,True
LS003A,NS5B,192,V,0.048,0.055,0.007,2064,5417,True
LS003A,NS5B,193,F,99.139,98.752,0.387,1859,5529,True
LS003A,NS5B,193,S,0.484,0.452,0.032,1859,5529,True
LS003A,NS5B,193,L,0.269,0.651,0.382,1859,5529,True
LS003A,NS5B,193,I,0.0,0.09,0.09,1859,5529,True
LS003A,NS5B,193,V,0.108,0.036,0.071,1859,5529,True
LS003A,NS5B,193,Y,0.0,0.018,0.018,1859,5529,True
LS003A,NS5B,194,R,0.469,0.21,0.26,1918,5727,True
LS003A,NS5B,194,E,0.0,0.035,0.035,1918,5727,True
LS003A,NS5B,194,Q,99.322,99.598,0.276,1918,5727,True
LS003A,NS5B,194,*,0.052,0.07,0.018,1918,5727,True
LS003A,NS5B,194,L,0.0,0.052,0.052,1918,5727,True
LS003A,NS5B,194,H,0.156,0.0,0.156,1918,5727,True
LS003A,NS5B,194,K,0.0,0.035,0.035,1918,5727,True
LS003A,NS5B,195,*,0.216,0.0,0.216,1852,5793,True
LS003A,NS5B,195,C,0.216,0.207,0.009,1852,5793,True
LS003A,NS5B,195,F,0.0,0.207,0.207,1852,5793,True
LS003A,NS5B,195,N,0.054,0.0,0.054,1852,5793,True
LS003A,NS5B,195,H,0.216,0.173,0.043,1852,5793,True
LS003A,NS5B,195,D,0.0,0.035,0.035,1852,5793,True
LS003A,NS5B,195,Y,99.298,99.379,0.081,1852,5793,True
LS003A,NS5B,196,T,0.0,0.053,0.053,1683,5629,True
LS003A,NS5B,196,P,0.594,0.32,0.274,1683,5629,True
LS003A,NS5B,196,*,0.0,0.018,0.018,1683,5629,True
LS003A,NS5B,196,S,99.406,99.467,0.061,1683,5629,True
LS003A,NS5B,196,L,0.0,0.142,0.142,1683,5629,True
LS003A,NS5B,197,P,99.83,99.876,0.046,1763,6458,True
LS003A,NS5B,197,A,0.0,0.015,0.015,1763,6458,True
LS003A,NS5B,197,S,0.113,0.062,0.052,1763,6458,True
LS003A,NS5B,197,L,0.057,0.046,0.01,1763,6458,True
LS003A,NS5B,198,R,0.237,0.216,0.021,1689,6474,True
LS003A,NS5B,198,E,0.237,0.108,0.129,1689,6474,True
LS003A,NS5B,198,Q,0.059,0.0,0.059,1689,6474,True
LS003A,NS5B,198,*,0.0,0.031,0.031,1689,6474,True
LS003A,NS5B,198,T,0.0,0.031,0.031,1689,6474,True
LS003A,NS5B,198,K,99.467,99.583,0.116,1689,6474,True
LS003A,NS5B,198,M,0.0,0.031,0.031,1689,6474,True
LS003A,NS5B,199,R,0.208,0.433,0.225,1441,6696,True
LS003A,NS5B,199,E,0.0,0.03,0.03,1441,6696,True
LS003A,NS5B,199,Q,99.584,99.283,0.3,1441,6696,True
LS003A,NS5B,199,P,0.0,0.045,0.045,1441,6696,True
LS003A,NS5B,199,*,0.208,0.105,0.104,1441,6696,True
LS003A,NS5B,199,K,0.0,0.015,0.015,1441,6696,True
LS003A,NS5B,199,H,0.0,0.03,0.03,1441,6696,True
LS003A,NS5B,199,L,0.0,0.06,0.06,1441,6696,True
LS003A,NS5B,200,R,99.497,99.634,0.137,1391,6830,True
LS003A,NS5B,200,G,0.0,0.059,0.059,1391,6830,True
LS003A,NS5B,200,P,0.072,0.0,0.072,1391,6830,True
LS003A,NS5B,200,C,0.072,0.132,0.06,1391,6830,True
LS003A,NS5B,200,S,0.144,0.0,0.144,1391,6830,True
LS003A,NS5B,200,H,0.216,0.146,0.069,1391,6830,True
LS003A,NS5B,200,L,0.0,0.029,0.029,1391,6830,True
LS003A,NS5B,201,E,0.249,0.0,0.249,1205,6840,True
LS003A,NS5B,201,L,0.0,0.015,0.015,1205,6840,True
LS003A,NS5B,201,I,0.0,0.044,0.044,1205,6840,True
LS003A,NS5B,201,V,99.502,99.766,0.264,1205,6840,True
LS003A,NS5B,201,A,0.083,0.175,0.092,1205,6840,True
LS003A,NS5B,201,M,0.166,0.0,0.166,1205,6840,True
LS003A,NS5B,202,E,0.273,0.046,0.227,1100,6565,True
LS003A,NS5B,202,G,0.545,0.198,0.347,1100,6565,True
LS003A,NS5B,202,N,0.091,0.091,0.0,1100,6565,True
LS003A,NS5B,202,K,0.0,0.03,0.03,1100,6565,True
LS003A,NS5B,202,D,98.455,99.421,0.967,1100,6565,True
LS003A,NS5B,202,V,0.0,0.152,0.152,1100,6565,True
LS003A,NS5B,202,A,0.636,0.046,0.591,1100,6565,True
LS003A,NS5B,202,Y,0.0,0.015,0.015,1100,6565,True
LS003A,NS5B,203,R,99.574,99.562,0.013,1175,7075,True
LS003A,NS5B,203,Q,0.0,0.24,0.24,1175,7075,True
LS003A,NS5B,203,P,0.0,0.014,0.014,1175,7075,True
LS003A,NS5B,203,*,0.0,0.099,0.099,1175,7075,True
LS003A,NS5B,203,C,0.255,0.028,0.227,1175,7075,True
LS003A,NS5B,203,H,0.17,0.014,0.156,1175,7075,True
LS003A,NS5B,203,L,0.0,0.042,0.042,1175,7075,True
LS003A,NS5B,204,P,0.355,0.36,0.006,1127,7213,True
LS003A,NS5B,204,F,0.177,0.028,0.15,1127,7213,True
LS003A,NS5B,204,V,0.0,0.014,0.014,1127,7213,True
LS003A,NS5B,204,H,0.089,0.042,0.047,1127,7213,True
LS003A,NS5B,204,L,99.379,99.556,0.177,1127,7213,True
LS003A,NS5B,205,P,0.087,0.269,0.182,1150,7448,True
LS003A,NS5B,205,F,0.174,0.04,0.134,1150,7448,True
LS003A,NS5B,205,I,0.0,0.027,0.027,1150,7448,True
LS003A,NS5B,205,V,0.0,0.013,0.013,1150,7448,True
LS003A,NS5B,205,H,0.087,0.013,0.074,1150,7448,True
LS003A,NS5B,205,L,99.652,99.637,0.015,1150,7448,True
LS003A,NS5B,206,R,0.343,0.331,0.012,1166,7849,True
LS003A,NS5B,206,E,0.0,0.025,0.025,1166,7849,True
LS003A,NS5B,206,Q,99.314,99.197,0.117,1166,7849,True
LS003A,NS5B,206,*,0.0,0.089,0.089,1166,7849,True
LS003A,NS5B,206,L,0.0,0.025,0.025,1166,7849,True
LS003A,NS5B,206,H,0.343,0.127,0.216,1166,7849,True
LS003A,NS5B,206,K,0.0,0.204,0.204,1166,7849,True
LS003A,NS5B,207,L,0.0,0.038,0.038,1088,7850,True
LS003A,NS5B,207,T,0.368,0.293,0.075,1088,7850,True
LS003A,NS5B,207,I,0.092,0.064,0.028,1088,7850,True
LS003A,NS5B,207,V,0.368,0.255,0.113,1088,7850,True
LS003A,NS5B,207,M,99.173,99.35,0.178,1088,7850,True
LS003A,NS5B,208,R,0.111,0.474,0.362,897,7386,True
LS003A,NS5B,208,G,0.334,0.081,0.253,897,7386,True
LS003A,NS5B,208,*,0.0,0.149,0.149,897,7386,True
LS003A,NS5B,208,C,0.0,0.027,0.027,897,7386,True
LS003A,NS5B,208,W,99.554,99.269,0.285,897,7386,True
LS003A,NS5B,209,R,99.439,99.577,0.138,892,7807,True
LS003A,NS5B,209,G,0.0,0.051,0.051,892,7807,True
LS003A,NS5B,209,P,0.112,0.0,0.112,892,7807,True
LS003A,NS5B,209,C,0.224,0.243,0.019,892,7807,True
LS003A,NS5B,209,S,0.224,0.0,0.224,892,7807,True
LS003A,NS5B,209,H,0.0,0.128,0.128,892,7807,True
LS003A,NS5B,210,P,0.0,0.039,0.039,833,7657,True
LS003A,NS5B,210,A,99.4,99.608,0.208,833,7657,True
LS003A,NS5B,210,S,0.24,0.0,0.24,833,7657,True
LS003A,NS5B,210,T,0.24,0.209,0.031,833,7657,True
LS003A,NS5B,210,V,0.12,0.144,0.024,833,7657,True
LS003A,NS5B,211,R,0.253,0.442,0.188,790,8151,True
LS003A,NS5B,211,E,0.0,0.282,0.282,790,8151,True
LS003A,NS5B,211,*,0.0,0.049,0.049,790,8151,True
LS003A,NS5B,211,N,0.0,0.025,0.025,790,8151,True
LS003A,NS5B,211,K,99.62,99.19,0.43,790,8151,True
LS003A,NS5B,211,M,0.127,0.012,0.114,790,8151,True
LS003B,NS5B,163,P,99.694,100.0,0.306,2290,109,True
LS003B,NS5B,163,H,0.087,0.0,0.087,2290,109,True
LS003B,NS5B,163,A,0.044,0.0,0.044,2290,109,True
LS003B,NS5B,163,L,0.175,0.0,0.175,2290,109,True
LS003B,NS5B,164,N,0.091,0.0,0.091,2198,121,True
LS003B,NS5B,164,G,0.318,0.0,0.318,2198,121,True
LS003B,NS5B,164,D,99.545,100.0,0.455,2198,121,True
LS003B,NS5B,164,Y,0.045,0.0,0.045,2198,121,True
LS003B,NS5B,165,Q,0.086,0.0,0.086,2327,132,True
LS003B,NS5B,165,P,0.043,0.0,0.043,2327,132,True
LS003B,NS5B,165,L,99.828,100.0,0.172,2327,132,True
LS003B,NS5B,165,M,0.043,0.0,0.043,2327,132,True
LS003B,NS5B,166,R,0.086,1.653,1.567,2321,242,True
LS003B,NS5B,166,E,0.0,1.24,1.24,2321,242,True
LS003B,NS5B,166,G,99.828,97.107,2.72,2321,242,True
LS003B,NS5B,166,A,0.086,0.0,0.086,2321,242,True
LS003B,NS5B,167,E,0.162,0.236,0.074,2467,423,True
LS003B,NS5B,167,A,0.0,0.709,0.709,2467,423,True
LS003B,NS5B,167,L,0.041,0.473,0.432,2467,423,True
LS003B,NS5B,167,I,0.081,0.236,0.155,2467,423,True
LS003B,NS5B,167,V,99.716,98.345,1.371,2467,423,True
LS003B,NS5B,168,R,99.555,97.768,1.787,2472,448,True
LS003B,NS5B,168,K,0.081,0.446,0.366,2472,448,True
LS003B,NS5B,168,G,0.202,1.786,1.583,2472,448,True
LS003B,NS5B,168,W,0.081,0.0,0.081,2472,448,True
LS003B,NS5B,168,S,0.081,0.0,0.081,2472,448,True
LS003B,NS5B,169,E,0.086,0.0,0.086,2318,593,True
LS003B,NS5B,169,G,0.043,0.0,0.043,2318,593,True
LS003B,NS5B,169,A,0.173,0.675,0.502,2318,593,True
LS003B,NS5B,169,V,99.569,99.325,0.243,2318,593,True
LS003B,NS5B,169,L,0.043,0.0,0.043,2318,593,True
LS003B,NS5B,169,M,0.086,0.0,0.086,2318,593,True
LS003B,NS5B,170,R,0.59,0.0,0.59,2371,680,True
LS003B,NS5B,170,G,0.127,0.0,0.127,2371,680,True
LS003B,NS5B,170,C,99.072,99.853,0.781,2371,680,True
LS003B,NS5B,170,F,0.169,0.0,0.169,2371,680,True
LS003B,NS5B,170,Y,0.042,0.147,0.105,2371,680,True
LS003B,NS5B,171,E,99.298,98.867,0.431,2280,706,True
LS003B,NS5B,171,G,0.307,0.0,0.307,2280,706,True
LS003B,NS5B,171,Q,0.088,0.0,0.088,2280,706,True
LS003B,NS5B,171,*,0.0,0.283,0.283,2280,706,True
LS003B,NS5B,171,K,0.175,0.708,0.533,2280,706,True
LS003B,NS5B,171,V,0.132,0.142,0.01,2280,706,True
LS003B,NS5B,172,R,0.091,0.0,0.091,2206,719,True
LS003B,NS5B,172,E,0.499,0.278,0.22,2206,719,True
LS003B,NS5B,172,Q,0.045,0.0,0.045,2206,719,True
LS003B,NS5B,172,*,0.0,0.278,0.278,2206,719,True
LS003B,NS5B,172,N,0.091,0.0,0.091,2206,719,True
LS003B,NS5B,172,I,0.0,0.278,0.278,2206,719,True
LS003B,NS5B,172,K,99.275,99.166,0.109,2206,719,True
LS003B,NS5B,173,R,99.781,100.0,0.219,2281,802,True
LS003B,NS5B,173,Q,0.219,0.0,0.219,2281,802,True
LS003B,NS5B,174,T,0.09,0.314,0.223,2212,956,True
LS003B,NS5B,174,A,99.91,99.686,0.223,2212,956,True
LS003B,NS5B,175,R,0.131,0.069,0.062,2290,1450,True
LS003B,NS5B,175,P,0.437,1.586,1.15,2290,1450,True
LS003B,NS5B,175,F,0.131,0.0,0.131,2290,1450,True
LS003B,NS5B,175,H,0.0,0.138,0.138,2290,1450,True
LS003B,NS5B,175,L,99.301,98.207,1.094,2290,1450,True
LS003B,NS5B,176,H,0.0,0.363,0.363,2289,1653,True
LS003B,NS5B,176,N,0.131,0.0,0.131,2289,1653,True
LS003B,NS5B,176,*,0.131,0.0,0.131,2289,1653,True
LS003B,NS5B,176,C,0.218,0.302,0.084,2289,1653,True
LS003B,NS5B,176,F,0.044,0.0,0.044,2289,1653,True
LS003B,NS5B,176,Y,99.476,99.335,0.141,2289,1653,True
LS003B,NS5B,177,E,0.046,0.0,0.046,2190,1583,True
LS003B,NS5B,177,G,0.457,0.253,0.204,2190,1583,True
LS003B,NS5B,177,N,0.0,0.505,0.505,2190,1583,True
LS003B,NS5B,177,D,99.315,98.926,0.389,2190,1583,True
LS003B,NS5B,177,V,0.091,0.19,0.098,2190,1583,True
LS003B,NS5B,177,A,0.091,0.063,0.028,2190,1583,True
LS003B,NS5B,177,Y,0.0,0.063,0.063,2190,1583,True
LS003B,NS5B,178,G,0.0,0.057,0.057,2048,1767,True
LS003B,NS5B,178,L,0.0,0.113,0.113,2048,1767,True
LS003B,NS5B,178,I,0.0,0.566,0.566,2048,1767,True
LS003B,NS5B,178,D,0.0,0.057,0.057,2048,1767,True
LS003B,NS5B,178,V,99.219,98.868,0.351,2048,1767,True
LS003B,NS5B,178,A,0.781,0.34,0.442,2048,1767,True
LS003B,NS5B,179,T,99.467,99.793,0.326,2064,1931,True
LS003B,NS5B,179,I,0.436,0.052,0.384,2064,1931,True
LS003B,NS5B,179,A,0.0,0.155,0.155,2064,1931,True
LS003B,NS5B,179,S,0.097,0.0,0.097,2064,1931,True
LS003B,NS5B,180,R,99.375,99.716,0.34,2081,2111,True
LS003B,NS5B,180,C,0.625,0.095,0.53,2081,2111,True
LS003B,NS5B,180,H,0.0,0.095,0.095,2081,2111,True
LS003B,NS5B,180,S,0.0,0.095,0.095,2081,2111,True
LS003B,NS5B,181,R,0.253,0.263,0.01,1978,2279,True
LS003B,NS5B,181,E,0.303,0.307,0.004,1978,2279,True
LS003B,NS5B,181,T,0.0,0.088,0.088,1978,2279,True
LS003B,NS5B,181,N,0.0,0.307,0.307,1978,2279,True
LS003B,NS5B,181,K,99.292,98.947,0.345,1978,2279,True
LS003B,NS5B,181,M,0.152,0.088,0.064,1978,2279,True
LS003B,NS5B,182,R,0.099,0.0,0.099,2020,2513,True
LS003B,NS5B,182,Q,0.099,0.0,0.099,2020,2513,True
LS003B,NS5B,182,P,0.297,0.955,0.658,2020,2513,True
LS003B,NS5B,182,L,99.505,99.045,0.46,2020,2513,True
LS003B,NS5B,183,R,0.159,0.038,0.122,1883,2645,True
LS003B,NS5B,183,P,99.681,99.66,0.022,1883,2645,True
LS003B,NS5B,183,A,0.0,0.038,0.038,1883,2645,True
LS003B,NS5B,183,S,0.053,0.113,0.06,1883,2645,True
LS003B,NS5B,183,T,0.0,0.038,0.038,1883,2645,True
LS003B,NS5B,183,L,0.106,0.113,0.007,1883,2645,True
LS003B,NS5B,184,Q,0.0,0.11,0.11,1927,2727,True
LS003B,NS5B,184,P,0.311,0.293,0.018,1927,2727,True
LS003B,NS5B,184,L,99.689,99.56,0.129,1927,2727,True
LS003B,NS5B,184,M,0.0,0.037,0.037,1927,2727,True
LS003B,NS5B,185,T,0.157,0.142,0.016,1906,2825,True
LS003B,NS5B,185,G,0.052,0.0,0.052,1906,2825,True
LS003B,NS5B,185,V,0.157,0.248,0.09,1906,2825,True
LS003B,NS5B,185,S,0.105,0.0,0.105,1906,2825,True
LS003B,NS5B,185,A,99.528,99.611,0.083,1906,2825,True
LS003B,NS5B,186,E,0.057,0.072,0.015,1751,2768,True
LS003B,NS5B,186,G,0.114,0.0,0.114,1751,2768,True
LS003B,NS5B,186,I,0.057,0.072,0.015,1751,2768,True
LS003B,NS5B,186,V,99.6,99.783,0.183,1751,2768,True
LS003B,NS5B,186,A,0.171,0.072,0.099,1751,2768,True
LS003B,NS5B,187,T,0.216,0.204,0.012,1855,2944,True
LS003B,NS5B,187,I,0.108,0.238,0.13,1855,2944,True
LS003B,NS5B,187,V,0.108,0.238,0.13,1855,2944,True
LS003B,NS5B,187,K,0.216,0.0,0.216,1855,2944,True
LS003B,NS5B,187,M,99.353,99.321,0.032,1855,2944,True
LS003B,NS5B,188,R,0.114,0.035,0.08,1749,2890,True
LS003B,NS5B,188,E,0.172,0.208,0.036,1749,2890,True
LS003B,NS5B,188,G,99.714,99.723,0.009,1749,2890,True
LS003B,NS5B,188,A,0.0,0.035,0.035,1749,2890,True
LS003B,NS5B,189,P,99.656,99.8,0.144,1746,3006,True
LS003B,NS5B,189,S,0.286,0.0,0.286,1746,3006,True
LS003B,NS5B,189,L,0.057,0.2,0.142,1746,3006,True
LS003B,NS5B,190,T,0.0,0.116,0.116,1804,3443,True
LS003B,NS5B,190,G,0.055,0.058,0.003,1804,3443,True
LS003B,NS5B,190,V,0.0,0.116,0.116,1804,3443,True
LS003B,NS5B,190,A,99.945,99.71,0.235,1804,3443,True
LS003B,NS5B,191,C,0.23,0.058,0.172,1739,3446,True
LS003B,NS5B,191,F,0.115,0.058,0.057,1739,3446,True
LS003B,NS5B,191,N,0.115,0.029,0.086,1739,3446,True
LS003B,NS5B,191,H,0.173,0.261,0.089,1739,3446,True
LS003B,NS5B,191,Y,99.367,99.594,0.226,1739,3446,True
LS003B,NS5B,192,R,0.0,0.054,0.054,1700,3727,True
LS003B,NS5B,192,G,99.882,99.678,0.204,1700,3727,True
LS003B,NS5B,192,D,0.0,0.134,0.134,1700,3727,True
LS003B,NS5B,192,S,0.118,0.134,0.017,1700,3727,True
LS003B,NS5B,193,F,98.912,98.729,0.182,1470,3777,True
LS003B,NS5B,193,S,0.408,0.556,0.148,1470,3777,True
LS003B,NS5B,193,I,0.204,0.026,0.178,1470,3777,True
LS003B,NS5B,193,V,0.0,0.026,0.026,1470,3777,True
LS003B,NS5B,193,L,0.476,0.609,0.133,1470,3777,True
LS003B,NS5B,193,Y,0.0,0.053,0.053,1470,3777,True
LS003B,NS5B,194,R,0.132,0.176,0.044,1517,3981,True
LS003B,NS5B,194,E,0.132,0.0,0.132,1517,3981,True
LS003B,NS5B,194,Q,99.67,99.623,0.047,1517,3981,True
LS003B,NS5B,194,*,0.066,0.201,0.135,1517,3981,True
LS003B,NS5B,195,*,0.0,0.025,0.025,1456,4046,True
LS003B,NS5B,195,C,0.137,0.173,0.036,1456,4046,True
LS003B,NS5B,195,N,0.0,0.049,0.049,1456,4046,True
LS003B,NS5B,195,H,0.137,0.025,0.113,1456,4046,True
LS003B,NS5B,195,Y,99.725,99.728,0.003,1456,4046,True
LS003B,NS5B,196,P,0.434,0.591,0.156,1381,3894,True
LS003B,NS5B,196,S,99.348,99.101,0.247,1381,3894,True
LS003B,NS5B,196,L,0.072,0.205,0.133,1381,3894,True
LS003B,NS5B,196,T,0.072,0.077,0.005,1381,3894,True
LS003B,NS5B,196,W,0.0,0.026,0.026,1381,3894,True
LS003B,NS5B,196,A,0.072,0.0,0.072,1381,3894,True
LS003B,NS5B,197,T,0.0,0.044,0.044,1378,4523,True
LS003B,NS5B,197,P,99.782,99.646,0.136,1378,4523,True
LS003B,NS5B,197,S,0.073,0.221,0.149,1378,4523,True
LS003B,NS5B,197,L,0.145,0.088,0.057,1378,4523,True
LS003B,NS5B,198,R,0.149,0.207,0.059,1345,4340,True
LS003B,NS5B,198,E,0.372,0.161,0.21,1345,4340,True
LS003B,NS5B,198,*,0.074,0.046,0.028,1345,4340,True
LS003B,NS5B,198,T,0.0,0.046,0.046,1345,4340,True
LS003B,NS5B,198,N,0.0,0.023,0.023,1345,4340,True
LS003B,NS5B,198,K,99.405,99.378,0.027,1345,4340,True
LS003B,NS5B,198,M,0.0,0.138,0.138,1345,4340,True
LS003B,NS5B,199,R,0.263,0.247,0.016,1139,4445,True
LS003B,NS5B,199,E,0.088,0.0,0.088,1139,4445,True
LS003B,NS5B,199,Q,99.21,99.685,0.475,1139,4445,True
LS003B,NS5B,199,*,0.088,0.067,0.02,1139,4445,True
LS003B,NS5B,199,L,0.351,0.0,0.351,1139,4445,True
LS003B,NS5B,200,R,99.819,99.735,0.084,1108,4530,True
LS003B,NS5B,200,C,0.181,0.132,0.048,1108,4530,True
LS003B,NS5B,200,H,0.0,0.132,0.132,1108,4530,True
LS003B,NS5B,201,E,0.0,0.066,0.066,977,4513,True
LS003B,NS5B,201,I,0.0,0.089,0.089,977,4513,True
LS003B,NS5B,201,V,99.898,99.579,0.319,977,4513,True
LS003B,NS5B,201,A,0.102,0.266,0.164,977,4513,True
LS003B,NS5B,202,E,0.234,0.141,0.093,853,4249,True
LS003B,NS5B,202,G,0.117,0.329,0.212,853,4249,True
LS003B,NS5B,202,N,0.0,0.071,0.071,853,4249,True
LS003B,NS5B,202,D,98.828,99.176,0.349,853,4249,True
LS003B,NS5B,202,V,0.0,0.047,0.047,853,4249,True
LS003B,NS5B,202,A,0.821,0.165,0.656,853,4249,True
LS003B,NS5B,202,Y,0.0,0.071,0.071,853,4249,True
LS003B,NS5B,203,R,99.353,99.841,0.489,927,4413,True
LS003B,NS5B,203,Q,0.324,0.045,0.278,927,4413,True
LS003B,NS5B,203,*,0.216,0.113,0.102,927,4413,True
LS003B,NS5B,203,L,0.108,0.0,0.108,927,4413,True
LS003B,NS5B,204,P,0.212,0.7,0.489,945,4712,True
LS003B,NS5B,204,F,0.212,0.021,0.19,945,4712,True
LS003B,NS5B,204,V,0.0,0.021,0.021,945,4712,True
LS003B,NS5B,204,H,0.0,0.106,0.106,945,4712,True
LS003B,NS5B,204,L,99.577,99.151,0.426,945,4712,True
LS003B,NS5B,205,R,0.0,0.021,0.021,939,4839,True
LS003B,NS5B,205,P,0.213,0.289,0.076,939,4839,True
LS003B,NS5B,205,H,0.0,0.041,0.041,939,4839,True
LS003B,NS5B,205,F,0.532,0.0,0.532,939,4839,True
LS003B,NS5B,205,L,99.255,99.649,0.394,939,4839,True
LS003B,NS5B,206,R,0.413,0.325,0.088,968,5235,True
LS003B,NS5B,206,Q,98.76,99.389,0.628,968,5235,True
LS003B,NS5B,206,P,0.0,0.076,0.076,968,5235,True
LS003B,NS5B,206,*,0.517,0.134,0.383,968,5235,True
LS003B,NS5B,206,L,0.207,0.019,0.188,968,5235,True
LS003B,NS5B,206,H,0.0,0.019,0.019,968,5235,True
LS003B,NS5B,206,K,0.103,0.038,0.065,968,5235,True
LS003B,NS5B,207,T,0.222,0.286,0.064,900,5245,True
LS003B,NS5B,207,I,0.0,0.133,0.133,900,5245,True
LS003B,NS5B,207,V,0.0,0.038,0.038,900,5245,True
LS003B,NS5B,207,K,0.0,0.038,0.038,900,5245,True
LS003B,NS5B,207,M,99.778,99.504,0.273,900,5245,True
LS003B,NS5B,208,R,0.412,0.39,0.022,729,4876,True
LS003B,NS5B,208,G,0.274,0.041,0.233,729,4876,True
LS003B,NS5B,208,*,0.823,0.082,0.741,729,4876,True
LS003B,NS5B,208,C,0.274,0.041,0.233,729,4876,True
LS003B,NS5B,208,W,98.217,99.446,1.23,729,4876,True
LS003B,NS5B,209,R,99.589,99.79,0.201,730,5248,True
LS003B,NS5B,209,P,0.0,0.019,0.019,730,5248,True
LS003B,NS5B,209,C,0.137,0.095,0.042,730,5248,True
LS003B,NS5B,209,H,0.274,0.095,0.179,730,5248,True
LS003B,NS5B,210,E,0.0,0.058,0.058,688,5188,True
LS003B,NS5B,210,P,0.0,0.058,0.058,688,5188,True
LS003B,NS5B,210,S,0.291,0.0,0.291,688,5188,True
LS003B,NS5B,210,T,0.436,0.135,0.301,688,5188,True
LS003B,NS5B,210,V,0.0,0.096,0.096,688,5188,True
LS003B,NS5B,210,A,99.273,99.653,0.38,688,5188,True
LS003B,NS5B,211,R,0.446,0.314,0.133,672,5421,True
LS003B,NS5B,211,E,0.298,0.535,0.237,672,5421,True
LS003B,NS5B,211,*,0.0,0.055,0.055,672,5421,True
LS003B,NS5B,211,K,99.256,99.022,0.234,672,5421,True
LS003B,NS5B,211,M,0.0,0.074,0.074,672,5421,True
LS007A,NS5B,162,*,0.158,0.0,0.158,2531,151,True
LS007A,NS5B,162,C,0.079,1.325,1.245,2531,151,True
LS007A,NS5B,162,H,0.119,0.0,0.119,2531,151,True
LS007A,NS5B,162,D,0.079,0.0,0.079,2531,151,True
LS007A,NS5B,162,Y,99.565,98.675,0.89,2531,151,True
LS007A,NS5B,163,T,0.042,0.0,0.042,2368,177,True
LS007A,NS5B,163,P,99.535,100.0,0.465,2368,177,True
LS007A,NS5B,163,S,0.042,0.0,0.042,2368,177,True
LS007A,NS5B,163,H,0.127,0.0,0.127,2368,177,True
LS007A,NS5B,163,L,0.253,0.0,0.253,2368,177,True
LS007A,NS5B,164,G,0.804,1.554,0.751,2240,193,True
LS007A,NS5B,164,A,0.045,0.0,0.045,2240,193,True
LS007A,NS5B,164,V,0.045,0.0,0.045,2240,193,True
LS007A,NS5B,164,D,99.018,98.446,0.572,2240,193,True
LS007A,NS5B,164,Y,0.089,0.0,0.089,2240,193,True
LS007A,NS5B,165,L,99.624,100.0,0.376,2394,210,True
LS007A,NS5B,165,Q,0.167,0.0,0.167,2394,210,True
LS007A,NS5B,165,P,0.209,0.0,0.209,2394,210,True
LS007A,NS5B,166,R,0.256,0.0,0.256,2347,326,True
LS007A,NS5B,166,E,0.383,0.307,0.077,2347,326,True
LS007A,NS5B,166,G,99.233,99.693,0.46,2347,326,True
LS007A,NS5B,166,A,0.128,0.0,0.128,2347,326,True
LS007A,NS5B,167,E,0.125,0.0,0.125,2407,690,True
LS007A,NS5B,167,I,0.083,0.0,0.083,2407,690,True
LS007A,NS5B,167,A,0.125,0.0,0.125,2407,690,True
LS007A,NS5B,167,V,99.626,100.0,0.374,2407,690,True
LS007A,NS5B,167,L,0.042,0.0,0.042,2407,690,True
LS007A,NS5B,168,R,99.794,99.142,0.653,2433,699,True
LS007A,NS5B,168,G,0.206,0.858,0.653,2433,699,True
LS007A,NS5B,169,E,0.128,0.0,0.128,2339,926,True
LS007A,NS5B,169,A,0.299,0.432,0.133,2339,926,True
LS007A,NS5B,169,S,0.086,0.0,0.086,2339,926,True
LS007A,NS5B,169,V,99.359,99.568,0.209,2339,926,True
LS007A,NS5B,169,L,0.043,0.0,0.043,2339,926,True
LS007A,NS5B,169,M,0.086,0.0,0.086,2339,926,True
LS007A,NS5B,170,R,0.295,0.283,0.012,2370,1059,True
LS007A,NS5B,170,G,0.0,0.094,0.094,2370,1059,True
LS007A,NS5B,170,C,99.283,99.433,0.151,2370,1059,True
LS007A,NS5B,170,S,0.169,0.0,0.169,2370,1059,True
LS007A,NS5B,170,W,0.084,0.094,0.01,2370,1059,True
LS007A,NS5B,170,Y,0.169,0.094,0.074,2370,1059,True
LS007A,NS5B,171,E,99.29,99.731,0.44,2255,1114,True
LS007A,NS5B,171,G,0.532,0.18,0.353,2255,1114,True
LS007A,NS5B,171,V,0.089,0.0,0.089,2255,1114,True
LS007A,NS5B,171,K,0.089,0.09,0.001,2255,1114,True
LS007A,NS5B,172,R,0.312,0.0,0.312,2247,1108,True
LS007A,NS5B,172,N,0.178,0.0,0.178,2247,1108,True
LS007A,NS5B,172,E,0.178,0.0,0.178,2247,1108,True
LS007A,NS5B,172,K,99.332,100.0,0.668,2247,1108,True
LS007A,NS5B,173,R,99.552,99.755,0.203,2232,1224,True
LS007A,NS5B,173,G,0.0,0.082,0.082,2232,1224,True
LS007A,NS5B,173,Q,0.269,0.163,0.105,2232,1224,True
LS007A,NS5B,173,W,0.179,0.0,0.179,2232,1224,True
LS007A,NS5B,174,T,0.089,0.0,0.089,2237,1307,True
LS007A,NS5B,174,P,0.224,0.0,0.224,2237,1307,True
LS007A,NS5B,174,V,0.134,0.0,0.134,2237,1307,True
LS007A,NS5B,174,S,0.045,0.0,0.045,2237,1307,True
LS007A,NS5B,174,A,99.508,100.0,0.492,2237,1307,True
LS007A,NS5B,175,R,0.342,0.181,0.16,2049,1104,True
LS007A,NS5B,175,P,0.927,1.087,0.16,2049,1104,True
LS007A,NS5B,175,F,0.0,0.181,0.181,2049,1104,True
LS007A,NS5B,175,H,0.098,0.362,0.265,2049,1104,True
LS007A,NS5B,175,L,98.633,98.188,0.445,2049,1104,True
LS007A,NS5B,176,*,0.091,0.0,0.091,2194,1544,True
LS007A,NS5B,176,C,0.137,0.13,0.007,2194,1544,True
LS007A,NS5B,176,S,0.091,0.0,0.091,2194,1544,True
LS007A,NS5B,176,N,0.046,0.065,0.019,2194,1544,True
LS007A,NS5B,176,H,0.228,0.0,0.228,2194,1544,True
LS007A,NS5B,176,Y,99.407,99.806,0.398,2194,1544,True
LS007A,NS5B,177,G,0.502,0.267,0.235,2191,1499,True
LS007A,NS5B,177,N,0.183,0.267,0.084,2191,1499,True
LS007A,NS5B,177,D,99.27,99.4,0.13,2191,1499,True
LS007A,NS5B,177,V,0.0,0.067,0.067,2191,1499,True
LS007A,NS5B,177,A,0.046,0.0,0.046,2191,1499,True
LS007A,NS5B,178,G,0.254,0.0,0.254,1970,1692,True
LS007A,NS5B,178,I,0.0,0.059,0.059,1970,1692,True
LS007A,NS5B,178,D,0.102,0.177,0.076,1970,1692,True
LS007A,NS5B,178,V,98.629,99.35,0.72,1970,1692,True
LS007A,NS5B,178,A,1.015,0.414,0.602,1970,1692,True
LS007A,NS5B,179,T,99.343,99.434,0.09,2132,1766,True
LS007A,NS5B,179,I,0.094,0.227,0.133,2132,1766,True
LS007A,NS5B,179,P,0.094,0.0,0.094,2132,1766,True
LS007A,NS5B,179,A,0.469,0.34,0.129,2132,1766,True
LS007A,NS5B,180,R,99.605,99.849,0.244,2277,1986,True
LS007A,NS5B,180,G,0.044,0.0,0.044,2277,1986,True
LS007A,NS5B,180,P,0.088,0.0,0.088,2277,1986,True
LS007A,NS5B,180,C,0.176,0.151,0.025,2277,1986,True
LS007A,NS5B,180,H,0.088,0.0,0.088,2277,1986,True
LS007A,NS5B,181,R,0.091,0.613,0.522,2193,2121,True
LS007A,NS5B,181,E,0.137,0.094,0.043,2193,2121,True
LS007A,NS5B,181,Q,0.0,0.094,0.094,2193,2121,True
LS007A,NS5B,181,*,0.0,0.094,0.094,2193,2121,True
LS007A,NS5B,181,T,0.091,0.0,0.091,2193,2121,True
LS007A,NS5B,181,N,0.091,0.0,0.091,2193,2121,True
LS007A,NS5B,181,K,99.59,98.821,0.768,2193,2121,True
LS007A,NS5B,181,M,0.0,0.283,0.283,2193,2121,True
LS007A,NS5B,182,Q,0.0,0.09,0.09,2199,2225,True
LS007A,NS5B,182,P,0.136,0.494,0.358,2199,2225,True
LS007A,NS5B,182,S,0.045,0.0,0.045,2199,2225,True
LS007A,NS5B,182,L,99.818,99.326,0.492,2199,2225,True
LS007A,NS5B,182,M,0.0,0.09,0.09,2199,2225,True
LS007A,NS5B,183,P,99.619,99.572,0.047,2100,2338,True
LS007A,NS5B,183,A,0.143,0.0,0.143,2100,2338,True
LS007A,NS5B,183,H,0.095,0.0,0.095,2100,2338,True
LS007A,NS5B,183,S,0.095,0.128,0.033,2100,2338,True
LS007A,NS5B,183,L,0.048,0.299,0.252,2100,2338,True
LS007A,NS5B,184,Q,0.14,0.081,0.058,2150,2463,True
LS007A,NS5B,184,P,0.372,0.731,0.359,2150,2463,True
LS007A,NS5B,184,L,99.442,99.188,0.254,2150,2463,True
LS007A,NS5B,184,M,0.047,0.0,0.047,2150,2463,True
LS007A,NS5B,185,E,0.0,0.078,0.078,2121,2563,True
LS007A,NS5B,185,A,99.576,99.454,0.122,2121,2563,True
LS007A,NS5B,185,S,0.047,0.0,0.047,2121,2563,True
LS007A,NS5B,185,T,0.189,0.156,0.033,2121,2563,True
LS007A,NS5B,185,V,0.189,0.312,0.124,2121,2563,True
LS007A,NS5B,186,E,0.1,0.04,0.061,1992,2513,True
LS007A,NS5B,186,G,0.552,0.159,0.393,1992,2513,True
LS007A,NS5B,186,V,98.896,98.926,0.03,1992,2513,True
LS007A,NS5B,186,A,0.351,0.756,0.405,1992,2513,True
LS007A,NS5B,186,M,0.1,0.119,0.019,1992,2513,True
LS007A,NS5B,187,R,0.097,0.0,0.097,2067,2736,True
LS007A,NS5B,187,L,0.0,0.073,0.073,2067,2736,True
LS007A,NS5B,187,T,0.435,0.11,0.326,2067,2736,True
LS007A,NS5B,187,I,0.484,0.183,0.301,2067,2736,True
LS007A,NS5B,187,V,0.242,0.256,0.014,2067,2736,True
LS007A,NS5B,187,M,98.742,99.379,0.637,2067,2736,True
LS007A,NS5B,188,R,0.102,0.071,0.032,1954,2830,True
LS007A,NS5B,188,E,0.0,0.212,0.212,1954,2830,True
LS007A,NS5B,188,G,99.898,99.505,0.392,1954,2830,True
LS007A,NS5B,188,V,0.0,0.212,0.212,1954,2830,True
LS007A,NS5B,189,Q,0.051,0.0,0.051,1978,2942,True
LS007A,NS5B,189,P,99.444,99.694,0.25,1978,2942,True
LS007A,NS5B,189,A,0.0,0.034,0.034,1978,2942,True
LS007A,NS5B,189,S,0.253,0.17,0.083,1978,2942,True
LS007A,NS5B,189,L,0.253,0.102,0.151,1978,2942,True
LS007A,NS5B,190,T,0.246,0.163,0.083,2033,3674,True
LS007A,NS5B,190,A,99.705,99.728,0.023,2033,3674,True
LS007A,NS5B,190,S,0.0,0.082,0.082,2033,3674,True
LS007A,NS5B,190,V,0.049,0.027,0.022,2033,3674,True
LS007A,NS5B,191,*,0.103,0.0,0.103,1949,3686,True
LS007A,NS5B,191,C,0.051,0.136,0.084,1949,3686,True
LS007A,NS5B,191,F,0.0,0.081,0.081,1949,3686,True
LS007A,NS5B,191,N,0.103,0.0,0.103,1949,3686,True
LS007A,NS5B,191,H,0.154,0.326,0.172,1949,3686,True
LS007A,NS5B,191,Y,99.59,99.457,0.132,1949,3686,True
LS007A,NS5B,192,G,99.687,99.924,0.237,1916,3951,True
LS007A,NS5B,192,C,0.0,0.025,0.025,1916,3951,True
LS007A,NS5B,192,S,0.157,0.025,0.131,1916,3951,True
LS007A,NS5B,192,D,0.052,0.0,0.052,1916,3951,True
LS007A,NS5B,192,A,0.104,0.025,0.079,1916,3951,True
LS007A,NS5B,193,F,99.409,99.406,0.004,1693,4038,True
LS007A,NS5B,193,S,0.059,0.074,0.015,1693,4038,True
LS007A,NS5B,193,I,0.0,0.025,0.025,1693,4038,True
LS007A,NS5B,193,L,0.532,0.446,0.086,1693,4038,True
LS007A,NS5B,193,Y,0.0,0.05,0.05,1693,4038,True
LS007A,NS5B,194,R,0.116,0.516,0.4,1725,4267,True
LS007A,NS5B,194,Q,99.304,99.063,0.242,1725,4267,True
LS007A,NS5B,194,*,0.464,0.07,0.393,1725,4267,True
LS007A,NS5B,194,H,0.0,0.352,0.352,1725,4267,True
LS007A,NS5B,194,L,0.116,0.0,0.116,1725,4267,True
LS007A,NS5B,195,C,0.121,0.138,0.018,1658,4342,True
LS007A,NS5B,195,F,0.0,0.092,0.092,1658,4342,True
LS007A,NS5B,195,S,0.06,0.0,0.06,1658,4342,True
LS007A,NS5B,195,N,0.0,0.023,0.023,1658,4342,True
LS007A,NS5B,195,H,0.06,0.069,0.009,1658,4342,True
LS007A,NS5B,195,Y,99.759,99.678,0.081,1658,4342,True
LS007A,NS5B,196,P,0.312,0.506,0.195,1605,4347,True
LS007A,NS5B,196,*,0.125,0.069,0.056,1605,4347,True
LS007A,NS5B,196,A,0.0,0.069,0.069,1605,4347,True
LS007A,NS5B,196,S,99.502,99.034,0.468,1605,4347,True
LS007A,NS5B,196,T,0.0,0.207,0.207,1605,4347,True
LS007A,NS5B,196,W,0.0,0.023,0.023,1605,4347,True
LS007A,NS5B,196,L,0.062,0.092,0.03,1605,4347,True
LS007A,NS5B,197,S,0.0,0.098,0.098,1544,5126,True
LS007A,NS5B,197,A,0.0,0.02,0.02,1544,5126,True
LS007A,NS5B,197,P,100.0,99.883,0.117,1544,5126,True
LS007A,NS5B,198,R,0.473,0.498,0.025,1479,5021,True
LS007A,NS5B,198,E,0.135,0.1,0.036,1479,5021,True
LS007A,NS5B,198,*,0.203,0.04,0.163,1479,5021,True
LS007A,NS5B,198,N,0.0,0.06,0.06,1479,5021,True
LS007A,NS5B,198,K,99.053,99.303,0.25,1479,5021,True
LS007A,NS5B,198,M,0.135,0.0,0.135,1479,5021,True
LS007A,NS5B,199,R,0.783,0.278,0.505,1277,5035,True
LS007A,NS5B,199,E,0.0,0.06,0.06,1277,5035,True
LS007A,NS5B,199,Q,99.06,99.285,0.225,1277,5035,True
LS007A,NS5B,199,P,0.078,0.079,0.001,1277,5035,True
LS007A,NS5B,199,*,0.078,0.238,0.16,1277,5035,True
LS007A,NS5B,199,L,0.0,0.04,0.04,1277,5035,True
LS007A,NS5B,199,K,0.0,0.02,0.02,1277,5035,True
LS007A,NS5B,200,R,99.424,99.842,0.418,1215,5061,True
LS007A,NS5B,200,G,0.165,0.0,0.165,1215,5061,True
LS007A,NS5B,200,P,0.0,0.02,0.02,1215,5061,True
LS007A,NS5B,200,C,0.082,0.04,0.043,1215,5061,True
LS007A,NS5B,200,S,0.0,0.04,0.04,1215,5061,True
LS007A,NS5B,200,H,0.329,0.059,0.27,1215,5061,True
LS007A,NS5B,201,V,99.652,99.396,0.257,1150,4963,True
LS007A,NS5B,201,A,0.174,0.443,0.269,1150,4963,True
LS007A,NS5B,201,L,0.0,0.02,0.02,1150,4963,True
LS007A,NS5B,201,M,0.174,0.141,0.033,1150,4963,True
LS007A,NS5B,202,E,95.627,99.371,3.744,1052,4771,True
LS007A,NS5B,202,G,0.38,0.398,0.018,1052,4771,True
LS007A,NS5B,202,Q,0.095,0.021,0.074,1052,4771,True
LS007A,NS5B,202,*,2.186,0.0,2.186,1052,4771,True
LS007A,NS5B,202,A,0.0,0.063,0.063,1052,4771,True
LS007A,NS5B,202,D,1.141,0.084,1.057,1052,4771,True
LS007A,NS5B,202,V,0.19,0.021,0.169,1052,4771,True
LS007A,NS5B,202,K,0.38,0.042,0.338,1052,4771,True
LS007A,NS5B,203,R,99.261,99.678,0.417,1082,4963,True
LS007A,NS5B,203,Q,0.185,0.0,0.185,1082,4963,True
LS007A,NS5B,203,C,0.185,0.02,0.165,1082,4963,True
LS007A,NS5B,203,S,0.0,0.04,0.04,1082,4963,True
LS007A,NS5B,203,H,0.37,0.262,0.108,1082,4963,True
LS007A,NS5B,204,P,0.577,0.572,0.005,1040,4721,True
LS007A,NS5B,204,F,0.0,0.148,0.148,1040,4721,True
LS007A,NS5B,204,I,0.0,0.021,0.021,1040,4721,True
LS007A,NS5B,204,V,0.0,0.085,0.085,1040,4721,True
LS007A,NS5B,204,H,0.192,0.0,0.192,1040,4721,True
LS007A,NS5B,204,L,99.231,99.174,0.057,1040,4721,True
LS007A,NS5B,205,I,0.189,0.037,0.152,1060,5443,True
LS007A,NS5B,205,P,0.0,0.717,0.717,1060,5443,True
LS007A,NS5B,205,H,0.0,0.037,0.037,1060,5443,True
LS007A,NS5B,205,F,0.0,0.092,0.092,1060,5443,True
LS007A,NS5B,205,L,99.811,99.118,0.693,1060,5443,True
LS007A,NS5B,206,R,0.472,0.156,0.315,1060,5752,True
LS007A,NS5B,206,Q,98.868,99.531,0.663,1060,5752,True
LS007A,NS5B,206,P,0.094,0.0,0.094,1060,5752,True
LS007A,NS5B,206,*,0.094,0.139,0.045,1060,5752,True
LS007A,NS5B,206,L,0.0,0.035,0.035,1060,5752,True
LS007A,NS5B,206,H,0.472,0.104,0.367,1060,5752,True
LS007A,NS5B,206,K,0.0,0.035,0.035,1060,5752,True
LS007A,NS5B,207,R,0.0,0.017,0.017,1023,5809,True
LS007A,NS5B,207,L,0.0,0.086,0.086,1023,5809,True
LS007A,NS5B,207,T,0.587,0.293,0.294,1023,5809,True
LS007A,NS5B,207,I,0.196,0.138,0.058,1023,5809,True
LS007A,NS5B,207,K,0.0,0.052,0.052,1023,5809,True
LS007A,NS5B,207,V,0.587,0.379,0.208,1023,5809,True
LS007A,NS5B,207,M,98.631,99.036,0.405,1023,5809,True
LS007A,NS5B,208,R,0.233,0.409,0.176,859,5380,True
LS007A,NS5B,208,G,0.582,0.037,0.545,859,5380,True
LS007A,NS5B,208,W,99.185,99.368,0.183,859,5380,True
LS007A,NS5B,208,*,0.0,0.186,0.186,859,5380,True
LS007A,NS5B,209,R,98.264,99.568,1.304,864,5782,True
LS007A,NS5B,209,G,0.116,0.0,0.116,864,5782,True
LS007A,NS5B,209,P,0.231,0.069,0.162,864,5782,True
LS007A,NS5B,209,C,1.157,0.208,0.95,864,5782,True
LS007A,NS5B,209,S,0.0,0.017,0.017,864,5782,True
LS007A,NS5B,209,H,0.231,0.138,0.093,864,5782,True
LS007A,NS5B,210,E,0.242,0.053,0.189,826,5682,True
LS007A,NS5B,210,P,0.0,0.035,0.035,826,5682,True
LS007A,NS5B,210,A,99.274,99.384,0.11,826,5682,True
LS007A,NS5B,210,S,0.0,0.088,0.088,826,5682,True
LS007A,NS5B,210,T,0.242,0.106,0.137,826,5682,True
LS007A,NS5B,210,V,0.242,0.334,0.092,826,5682,True
LS007A,NS5B,211,R,0.734,0.421,0.313,817,5700,True
LS007A,NS5B,211,E,0.49,0.298,0.191,817,5700,True
LS007A,NS5B,211,G,0.0,0.035,0.035,817,5700,True
LS007A,NS5B,211,*,0.0,0.053,0.053,817,5700,True
LS007A,NS5B,211,N,0.0,0.035,0.035,817,5700,True
LS007A,NS5B,211,K,98.776,99.14,0.364,817,5700,True
LS007A,NS5B,211,M,0.0,0.018,0.018,817,5700,True
LS007B,NS5B,162,*,0.091,1.55,1.459,2191,129,True
LS007B,NS5B,162,C,0.274,0.775,0.501,2191,129,True
LS007B,NS5B,162,S,0.046,0.0,0.046,2191,129,True
LS007B,NS5B,162,H,0.137,1.55,1.413,2191,129,True
LS007B,NS5B,162,Y,99.452,96.124,3.328,2191,129,True
LS007B,NS5B,163,L,0.151,0.0,0.151,1986,155,True
LS007B,NS5B,163,P,99.849,100.0,0.151,1986,155,True
LS007B,NS5B,164,E,0.053,0.0,0.053,1893,165,True
LS007B,NS5B,164,N,0.053,0.0,0.053,1893,165,True
LS007B,NS5B,164,G,0.423,0.606,0.183,1893,165,True
LS007B,NS5B,164,A,0.053,0.0,0.053,1893,165,True
LS007B,NS5B,164,D,99.419,99.394,0.025,1893,165,True
LS007B,NS5B,165,R,0.098,0.0,0.098,2044,181,True
LS007B,NS5B,165,Q,0.098,0.0,0.098,2044,181,True
LS007B,NS5B,165,P,0.245,0.0,0.245,2044,181,True
LS007B,NS5B,165,L,99.56,100.0,0.44,2044,181,True
LS007B,NS5B,166,E,0.101,0.365,0.264,1986,274,True
LS007B,NS5B,166,G,99.799,99.27,0.529,1986,274,True
LS007B,NS5B,166,W,0.101,0.0,0.101,1986,274,True
LS007B,NS5B,166,V,0.0,0.365,0.365,1986,274,True
LS007B,NS5B,167,E,0.143,0.0,0.143,2105,515,True
LS007B,NS5B,167,I,0.048,0.194,0.147,2105,515,True
LS007B,NS5B,167,V,99.62,99.612,0.008,2105,515,True
LS007B,NS5B,167,A,0.19,0.194,0.004,2105,515,True
LS007B,NS5B,168,R,99.811,98.279,1.532,2113,523,True
LS007B,NS5B,168,T,0.047,0.0,0.047,2113,523,True
LS007B,NS5B,168,G,0.047,1.53,1.482,2113,523,True
LS007B,NS5B,168,W,0.095,0.0,0.095,2113,523,True
LS007B,NS5B,168,K,0.0,0.191,0.191,2113,523,True
LS007B,NS5B,169,E,0.201,0.0,0.201,1995,693,True
LS007B,NS5B,169,G,0.05,0.0,0.05,1995,693,True
LS007B,NS5B,169,A,0.251,0.0,0.251,1995,693,True
LS007B,NS5B,169,V,99.248,100.0,0.752,1995,693,True
LS007B,NS5B,169,L,0.05,0.0,0.05,1995,693,True
LS007B,NS5B,169,M,0.201,0.0,0.201,1995,693,True
LS007B,NS5B,170,R,0.484,0.266,0.219,2064,753,True
LS007B,NS5B,170,G,0.145,0.0,0.145,2064,753,True
LS007B,NS5B,170,W,0.0,0.266,0.266,2064,753,True
LS007B,NS5B,170,C,99.176,99.469,0.292,2064,753,True
LS007B,NS5B,170,S,0.097,0.0,0.097,2064,753,True
LS007B,NS5B,170,Y,0.097,0.0,0.097,2064,753,True
LS007B,NS5B,171,E,99.591,99.625,0.034,1954,800,True
LS007B,NS5B,171,G,0.307,0.125,0.182,1954,800,True
LS007B,NS5B,171,V,0.0,0.125,0.125,1954,800,True
LS007B,NS5B,171,K,0.102,0.125,0.023,1954,800,True
LS007B,NS5B,172,R,0.207,0.0,0.207,1930,799,True
LS007B,NS5B,172,E,0.259,0.0,0.259,1930,799,True
LS007B,NS5B,172,K,99.534,100.0,0.466,1930,799,True
LS007B,NS5B,173,R,99.274,99.658,0.384,1928,878,True
LS007B,NS5B,173,Q,0.674,0.342,0.333,1928,878,True
LS007B,NS5B,173,L,0.052,0.0,0.052,1928,878,True
LS007B,NS5B,174,P,0.208,0.0,0.208,1921,971,True
LS007B,NS5B,174,A,99.584,99.588,0.005,1921,971,True
LS007B,NS5B,174,V,0.208,0.412,0.204,1921,971,True
LS007B,NS5B,175,R,0.349,0.368,0.019,1721,816,True
LS007B,NS5B,175,P,0.581,1.838,1.257,1721,816,True
LS007B,NS5B,175,F,0.174,0.0,0.174,1721,816,True
LS007B,NS5B,175,H,0.0,0.123,0.123,1721,816,True
LS007B,NS5B,175,L,98.896,97.672,1.224,1721,816,True
LS007B,NS5B,176,N,0.214,0.0,0.214,1865,1127,True
LS007B,NS5B,176,C,0.751,0.089,0.662,1865,1127,True
LS007B,NS5B,176,H,0.054,0.266,0.213,1865,1127,True
LS007B,NS5B,176,Y,98.981,99.645,0.664,1865,1127,True
LS007B,NS5B,177,E,0.0,0.093,0.093,1948,1081,True
LS007B,NS5B,177,G,0.308,0.093,0.216,1948,1081,True
LS007B,NS5B,177,N,0.154,0.37,0.216,1948,1081,True
LS007B,NS5B,177,D,99.435,99.352,0.083,1948,1081,True
LS007B,NS5B,177,H,0.0,0.093,0.093,1948,1081,True
LS007B,NS5B,177,V,0.103,0.0,0.103,1948,1081,True
LS007B,NS5B,178,G,0.233,0.0,0.233,1719,1243,True
LS007B,NS5B,178,A,0.582,0.402,0.179,1719,1243,True
LS007B,NS5B,178,F,0.0,0.08,0.08,1719,1243,True
LS007B,NS5B,178,L,0.116,0.0,0.116,1719,1243,True
LS007B,NS5B,178,I,0.0,0.08,0.08,1719,1243,True
LS007B,NS5B,178,V,98.313,99.437,1.124,1719,1243,True
LS007B,NS5B,178,D,0.756,0.0,0.756,1719,1243,True
LS007B,NS5B,179,T,99.948,98.929,1.019,1913,1400,True
LS007B,NS5B,179,I,0.0,0.214,0.214,1913,1400,True
LS007B,NS5B,179,A,0.052,0.857,0.805,1913,1400,True
LS007B,NS5B,180,R,99.657,99.429,0.228,2043,1577,True
LS007B,NS5B,180,C,0.098,0.444,0.346,2043,1577,True
LS007B,NS5B,180,H,0.147,0.127,0.02,2043,1577,True
LS007B,NS5B,180,Y,0.098,0.0,0.098,2043,1577,True
LS007B,NS5B,181,R,0.461,0.701,0.24,1952,1711,True
LS007B,NS5B,181,E,0.154,0.234,0.08,1952,1711,True
LS007B,NS5B,181,*,0.0,0.058,0.058,1952,1711,True
LS007B,NS5B,181,K,99.283,99.006,0.276,1952,1711,True
LS007B,NS5B,181,M,0.102,0.0,0.102,1952,1711,True
LS007B,NS5B,182,Q,0.05,0.0,0.05,1984,1831,True
LS007B,NS5B,182,P,0.302,0.382,0.08,1984,1831,True
LS007B,NS5B,182,V,0.05,0.0,0.05,1984,1831,True
LS007B,NS5B,182,L,99.546,99.563,0.017,1984,1831,True
LS007B,NS5B,182,M,0.05,0.055,0.004,1984,1831,True
LS007B,NS5B,183,R,0.0,0.053,0.053,1867,1891,True
LS007B,NS5B,183,P,99.839,99.683,0.157,1867,1891,True
LS007B,NS5B,183,A,0.0,0.053,0.053,1867,1891,True
LS007B,NS5B,183,S,0.161,0.0,0.161,1867,1891,True
LS007B,NS5B,183,L,0.0,0.212,0.212,1867,1891,True
LS007B,NS5B,184,R,0.0,0.153,0.153,1925,1962,True
LS007B,NS5B,184,Q,0.156,0.0,0.156,1925,1962,True
LS007B,NS5B,184,P,0.052,0.255,0.203,1925,1962,True
LS007B,NS5B,184,L,99.792,99.592,0.2,1925,1962,True
LS007B,NS5B,185,T,0.104,0.0,0.104,1922,2144,True
LS007B,NS5B,185,E,0.104,0.0,0.104,1922,2144,True
LS007B,NS5B,185,A,99.792,100.0,0.208,1922,2144,True
LS007B,NS5B,186,E,0.113,0.044,0.069,1765,2282,True
LS007B,NS5B,186,G,0.113,0.044,0.069,1765,2282,True
LS007B,NS5B,186,I,0.057,0.131,0.075,1765,2282,True
LS007B,NS5B,186,V,99.377,99.474,0.097,1765,2282,True
LS007B,NS5B,186,A,0.34,0.307,0.033,1765,2282,True
LS007B,NS5B,187,R,0.054,0.0,0.054,1863,2488,True
LS007B,NS5B,187,L,0.107,0.08,0.027,1863,2488,True
LS007B,NS5B,187,T,0.215,0.523,0.308,1863,2488,True
LS007B,NS5B,187,I,0.107,0.322,0.214,1863,2488,True
LS007B,NS5B,187,K,0.054,0.08,0.027,1863,2488,True
LS007B,NS5B,187,V,0.215,0.08,0.134,1863,2488,True
LS007B,NS5B,187,M,99.249,98.915,0.334,1863,2488,True
LS007B,NS5B,188,R,0.173,0.039,0.134,1737,2555,True
LS007B,NS5B,188,E,0.23,0.078,0.152,1737,2555,True
LS007B,NS5B,188,G,99.539,99.843,0.304,1737,2555,True
LS007B,NS5B,188,A,0.058,0.039,0.018,1737,2555,True
LS007B,NS5B,189,Q,0.0,0.111,0.111,1751,2701,True
LS007B,NS5B,189,P,99.486,99.593,0.107,1751,2701,True
LS007B,NS5B,189,S,0.0,0.148,0.148,1751,2701,True
LS007B,NS5B,189,L,0.514,0.148,0.366,1751,2701,True
LS007B,NS5B,190,P,0.0,0.032,0.032,1834,3147,True
LS007B,NS5B,190,A,99.182,99.047,0.135,1834,3147,True
LS007B,NS5B,190,T,0.763,0.763,0.001,1834,3147,True
LS007B,NS5B,190,D,0.0,0.032,0.032,1834,3147,True
LS007B,NS5B,190,V,0.055,0.127,0.073,1834,3147,True
LS007B,NS5B,191,*,0.0,0.063,0.063,1761,3155,True
LS007B,NS5B,191,C,0.114,0.285,0.172,1761,3155,True
LS007B,NS5B,191,F,0.114,0.032,0.082,1761,3155,True
LS007B,NS5B,191,H,0.17,0.095,0.075,1761,3155,True
LS007B,NS5B,191,Y,99.602,99.525,0.078,1761,3155,True
LS007B,NS5B,192,N,0.0,0.112,0.112,1724,3569,True
LS007B,NS5B,192,G,100.0,99.804,0.196,1724,3569,True
LS007B,NS5B,192,D,0.0,0.056,0.056,1724,3569,True
LS007B,NS5B,192,S,0.0,0.028,0.028,1724,3569,True
LS007B,NS5B,193,I,0.27,0.0,0.27,1483,3624,True
LS007B,NS5B,193,F,98.921,99.007,0.086,1483,3624,True
LS007B,NS5B,193,S,0.405,0.331,0.073,1483,3624,True
LS007B,NS5B,193,L,0.405,0.662,0.258,1483,3624,True
LS007B,NS5B,194,R,0.192,0.289,0.097,1559,3800,True
LS007B,NS5B,194,Q,99.359,99.5,0.141,1559,3800,True
LS007B,NS5B,194,*,0.128,0.158,0.03,1559,3800,True
LS007B,NS5B,194,L,0.321,0.053,0.268,1559,3800,True
LS007B,NS5B,195,N,0.067,0.0,0.067,1488,3852,True
LS007B,NS5B,195,H,0.0,0.104,0.104,1488,3852,True
LS007B,NS5B,195,C,0.067,0.078,0.011,1488,3852,True
LS007B,NS5B,195,F,0.134,0.0,0.134,1488,3852,True
LS007B,NS5B,195,Y,99.731,99.818,0.087,1488,3852,True
LS007B,NS5B,196,P,0.44,0.609,0.169,1364,3777,True
LS007B,NS5B,196,A,0.0,0.053,0.053,1364,3777,True
LS007B,NS5B,196,S,99.34,99.232,0.108,1364,3777,True
LS007B,NS5B,196,T,0.0,0.026,0.026,1364,3777,True
LS007B,NS5B,196,W,0.0,0.026,0.026,1364,3777,True
LS007B,NS5B,196,L,0.22,0.053,0.167,1364,3777,True
LS007B,NS5B,197,R,0.0,0.022,0.022,1350,4519,True
LS007B,NS5B,197,L,0.0,0.066,0.066,1350,4519,True
LS007B,NS5B,197,P,100.0,99.911,0.089,1350,4519,True
LS007B,NS5B,198,R,0.078,0.44,0.362,1279,4316,True
LS007B,NS5B,198,E,0.078,0.324,0.246,1279,4316,True
LS007B,NS5B,198,*,0.078,0.023,0.055,1279,4316,True
LS007B,NS5B,198,T,0.0,0.023,0.023,1279,4316,True
LS007B,NS5B,198,K,98.358,99.004,0.646,1279,4316,True
LS007B,NS5B,198,M,1.407,0.185,1.222,1279,4316,True
LS007B,NS5B,199,R,0.0,0.226,0.226,1063,4433,True
LS007B,NS5B,199,Q,99.718,99.504,0.214,1063,4433,True
LS007B,NS5B,199,P,0.0,0.113,0.113,1063,4433,True
LS007B,NS5B,199,*,0.282,0.113,0.169,1063,4433,True
LS007B,NS5B,199,H,0.0,0.023,0.023,1063,4433,True
LS007B,NS5B,199,L,0.0,0.023,0.023,1063,4433,True
LS007B,NS5B,200,R,99.803,99.397,0.405,1014,4480,True
LS007B,NS5B,200,C,0.0,0.045,0.045,1014,4480,True
LS007B,NS5B,200,H,0.197,0.312,0.115,1014,4480,True
LS007B,NS5B,200,S,0.0,0.246,0.246,1014,4480,True
LS007B,NS5B,201,E,0.0,0.087,0.087,954,4585,True
LS007B,NS5B,201,G,0.21,0.022,0.188,954,4585,True
LS007B,NS5B,201,A,0.0,0.611,0.611,954,4585,True
LS007B,NS5B,201,L,0.0,0.022,0.022,954,4585,True
LS007B,NS5B,201,I,0.0,0.044,0.044,954,4585,True
LS007B,NS5B,201,V,99.79,99.149,0.641,954,4585,True
LS007B,NS5B,201,M,0.0,0.065,0.065,954,4585,True
LS007B,NS5B,202,E,97.133,95.93,1.203,837,4373,True
LS007B,NS5B,202,G,0.358,0.274,0.084,837,4373,True
LS007B,NS5B,202,*,2.389,0.046,2.344,837,4373,True
LS007B,NS5B,202,K,0.0,0.046,0.046,837,4373,True
LS007B,NS5B,202,V,0.0,0.114,0.114,837,4373,True
LS007B,NS5B,202,D,0.119,3.59,3.471,837,4373,True
LS007B,NS5B,203,R,99.578,99.799,0.221,948,4486,True
LS007B,NS5B,203,P,0.0,0.022,0.022,948,4486,True
LS007B,NS5B,203,C,0.211,0.022,0.189,948,4486,True
LS007B,NS5B,203,H,0.211,0.111,0.1,948,4486,True
LS007B,NS5B,203,L,0.0,0.045,0.045,948,4486,True
LS007B,NS5B,204,P,0.786,0.3,0.486,891,4340,True
LS007B,NS5B,204,F,0.224,0.438,0.213,891,4340,True
LS007B,NS5B,204,L,98.653,99.24,0.586,891,4340,True
LS007B,NS5B,204,H,0.224,0.023,0.201,891,4340,True
LS007B,NS5B,204,V,0.112,0.0,0.112,891,4340,True
LS007B,NS5B,205,P,0.54,0.126,0.414,926,4770,True
LS007B,NS5B,205,F,0.324,0.042,0.282,926,4770,True
LS007B,NS5B,205,L,99.028,99.769,0.741,926,4770,True
LS007B,NS5B,205,H,0.0,0.042,0.042,926,4770,True
LS007B,NS5B,205,V,0.108,0.021,0.087,926,4770,True
LS007B,NS5B,206,R,0.0,0.997,0.997,952,5014,True
LS007B,NS5B,206,E,0.0,0.04,0.04,952,5014,True
LS007B,NS5B,206,Q,98.004,98.684,0.679,952,5014,True
LS007B,NS5B,206,P,0.0,0.04,0.04,952,5014,True
LS007B,NS5B,206,*,1.576,0.199,1.376,952,5014,True
LS007B,NS5B,206,L,0.21,0.0,0.21,952,5014,True
LS007B,NS5B,206,H,0.0,0.04,0.04,952,5014,True
LS007B,NS5B,206,K,0.21,0.0,0.21,952,5014,True
LS007B,NS5B,207,L,0.0,0.079,0.079,918,5055,True
LS007B,NS5B,207,T,0.0,0.475,0.475,918,5055,True
LS007B,NS5B,207,K,0.218,0.0,0.218,918,5055,True
LS007B,NS5B,207,I,0.0,0.099,0.099,918,5055,True
LS007B,NS5B,207,V,0.654,0.257,0.396,918,5055,True
LS007B,NS5B,207,M,99.129,99.09,0.039,918,5055,True
LS007B,NS5B,208,R,0.39,0.298,0.092,769,4698,True
LS007B,NS5B,208,G,0.26,0.128,0.132,769,4698,True
LS007B,NS5B,208,*,0.13,0.277,0.147,769,4698,True
LS007B,NS5B,208,C,0.13,0.128,0.002,769,4698,True
LS007B,NS5B,208,S,0.0,0.043,0.043,769,4698,True
LS007B,NS5B,208,W,99.09,99.127,0.038,769,4698,True
LS007B,NS5B,209,C,0.0,0.154,0.154,785,5198,True
LS007B,NS5B,209,R,100.0,99.769,0.231,785,5198,True
LS007B,NS5B,209,H,0.0,0.077,0.077,785,5198,True
LS007B,NS5B,210,P,0.0,0.098,0.098,733,5096,True
LS007B,NS5B,210,A,97.954,98.921,0.967,733,5096,True
LS007B,NS5B,210,S,0.0,0.039,0.039,733,5096,True
LS007B,NS5B,210,T,1.91,0.137,1.773,733,5096,True
LS007B,NS5B,210,V,0.136,0.805,0.668,733,5096,True
LS007B,NS5B,211,R,0.846,0.631,0.215,709,5073,True
LS007B,NS5B,211,E,0.846,0.296,0.551,709,5073,True
LS007B,NS5B,211,G,0.0,0.02,0.02,709,5073,True
LS007B,NS5B,211,N,0.0,0.039,0.039,709,5073,True
LS007B,NS5B,211,K,98.307,98.896,0.589,709,5073,True
LS007B,NS5B,211,M,0.0,0.118,0.118,709,5073,True
LS019A,NS5B,163,T,0.0,1.111,1.111,1120,180,True
LS019A,NS5B,163,S,0.357,0.0,0.357,1120,180,True
LS019A,NS5B,163,P,99.643,98.889,0.754,1120,180,True
LS019A,NS5B,164,E,0.182,0.0,0.182,1097,203,True
LS019A,NS5B,164,N,0.0,0.985,0.985,1097,203,True
LS019A,NS5B,164,G,0.273,0.0,0.273,1097,203,True
LS019A,NS5B,164,V,0.0,0.493,0.493,1097,203,True
LS019A,NS5B,164,D,99.544,95.567,3.978,1097,203,True
LS019A,NS5B,164,Y,0.0,2.956,2.956,1097,203,True
LS019A,NS5B,165,L,99.901,100.0,0.099,1012,230,True
LS019A,NS5B,165,P,0.099,0.0,0.099,1012,230,True
LS019A,NS5B,166,R,0.0,0.489,0.489,991,409,True
LS019A,NS5B,166,E,0.0,0.244,0.244,991,409,True
LS019A,NS5B,166,G,100.0,99.267,0.733,991,409,True
LS019A,NS5B,167,I,0.208,0.871,0.663,962,804,True
LS019A,NS5B,167,G,0.0,0.124,0.124,962,804,True
LS019A,NS5B,167,V,99.584,98.632,0.952,962,804,True
LS019A,NS5B,167,A,0.208,0.373,0.165,962,804,True
LS019A,NS5B,168,R,99.333,98.758,0.576,900,805,True
LS019A,NS5B,168,G,0.556,0.497,0.059,900,805,True
LS019A,NS5B,168,S,0.111,0.373,0.262,900,805,True
LS019A,NS5B,168,T,0.0,0.124,0.124,900,805,True
LS019A,NS5B,168,K,0.0,0.248,0.248,900,805,True
LS019A,NS5B,169,A,0.0,0.203,0.203,452,983,True
LS019A,NS5B,169,V,100.0,99.695,0.305,452,983,True
LS019A,NS5B,169,L,0.0,0.102,0.102,452,983,True
LS019A,NS5B,170,C,100.0,99.247,0.753,432,1062,True
LS019A,NS5B,170,R,0.0,0.659,0.659,432,1062,True
LS019A,NS5B,170,W,0.0,0.094,0.094,432,1062,True
LS019A,NS5B,171,E,100.0,99.177,0.823,183,1094,True
LS019A,NS5B,171,K,0.0,0.366,0.366,183,1094,True
LS019A,NS5B,171,G,0.0,0.274,0.274,183,1094,True
LS019A,NS5B,171,*,0.0,0.091,0.091,183,1094,True
LS019A,NS5B,171,V,0.0,0.091,0.091,183,1094,True
LS019A,NS5B,172,E,2.5,0.0,2.5,160,1109,True
LS019A,NS5B,172,K,97.5,100.0,2.5,160,1109,True
LS019A,NS5B,173,R,100.0,100.0,0.0,137,1276,True
LS019A,NS5B,174,T,0.0,0.222,0.222,130,1350,True
LS019A,NS5B,174,P,0.0,0.074,0.074,130,1350,True
LS019A,NS5B,174,V,0.0,0.296,0.296,130,1350,True
LS019A,NS5B,174,A,100.0,99.407,0.593,130,1350,True
LS019A,NS5B,175,L,100.0,99.474,0.526,129,1521,True
LS019A,NS5B,175,P,0.0,0.526,0.526,129,1521,True
LS019A,NS5B,176,H,0.0,0.117,0.117,129,1716,True
LS019A,NS5B,176,C,0.0,0.233,0.233,129,1716,True
LS019A,NS5B,176,F,0.0,0.058,0.058,129,1716,True
LS019A,NS5B,176,Y,100.0,99.592,0.408,129,1716,True
LS019A,NS5B,177,N,0.0,0.515,0.515,119,1553,True
LS019A,NS5B,177,G,0.0,0.451,0.451,119,1553,True
LS019A,NS5B,177,V,0.0,0.322,0.322,119,1553,True
LS019A,NS5B,177,D,100.0,98.583,1.417,119,1553,True
LS019A,NS5B,177,Y,0.0,0.129,0.129,119,1553,True
LS019A,NS5B,178,I,0.926,0.292,0.634,108,1714,True
LS019A,NS5B,178,A,0.0,0.525,0.525,108,1714,True
LS019A,NS5B,178,V,99.074,99.183,0.109,108,1714,True
LS019A,NS5B,179,A,0.0,0.107,0.107,112,1865,True
LS019A,NS5B,179,T,99.107,99.893,0.786,112,1865,True
LS019A,NS5B,179,K,0.893,0.0,0.893,112,1865,True
LS019A,NS5B,180,R,98.261,99.654,1.393,115,2025,True
LS019A,NS5B,180,C,1.739,0.099,1.64,115,2025,True
LS019A,NS5B,180,H,0.0,0.247,0.247,115,2025,True
LS019A,NS5B,181,R,0.0,0.598,0.598,110,1838,True
LS019A,NS5B,181,E,0.909,0.272,0.637,110,1838,True
LS019A,NS5B,181,*,0.0,0.054,0.054,110,1838,True
LS019A,NS5B,181,K,99.091,99.075,0.016,110,1838,True
LS019A,NS5B,182,L,100.0,99.752,0.248,108,2017,True
LS019A,NS5B,182,Q,0.0,0.05,0.05,108,2017,True
LS019A,NS5B,182,P,0.0,0.198,0.198,108,2017,True
LS019A,NS5B,184,V,0.0,0.09,0.09,101,2233,True
LS019A,NS5B,184,L,100.0,99.597,0.403,101,2233,True
LS019A,NS5B,184,P,0.0,0.313,0.313,101,2233,True
LS019B,NS5B,167,A,0.262,0.0,0.262,1147,138,True
LS019B,NS5B,167,I,0.087,0.0,0.087,1147,138,True
LS019B,NS5B,167,V,99.651,100.0,0.349,1147,138,True
LS019B,NS5B,168,R,99.631,98.701,0.929,1083,154,True
LS019B,NS5B,168,G,0.369,1.299,0.929,1083,154,True
LS019B,NS5B,169,V,100.0,99.75,0.25,489,400,True
LS019B,NS5B,169,L,0.0,0.25,0.25,489,400,True
LS019B,NS5B,170,C,100.0,99.646,0.354,472,565,True
LS019B,NS5B,170,S,0.0,0.354,0.354,472,565,True
LS019B,NS5B,171,E,100.0,99.484,0.516,161,581,True
LS019B,NS5B,171,K,0.0,0.172,0.172,161,581,True
LS019B,NS5B,171,G,0.0,0.344,0.344,161,581,True
LS019B,NS5B,172,R,0.0,0.319,0.319,140,626,True
LS019B,NS5B,172,E,0.0,0.16,0.16,140,626,True
LS019B,NS5B,172,*,0.0,0.319,0.319,140,626,True
LS019B,NS5B,172,K,100.0,99.201,0.799,140,626,True
LS020B,NS5B,162,H,0.279,0.0,0.279,3582,129,True
LS020B,NS5B,162,N,0.056,0.0,0.056,3582,129,True
LS020B,NS5B,162,*,0.112,0.0,0.112,3582,129,True
LS020B,NS5B,162,C,0.251,0.0,0.251,3582,129,True
LS020B,NS5B,162,F,0.028,0.0,0.028,3582,129,True
LS020B,NS5B,162,Y,99.274,100.0,0.726,3582,129,True
LS020B,NS5B,163,T,0.06,0.0,0.06,3335,149,True
LS020B,NS5B,163,S,0.06,0.0,0.06,3335,149,True
LS020B,NS5B,163,P,99.88,100.0,0.12,3335,149,True
LS020B,NS5B,164,N,0.031,0.0,0.031,3244,162,True
LS020B,NS5B,164,G,0.37,0.0,0.37,3244,162,True
LS020B,NS5B,164,D,99.507,100.0,0.493,3244,162,True
LS020B,NS5B,164,A,0.092,0.0,0.092,3244,162,True
LS020B,NS5B,165,R,0.029,0.0,0.029,3412,205,True
LS020B,NS5B,165,Q,0.029,0.0,0.029,3412,205,True
LS020B,NS5B,165,P,0.088,0.488,0.4,3412,205,True
LS020B,NS5B,165,L,99.795,99.512,0.283,3412,205,True
LS020B,NS5B,165,M,0.059,0.0,0.059,3412,205,True
LS020B,NS5B,166,R,0.298,0.0,0.298,3357,345,True
LS020B,NS5B,166,E,0.03,2.319,2.289,3357,345,True
LS020B,NS5B,166,G,99.583,97.391,2.192,3357,345,True
LS020B,NS5B,166,*,0.06,0.0,0.06,3357,345,True
LS020B,NS5B,166,V,0.03,0.29,0.26,3357,345,True
LS020B,NS5B,167,I,0.057,0.0,0.057,3507,585,True
LS020B,NS5B,167,V,99.914,99.829,0.085,3507,585,True
LS020B,NS5B,167,A,0.029,0.171,0.142,3507,585,True
LS020B,NS5B,168,R,99.546,99.531,0.015,3525,640,True
LS020B,NS5B,168,K,0.057,0.0,0.057,3525,640,True
LS020B,NS5B,168,G,0.312,0.469,0.157,3525,640,True
LS020B,NS5B,168,W,0.057,0.0,0.057,3525,640,True
LS020B,NS5B,168,S,0.028,0.0,0.028,3525,640,True
LS020B,NS5B,169,E,0.098,0.0,0.098,3075,837,True
LS020B,NS5B,169,G,0.098,0.0,0.098,3075,837,True
LS020B,NS5B,169,A,0.163,0.239,0.076,3075,837,True
LS020B,NS5B,169,V,99.61,99.761,0.151,3075,837,True
LS020B,NS5B,169,L,0.033,0.0,0.033,3075,837,True
LS020B,NS5B,170,R,0.293,0.422,0.129,3075,948,True
LS020B,NS5B,170,G,0.163,0.0,0.163,3075,948,True
LS020B,NS5B,170,*,0.098,0.0,0.098,3075,948,True
LS020B,NS5B,170,C,99.447,99.578,0.131,3075,948,True
LS020B,NS5B,171,E,99.292,100.0,0.708,2968,984,True
LS020B,NS5B,171,K,0.168,0.0,0.168,2968,984,True
LS020B,NS5B,171,G,0.438,0.0,0.438,2968,984,True
LS020B,NS5B,171,*,0.034,0.0,0.034,2968,984,True
LS020B,NS5B,171,V,0.067,0.0,0.067,2968,984,True
LS020B,NS5B,172,R,0.476,0.0,0.476,2944,982,True
LS020B,NS5B,172,E,0.238,0.102,0.136,2944,982,True
LS020B,NS5B,172,Q,0.068,0.0,0.068,2944,982,True
LS020B,NS5B,172,*,0.136,0.102,0.034,2944,982,True
LS020B,NS5B,172,N,0.034,0.0,0.034,2944,982,True
LS020B,NS5B,172,K,99.049,99.796,0.747,2944,982,True
LS020B,NS5B,173,R,99.932,99.647,0.286,2950,1132,True
LS020B,NS5B,173,Q,0.068,0.265,0.197,2950,1132,True
LS020B,NS5B,173,L,0.0,0.088,0.088,2950,1132,True
LS020B,NS5B,174,T,0.237,0.0,0.237,2955,1222,True
LS020B,NS5B,174,P,0.034,0.0,0.034,2955,1222,True
LS020B,NS5B,174,A,99.662,99.836,0.175,2955,1222,True
LS020B,NS5B,174,V,0.068,0.164,0.096,2955,1222,True
LS020B,NS5B,175,R,0.38,0.285,0.095,2629,1052,True
LS020B,NS5B,175,P,1.141,1.616,0.475,2629,1052,True
LS020B,NS5B,175,F,0.152,0.095,0.057,2629,1052,True
LS020B,NS5B,175,H,0.0,0.19,0.19,2629,1052,True
LS020B,NS5B,175,L,98.326,97.814,0.513,2629,1052,True
LS020B,NS5B,176,C,0.104,0.463,0.359,2872,1512,True
LS020B,NS5B,176,F,0.104,0.0,0.104,2872,1512,True
LS020B,NS5B,176,S,0.035,0.0,0.035,2872,1512,True
LS020B,NS5B,176,N,0.035,0.066,0.031,2872,1512,True
LS020B,NS5B,176,H,0.418,0.331,0.087,2872,1512,True
LS020B,NS5B,176,D,0.0,0.066,0.066,2872,1512,True
LS020B,NS5B,176,Y,99.304,99.074,0.23,2872,1512,True
LS020B,NS5B,177,E,0.072,0.0,0.072,2786,1478,True
LS020B,NS5B,177,G,0.431,0.203,0.228,2786,1478,True
LS020B,NS5B,177,N,0.072,0.203,0.131,2786,1478,True
LS020B,NS5B,177,D,99.246,99.594,0.348,2786,1478,True
LS020B,NS5B,177,V,0.072,0.0,0.072,2786,1478,True
LS020B,NS5B,177,A,0.108,0.0,0.108,2786,1478,True
LS020B,NS5B,178,G,0.081,0.182,0.101,2467,1651,True
LS020B,NS5B,178,I,0.0,0.061,0.061,2467,1651,True
LS020B,NS5B,178,D,0.122,0.0,0.122,2467,1651,True
LS020B,NS5B,178,V,98.865,99.334,0.469,2467,1651,True
LS020B,NS5B,178,A,0.932,0.424,0.508,2467,1651,True
LS020B,NS5B,179,T,99.27,99.618,0.348,2328,1833,True
LS020B,NS5B,179,I,0.344,0.0,0.344,2328,1833,True
LS020B,NS5B,179,P,0.086,0.055,0.031,2328,1833,True
LS020B,NS5B,179,A,0.301,0.327,0.027,2328,1833,True
LS020B,NS5B,180,R,1.256,12.051,10.796,2469,1950,True
LS020B,NS5B,180,C,98.461,87.692,10.769,2469,1950,True
LS020B,NS5B,180,S,0.0,0.051,0.051,2469,1950,True
LS020B,NS5B,180,W,0.041,0.103,0.062,2469,1950,True
LS020B,NS5B,180,Y,0.243,0.103,0.14,2469,1950,True
LS020B,NS5B,181,R,0.043,0.105,0.062,2308,1904,True
LS020B,NS5B,181,E,0.39,0.105,0.285,2308,1904,True
LS020B,NS5B,181,*,0.087,0.0,0.087,2308,1904,True
LS020B,NS5B,181,T,0.13,0.0,0.13,2308,1904,True
LS020B,NS5B,181,N,0.043,0.053,0.009,2308,1904,True
LS020B,NS5B,181,I,0.26,0.053,0.207,2308,1904,True
LS020B,NS5B,181,K,99.047,99.685,0.638,2308,1904,True
LS020B,NS5B,182,L,99.88,99.782,0.098,2495,2296,True
LS020B,NS5B,182,P,0.12,0.218,0.098,2495,2296,True
LS020B,NS5B,183,R,0.042,0.0,0.042,2404,2405,True
LS020B,NS5B,183,P,99.626,99.917,0.291,2404,2405,True
LS020B,NS5B,183,S,0.166,0.0,0.166,2404,2405,True
LS020B,NS5B,183,L,0.042,0.042,0.0,2404,2405,True
LS020B,NS5B,183,H,0.042,0.0,0.042,2404,2405,True
LS020B,NS5B,183,A,0.083,0.042,0.042,2404,2405,True
LS020B,NS5B,184,Q,0.041,0.04,0.002,2425,2531,True
LS020B,NS5B,184,P,0.289,0.395,0.106,2425,2531,True
LS020B,NS5B,184,L,99.629,99.407,0.222,2425,2531,True
LS020B,NS5B,184,V,0.041,0.0,0.041,2425,2531,True
LS020B,NS5B,184,M,0.0,0.158,0.158,2425,2531,True
LS020B,NS5B,185,T,0.126,0.191,0.065,2383,2613,True
LS020B,NS5B,185,E,0.0,0.038,0.038,2383,2613,True
LS020B,NS5B,185,V,0.0,0.115,0.115,2383,2613,True
LS020B,NS5B,185,S,0.0,0.038,0.038,2383,2613,True
LS020B,NS5B,185,A,99.874,99.617,0.257,2383,2613,True
LS020B,NS5B,186,E,0.0,0.156,0.156,2246,2566,True
LS020B,NS5B,186,G,0.223,0.039,0.184,2246,2566,True
LS020B,NS5B,186,I,0.0,0.039,0.039,2246,2566,True
LS020B,NS5B,186,V,99.555,99.493,0.061,2246,2566,True
LS020B,NS5B,186,A,0.178,0.195,0.017,2246,2566,True
LS020B,NS5B,186,M,0.045,0.078,0.033,2246,2566,True
LS020B,NS5B,187,T,0.044,0.106,0.061,2261,2839,True
LS020B,NS5B,187,I,0.088,0.141,0.052,2261,2839,True
LS020B,NS5B,187,V,0.31,0.07,0.239,2261,2839,True
LS020B,NS5B,187,K,0.044,0.0,0.044,2261,2839,True
LS020B,NS5B,187,M,99.513,99.683,0.169,2261,2839,True
LS020B,NS5B,188,R,0.223,0.033,0.19,2241,2999,True
LS020B,NS5B,188,E,0.178,0.133,0.045,2241,2999,True
LS020B,NS5B,188,G,99.554,99.833,0.28,2241,2999,True
LS020B,NS5B,188,A,0.045,0.0,0.045,2241,2999,True
LS020B,NS5B,189,P,99.254,99.71,0.456,2145,3107,True
LS020B,NS5B,189,S,0.466,0.064,0.402,2145,3107,True
LS020B,NS5B,189,L,0.093,0.097,0.003,2145,3107,True
LS020B,NS5B,189,T,0.047,0.0,0.047,2145,3107,True
LS020B,NS5B,189,A,0.14,0.129,0.011,2145,3107,True
LS020B,NS5B,190,G,0.046,0.0,0.046,2180,3671,True
LS020B,NS5B,190,A,99.358,99.7,0.343,2180,3671,True
LS020B,NS5B,190,T,0.505,0.082,0.423,2180,3671,True
LS020B,NS5B,190,D,0.0,0.027,0.027,2180,3671,True
LS020B,NS5B,190,V,0.092,0.191,0.099,2180,3671,True
LS020B,NS5B,191,*,0.291,0.054,0.236,2065,3693,True
LS020B,NS5B,191,C,0.145,0.081,0.064,2065,3693,True
LS020B,NS5B,191,F,0.0,0.027,0.027,2065,3693,True
LS020B,NS5B,191,S,0.0,0.054,0.054,2065,3693,True
LS020B,NS5B,191,H,0.145,0.081,0.064,2065,3693,True
LS020B,NS5B,191,Y,99.419,99.702,0.283,2065,3693,True
LS020B,NS5B,192,G,99.455,99.664,0.209,2019,4172,True
LS020B,NS5B,192,C,0.05,0.0,0.05,2019,4172,True
LS020B,NS5B,192,S,0.05,0.216,0.166,2019,4172,True
LS020B,NS5B,192,D,0.297,0.096,0.201,2019,4172,True
LS020B,NS5B,192,V,0.0,0.024,0.024,2019,4172,True
LS020B,NS5B,192,A,0.149,0.0,0.149,2019,4172,True
LS020B,NS5B,193,C,0.0,0.024,0.024,1655,4127,True
LS020B,NS5B,193,F,99.335,99.249,0.086,1655,4127,True
LS020B,NS5B,193,S,0.423,0.097,0.326,1655,4127,True
LS020B,NS5B,193,I,0.121,0.145,0.025,1655,4127,True
LS020B,NS5B,193,V,0.0,0.048,0.048,1655,4127,True
LS020B,NS5B,193,L,0.121,0.339,0.218,1655,4127,True
LS020B,NS5B,193,Y,0.0,0.097,0.097,1655,4127,True
LS020B,NS5B,194,R,0.223,0.402,0.179,1793,4479,True
LS020B,NS5B,194,E,0.279,0.0,0.279,1793,4479,True
LS020B,NS5B,194,Q,99.442,99.375,0.067,1793,4479,True
LS020B,NS5B,194,P,0.0,0.022,0.022,1793,4479,True
LS020B,NS5B,194,*,0.0,0.156,0.156,1793,4479,True
LS020B,NS5B,194,L,0.056,0.045,0.011,1793,4479,True
LS020B,NS5B,195,*,0.058,0.044,0.014,1723,4590,True
LS020B,NS5B,195,C,0.29,0.131,0.159,1723,4590,True
LS020B,NS5B,195,S,0.058,0.0,0.058,1723,4590,True
LS020B,NS5B,195,N,0.116,0.0,0.116,1723,4590,True
LS020B,NS5B,195,H,0.464,0.24,0.225,1723,4590,True
LS020B,NS5B,195,Y,99.013,99.586,0.573,1723,4590,True
LS020B,NS5B,196,P,0.187,0.688,0.501,1603,4503,True
LS020B,NS5B,196,S,99.251,99.067,0.184,1603,4503,True
LS020B,NS5B,196,T,0.062,0.044,0.018,1603,4503,True
LS020B,NS5B,196,W,0.312,0.089,0.223,1603,4503,True
LS020B,NS5B,196,L,0.187,0.111,0.076,1603,4503,True
LS020B,NS5B,197,R,0.0,0.036,0.036,1568,5542,True
LS020B,NS5B,197,P,99.617,99.928,0.31,1568,5542,True
LS020B,NS5B,197,H,0.383,0.0,0.383,1568,5542,True
LS020B,NS5B,197,S,0.0,0.036,0.036,1568,5542,True
LS020B,NS5B,198,R,0.199,0.286,0.087,1510,5247,True
LS020B,NS5B,198,E,0.066,0.076,0.01,1510,5247,True
LS020B,NS5B,198,*,0.066,0.038,0.028,1510,5247,True
LS020B,NS5B,198,K,99.536,99.39,0.146,1510,5247,True
LS020B,NS5B,198,M,0.132,0.21,0.077,1510,5247,True
LS020B,NS5B,199,R,0.928,0.596,0.332,1185,5369,True
LS020B,NS5B,199,Q,98.987,99.106,0.119,1185,5369,True
LS020B,NS5B,199,*,0.0,0.205,0.205,1185,5369,True
LS020B,NS5B,199,H,0.084,0.0,0.084,1185,5369,True
LS020B,NS5B,199,L,0.0,0.093,0.093,1185,5369,True
LS020B,NS5B,200,R,99.637,99.672,0.035,1103,5493,True
LS020B,NS5B,200,G,0.181,0.0,0.181,1103,5493,True
LS020B,NS5B,200,P,0.0,0.018,0.018,1103,5493,True
LS020B,NS5B,200,C,0.0,0.2,0.2,1103,5493,True
LS020B,NS5B,200,S,0.181,0.0,0.181,1103,5493,True
LS020B,NS5B,200,H,0.0,0.091,0.091,1103,5493,True
LS020B,NS5B,200,L,0.0,0.018,0.018,1103,5493,True
LS020B,NS5B,201,E,0.478,0.036,0.442,1045,5560,True
LS020B,NS5B,201,G,0.0,0.036,0.036,1045,5560,True
LS020B,NS5B,201,L,0.191,0.018,0.173,1045,5560,True
LS020B,NS5B,201,V,99.043,99.353,0.309,1045,5560,True
LS020B,NS5B,201,A,0.096,0.378,0.282,1045,5560,True
LS020B,NS5B,201,M,0.191,0.18,0.012,1045,5560,True
LS020B,NS5B,202,E,98.436,99.112,0.676,959,5180,True
LS020B,NS5B,202,G,0.209,0.425,0.216,959,5180,True
LS020B,NS5B,202,Q,0.0,0.019,0.019,959,5180,True
LS020B,NS5B,202,D,1.251,0.193,1.058,959,5180,True
LS020B,NS5B,202,V,0.0,0.097,0.097,959,5180,True
LS020B,NS5B,202,K,0.104,0.154,0.05,959,5180,True
LS020B,NS5B,203,R,99.893,99.836,0.056,931,5496,True
LS020B,NS5B,203,P,0.0,0.018,0.018,931,5496,True
LS020B,NS5B,203,C,0.107,0.055,0.053,931,5496,True
LS020B,NS5B,203,H,0.0,0.055,0.055,931,5496,True
LS020B,NS5B,203,L,0.0,0.036,0.036,931,5496,True
LS020B,NS5B,204,R,0.0,0.039,0.039,882,5172,True
LS020B,NS5B,204,P,0.454,0.445,0.009,882,5172,True
LS020B,NS5B,204,F,0.227,0.097,0.13,882,5172,True
LS020B,NS5B,204,I,0.113,0.058,0.055,882,5172,True
LS020B,NS5B,204,V,0.0,0.019,0.019,882,5172,True
LS020B,NS5B,204,H,0.227,0.019,0.207,882,5172,True
LS020B,NS5B,204,L,98.98,99.323,0.344,882,5172,True
LS020B,NS5B,205,P,0.333,0.404,0.071,901,5938,True
LS020B,NS5B,205,F,0.111,0.067,0.044,901,5938,True
LS020B,NS5B,205,I,0.222,0.0,0.222,901,5938,True
LS020B,NS5B,205,V,0.0,0.017,0.017,901,5938,True
LS020B,NS5B,205,H,0.0,0.101,0.101,901,5938,True
LS020B,NS5B,205,L,99.334,99.411,0.077,901,5938,True
LS020B,NS5B,206,R,1.532,0.45,1.082,914,6450,True
LS020B,NS5B,206,E,0.0,0.031,0.031,914,6450,True
LS020B,NS5B,206,Q,98.14,98.667,0.527,914,6450,True
LS020B,NS5B,206,*,0.109,0.078,0.032,914,6450,True
LS020B,NS5B,206,K,0.0,0.047,0.047,914,6450,True
LS020B,NS5B,206,H,0.109,0.713,0.604,914,6450,True
LS020B,NS5B,206,L,0.109,0.016,0.094,914,6450,True
LS020B,NS5B,207,L,0.0,0.031,0.031,866,6512,True
LS020B,NS5B,207,T,0.231,0.2,0.031,866,6512,True
LS020B,NS5B,207,I,0.0,0.046,0.046,866,6512,True
LS020B,NS5B,207,K,0.0,0.015,0.015,866,6512,True
LS020B,NS5B,207,V,0.231,0.246,0.015,866,6512,True
LS020B,NS5B,207,M,99.538,99.463,0.076,866,6512,True
LS020B,NS5B,208,R,1.019,0.369,0.65,687,5966,True
LS020B,NS5B,208,G,0.437,0.067,0.37,687,5966,True
LS020B,NS5B,208,*,0.291,0.201,0.09,687,5966,True
LS020B,NS5B,208,C,0.291,0.05,0.241,687,5966,True
LS020B,NS5B,208,W,97.962,99.313,1.351,687,5966,True
LS020B,NS5B,209,R,99.55,99.596,0.046,667,6435,True
LS020B,NS5B,209,G,0.0,0.031,0.031,667,6435,True
LS020B,NS5B,209,P,0.0,0.016,0.016,667,6435,True
LS020B,NS5B,209,C,0.45,0.155,0.294,667,6435,True
LS020B,NS5B,209,S,0.0,0.031,0.031,667,6435,True
LS020B,NS5B,209,H,0.0,0.171,0.171,667,6435,True
LS020B,NS5B,210,T,0.0,0.08,0.08,613,6262,True
LS020B,NS5B,210,G,0.0,0.064,0.064,613,6262,True
LS020B,NS5B,210,A,99.674,99.808,0.135,613,6262,True
LS020B,NS5B,210,V,0.326,0.048,0.278,613,6262,True
LS020B,NS5B,211,R,0.831,0.636,0.195,602,6294,True
LS020B,NS5B,211,E,0.664,0.381,0.283,602,6294,True
LS020B,NS5B,211,*,0.332,0.048,0.285,602,6294,True
LS020B,NS5B,211,N,0.0,0.032,0.032,602,6294,True
LS020B,NS5B,211,K,98.173,98.84,0.667,602,6294,True
LS020B,NS5B,211,M,0.0,0.064,0.064,602,6294,True
LS031A,NS5B,168,R,99.914,100.0,0.086,2324,152,True
LS031A,NS5B,168,G,0.043,0.0,0.043,2324,152,True
LS031A,NS5B,168,W,0.043,0.0,0.043,2324,152,True
LS031A,NS5B,169,G,0.046,0.0,0.046,2172,325,True
LS031A,NS5B,169,A,0.184,0.0,0.184,2172,325,True
LS031A,NS5B,169,V,99.217,99.385,0.167,2172,325,True
LS031A,NS5B,169,L,0.23,0.0,0.23,2172,325,True
LS031A,NS5B,169,M,0.322,0.615,0.293,2172,325,True
LS031A,NS5B,170,R,0.486,0.468,0.018,2262,427,True
LS031A,NS5B,170,G,0.088,0.0,0.088,2262,427,True
LS031A,NS5B,170,*,0.044,0.0,0.044,2262,427,True
LS031A,NS5B,170,C,99.204,99.532,0.327,2262,427,True
LS031A,NS5B,170,S,0.044,0.0,0.044,2262,427,True
LS031A,NS5B,170,Y,0.133,0.0,0.133,2262,427,True
LS031A,NS5B,171,E,98.954,99.538,0.584,2199,433,True
LS031A,NS5B,171,G,0.864,0.0,0.864,2199,433,True
LS031A,NS5B,171,Q,0.0,0.231,0.231,2199,433,True
LS031A,NS5B,171,D,0.045,0.0,0.045,2199,433,True
LS031A,NS5B,171,V,0.045,0.231,0.185,2199,433,True
LS031A,NS5B,171,K,0.091,0.0,0.091,2199,433,True
LS031A,NS5B,172,R,0.362,0.0,0.362,2208,498,True
LS031A,NS5B,172,E,0.634,0.0,0.634,2208,498,True
LS031A,NS5B,172,G,0.091,0.0,0.091,2208,498,True
LS031A,NS5B,172,*,0.226,0.0,0.226,2208,498,True
LS031A,NS5B,172,K,98.687,100.0,1.313,2208,498,True
LS031A,NS5B,173,R,99.369,99.392,0.023,2220,658,True
LS031A,NS5B,173,Q,0.27,0.304,0.034,2220,658,True
LS031A,NS5B,173,P,0.045,0.0,0.045,2220,658,True
LS031A,NS5B,173,W,0.27,0.304,0.034,2220,658,True
LS031A,NS5B,173,L,0.045,0.0,0.045,2220,658,True
LS031A,NS5B,174,P,0.0,0.228,0.228,2144,878,True
LS031A,NS5B,174,A,99.953,98.519,1.434,2144,878,True
LS031A,NS5B,174,S,0.0,0.228,0.228,2144,878,True
LS031A,NS5B,174,V,0.047,1.025,0.978,2144,878,True
LS031A,NS5B,175,R,0.045,0.098,0.053,2219,1022,True
LS031A,NS5B,175,P,0.135,1.468,1.333,2219,1022,True
LS031A,NS5B,175,F,0.09,0.196,0.106,2219,1022,True
LS031A,NS5B,175,H,0.0,0.196,0.196,2219,1022,True
LS031A,NS5B,175,L,99.73,98.043,1.687,2219,1022,True
LS031A,NS5B,176,C,0.184,0.527,0.343,2173,1139,True
LS031A,NS5B,176,F,0.0,0.088,0.088,2173,1139,True
LS031A,NS5B,176,N,0.184,0.0,0.184,2173,1139,True
LS031A,NS5B,176,H,0.092,0.527,0.435,2173,1139,True
LS031A,NS5B,176,D,0.092,0.0,0.092,2173,1139,True
LS031A,NS5B,176,Y,99.448,98.859,0.589,2173,1139,True
LS031A,NS5B,177,E,0.094,0.091,0.003,2121,1096,True
LS031A,NS5B,177,G,0.66,0.274,0.386,2121,1096,True
LS031A,NS5B,177,N,0.141,0.821,0.68,2121,1096,True
LS031A,NS5B,177,D,99.01,98.449,0.561,2121,1096,True
LS031A,NS5B,177,V,0.047,0.182,0.135,2121,1096,True
LS031A,NS5B,177,H,0.0,0.091,0.091,2121,1096,True
LS031A,NS5B,177,A,0.047,0.091,0.044,2121,1096,True
LS031A,NS5B,178,G,0.217,0.0,0.217,1847,1840,True
LS031A,NS5B,178,L,0.0,0.109,0.109,1847,1840,True
LS031A,NS5B,178,I,0.108,0.0,0.108,1847,1840,True
LS031A,NS5B,178,D,0.0,0.054,0.054,1847,1840,True
LS031A,NS5B,178,V,98.538,99.565,1.027,1847,1840,True
LS031A,NS5B,178,A,1.137,0.272,0.865,1847,1840,True
LS031A,NS5B,179,T,99.853,99.339,0.514,2041,1966,True
LS031A,NS5B,179,A,0.147,0.56,0.413,2041,1966,True
LS031A,NS5B,179,M,0.0,0.102,0.102,2041,1966,True
LS031A,NS5B,180,R,99.755,98.728,1.027,2044,2438,True
LS031A,NS5B,180,G,0.049,0.0,0.049,2044,2438,True
LS031A,NS5B,180,H,0.0,0.984,0.984,2044,2438,True
LS031A,NS5B,180,S,0.098,0.0,0.098,2044,2438,True
LS031A,NS5B,180,L,0.098,0.287,0.189,2044,2438,True
LS031A,NS5B,181,R,0.352,0.207,0.145,1987,2412,True
LS031A,NS5B,181,E,0.252,0.373,0.121,1987,2412,True
LS031A,NS5B,181,N,0.101,0.083,0.018,1987,2412,True
LS031A,NS5B,181,K,99.245,99.254,0.009,1987,2412,True
LS031A,NS5B,181,M,0.05,0.083,0.033,1987,2412,True
LS031A,NS5B,182,Q,0.051,0.116,0.065,1966,2584,True
LS031A,NS5B,182,P,0.153,0.426,0.273,1966,2584,True
LS031A,NS5B,182,L,99.797,99.458,0.338,1966,2584,True
LS031A,NS5B,183,R,0.052,0.151,0.098,1907,2656,True
LS031A,NS5B,183,P,99.685,99.812,0.126,1907,2656,True
LS031A,NS5B,183,A,0.052,0.0,0.052,1907,2656,True
LS031A,NS5B,183,S,0.105,0.0,0.105,1907,2656,True
LS031A,NS5B,183,L,0.105,0.038,0.067,1907,2656,True
LS031A,NS5B,184,Q,0.0,0.177,0.177,1916,2826,True
LS031A,NS5B,184,P,0.418,0.46,0.042,1916,2826,True
LS031A,NS5B,184,S,0.052,0.0,0.052,1916,2826,True
LS031A,NS5B,184,I,0.0,0.035,0.035,1916,2826,True
LS031A,NS5B,184,L,99.426,99.328,0.098,1916,2826,True
LS031A,NS5B,184,M,0.104,0.0,0.104,1916,2826,True
LS031A,NS5B,185,P,0.113,0.034,0.079,1769,2968,True
LS031A,NS5B,185,A,99.604,99.73,0.126,1769,2968,True
LS031A,NS5B,185,T,0.113,0.034,0.079,1769,2968,True
LS031A,NS5B,185,V,0.17,0.202,0.033,1769,2968,True
LS031A,NS5B,186,E,0.061,0.035,0.026,1639,2885,True
LS031A,NS5B,186,G,0.183,0.0,0.183,1639,2885,True
LS031A,NS5B,186,L,0.0,0.035,0.035,1639,2885,True
LS031A,NS5B,186,I,0.0,2.496,2.496,1639,2885,True
LS031A,NS5B,186,V,99.451,97.123,2.328,1639,2885,True
LS031A,NS5B,186,A,0.305,0.312,0.007,1639,2885,True
LS031A,NS5B,187,L,0.117,0.065,0.052,1711,3096,True
LS031A,NS5B,187,T,0.117,0.129,0.012,1711,3096,True
LS031A,NS5B,187,I,0.117,0.258,0.142,1711,3096,True
LS031A,NS5B,187,K,0.0,0.097,0.097,1711,3096,True
LS031A,NS5B,187,V,0.409,0.226,0.183,1711,3096,True
LS031A,NS5B,187,M,99.24,99.225,0.015,1711,3096,True
LS031A,NS5B,188,R,0.063,0.094,0.031,1576,3184,True
LS031A,NS5B,188,E,0.063,0.22,0.156,1576,3184,True
LS031A,NS5B,188,G,99.873,99.686,0.187,1576,3184,True
LS031A,NS5B,189,R,0.0,0.086,0.086,1608,3490,True
LS031A,NS5B,189,Q,0.0,0.029,0.029,1608,3490,True
LS031A,NS5B,189,P,99.813,99.57,0.243,1608,3490,True
LS031A,NS5B,189,S,0.0,0.172,0.172,1608,3490,True
LS031A,NS5B,189,L,0.187,0.143,0.043,1608,3490,True
LS031A,NS5B,190,P,0.062,0.0,0.062,1608,4388,True
LS031A,NS5B,190,A,99.627,99.818,0.191,1608,4388,True
LS031A,NS5B,190,T,0.062,0.114,0.052,1608,4388,True
LS031A,NS5B,190,V,0.124,0.046,0.079,1608,4388,True
LS031A,NS5B,190,D,0.124,0.023,0.102,1608,4388,True
LS031A,NS5B,191,*,0.063,0.067,0.004,1591,4491,True
LS031A,NS5B,191,C,0.189,0.178,0.01,1591,4491,True
LS031A,NS5B,191,F,0.063,0.022,0.041,1591,4491,True
LS031A,NS5B,191,N,0.0,0.067,0.067,1591,4491,True
LS031A,NS5B,191,H,0.377,0.356,0.021,1591,4491,True
LS031A,NS5B,191,Y,99.309,99.31,0.001,1591,4491,True
LS031A,NS5B,192,R,0.072,0.04,0.031,1398,4944,True
LS031A,NS5B,192,G,99.928,99.717,0.212,1398,4944,True
LS031A,NS5B,192,D,0.0,0.04,0.04,1398,4944,True
LS031A,NS5B,192,S,0.0,0.202,0.202,1398,4944,True
LS031A,NS5B,193,F,98.777,98.728,0.049,1308,5188,True
LS031A,NS5B,193,S,0.229,0.405,0.175,1308,5188,True
LS031A,NS5B,193,I,0.0,0.039,0.039,1308,5188,True
LS031A,NS5B,193,L,0.994,0.771,0.223,1308,5188,True
LS031A,NS5B,193,Y,0.0,0.058,0.058,1308,5188,True
LS031A,NS5B,194,R,0.531,0.367,0.164,1319,5447,True
LS031A,NS5B,194,E,0.076,0.018,0.057,1319,5447,True
LS031A,NS5B,194,Q,98.787,99.357,0.57,1319,5447,True
LS031A,NS5B,194,P,0.0,0.037,0.037,1319,5447,True
LS031A,NS5B,194,*,0.531,0.092,0.439,1319,5447,True
LS031A,NS5B,194,H,0.076,0.0,0.076,1319,5447,True
LS031A,NS5B,194,L,0.0,0.129,0.129,1319,5447,True
LS031A,NS5B,195,C,0.079,0.145,0.066,1270,5532,True
LS031A,NS5B,195,H,0.394,0.127,0.267,1270,5532,True
LS031A,NS5B,195,Y,99.528,99.729,0.201,1270,5532,True
LS031A,NS5B,196,P,0.165,0.376,0.211,1210,5315,True
LS031A,NS5B,196,S,99.669,99.492,0.177,1210,5315,True
LS031A,NS5B,196,T,0.083,0.038,0.045,1210,5315,True
LS031A,NS5B,196,L,0.083,0.094,0.011,1210,5315,True
LS031A,NS5B,197,P,99.579,99.819,0.241,1187,6093,True
LS031A,NS5B,197,S,0.168,0.033,0.136,1187,6093,True
LS031A,NS5B,197,L,0.253,0.148,0.105,1187,6093,True
LS031A,NS5B,198,R,1.054,0.261,0.793,1138,5746,True
LS031A,NS5B,198,E,0.351,0.296,0.056,1138,5746,True
LS031A,NS5B,198,*,0.088,0.052,0.036,1138,5746,True
LS031A,NS5B,198,T,0.0,0.017,0.017,1138,5746,True
LS031A,NS5B,198,N,0.0,0.017,0.017,1138,5746,True
LS031A,NS5B,198,K,98.418,99.252,0.833,1138,5746,True
LS031A,NS5B,198,M,0.088,0.104,0.017,1138,5746,True
LS031A,NS5B,199,R,0.209,0.434,0.226,959,5986,True
LS031A,NS5B,199,Q,99.479,99.382,0.097,959,5986,True
LS031A,NS5B,199,*,0.209,0.05,0.158,959,5986,True
LS031A,NS5B,199,K,0.0,0.067,0.067,959,5986,True
LS031A,NS5B,199,L,0.104,0.067,0.037,959,5986,True
LS031A,NS5B,200,R,99.33,99.638,0.309,895,6085,True
LS031A,NS5B,200,G,0.335,0.033,0.302,895,6085,True
LS031A,NS5B,200,P,0.0,0.033,0.033,895,6085,True
LS031A,NS5B,200,C,0.223,0.099,0.125,895,6085,True
LS031A,NS5B,200,S,0.0,0.033,0.033,895,6085,True
LS031A,NS5B,200,H,0.112,0.131,0.02,895,6085,True
LS031A,NS5B,200,L,0.0,0.033,0.033,895,6085,True
LS031A,NS5B,201,E,0.123,0.031,0.091,815,6351,True
LS031A,NS5B,201,I,0.245,0.173,0.072,815,6351,True
LS031A,NS5B,201,V,99.387,99.528,0.141,815,6351,True
LS031A,NS5B,201,A,0.245,0.252,0.007,815,6351,True
LS031A,NS5B,201,M,0.0,0.016,0.016,815,6351,True
LS031A,NS5B,202,E,12.336,67.377,55.041,762,6198,False
LS031A,NS5B,202,G,0.131,0.339,0.208,762,6198,False
LS031A,NS5B,202,Q,0.0,0.032,0.032,762,6198,False
LS031A,NS5B,202,*,0.0,0.032,0.032,762,6198,False
LS031A,NS5B,202,N,0.131,0.032,0.099,762,6198,False
LS031A,NS5B,202,K,0.0,0.032,0.032,762,6198,False
LS031A,NS5B,202,D,87.008,31.93,55.078,762,6198,False
LS031A,NS5B,202,V,0.0,0.048,0.048,762,6198,False
LS031A,NS5B,202,A,0.394,0.177,0.216,762,6198,False
LS031A,NS5B,203,R,99.319,99.576,0.257,734,6366,True
LS031A,NS5B,203,C,0.0,0.267,0.267,734,6366,True
LS031A,NS5B,203,S,0.0,0.016,0.016,734,6366,True
LS031A,NS5B,203,H,0.409,0.094,0.314,734,6366,True
LS031A,NS5B,203,L,0.272,0.047,0.225,734,6366,True
LS031A,NS5B,204,P,0.433,0.433,0.0,693,6235,True
LS031A,NS5B,204,H,0.144,0.112,0.032,693,6235,True
LS031A,NS5B,204,L,99.423,99.455,0.032,693,6235,True
LS031A,NS5B,205,I,0.0,0.014,0.014,691,7289,True
LS031A,NS5B,205,F,0.0,0.082,0.082,691,7289,True
LS031A,NS5B,205,P,0.434,0.508,0.073,691,7289,True
LS031A,NS5B,205,H,0.0,0.014,0.014,691,7289,True
LS031A,NS5B,205,L,99.566,99.383,0.183,691,7289,True
LS031A,NS5B,206,R,1.196,0.311,0.885,669,8690,True
LS031A,NS5B,206,Q,98.505,99.379,0.873,669,8690,True
LS031A,NS5B,206,P,0.149,0.0,0.149,669,8690,True
LS031A,NS5B,206,*,0.149,0.161,0.012,669,8690,True
LS031A,NS5B,206,H,0.0,0.104,0.104,669,8690,True
LS031A,NS5B,206,L,0.0,0.046,0.046,669,8690,True
LS031A,NS5B,207,P,0.0,0.012,0.012,582,8571,True
LS031A,NS5B,207,L,0.0,0.21,0.21,582,8571,True
LS031A,NS5B,207,T,0.172,0.233,0.062,582,8571,True
LS031A,NS5B,207,I,0.0,0.07,0.07,582,8571,True
LS031A,NS5B,207,K,0.0,0.023,0.023,582,8571,True
LS031A,NS5B,207,V,0.859,0.257,0.602,582,8571,True
LS031A,NS5B,207,M,98.969,99.195,0.226,582,8571,True
LS031A,NS5B,208,R,0.0,0.336,0.336,425,7744,True
LS031A,NS5B,208,G,0.0,0.077,0.077,425,7744,True
LS031A,NS5B,208,W,100.0,99.186,0.814,425,7744,True
LS031A,NS5B,208,C,0.0,0.065,0.065,425,7744,True
LS031A,NS5B,208,*,0.0,0.336,0.336,425,7744,True
LS031A,NS5B,209,R,99.261,99.552,0.291,406,8266,True
LS031A,NS5B,209,G,0.0,0.012,0.012,406,8266,True
LS031A,NS5B,209,P,0.0,0.024,0.024,406,8266,True
LS031A,NS5B,209,C,0.739,0.169,0.57,406,8266,True
LS031A,NS5B,209,H,0.0,0.194,0.194,406,8266,True
LS031A,NS5B,209,L,0.0,0.048,0.048,406,8266,True
LS031A,NS5B,210,E,0.0,0.061,0.061,369,8231,True
LS031A,NS5B,210,G,0.0,0.024,0.024,369,8231,True
LS031A,NS5B,210,P,0.0,0.012,0.012,369,8231,True
LS031A,NS5B,210,S,0.0,0.049,0.049,369,8231,True
LS031A,NS5B,210,T,0.271,0.097,0.174,369,8231,True
LS031A,NS5B,210,V,0.0,0.194,0.194,369,8231,True
LS031A,NS5B,210,A,99.729,99.563,0.166,369,8231,True
LS031A,NS5B,211,R,0.0,0.434,0.434,348,7829,True
LS031A,NS5B,211,E,1.149,0.383,0.766,348,7829,True
LS031A,NS5B,211,*,0.0,0.064,0.064,348,7829,True
LS031A,NS5B,211,N,0.0,0.051,0.051,348,7829,True
LS031A,NS5B,211,K,98.563,98.965,0.402,348,7829,True
LS031A,NS5B,211,M,0.287,0.102,0.185,348,7829,True
LS031B,NS5B,163,P,99.701,98.214,1.487,2679,112,True
LS031B,NS5B,163,H,0.112,0.0,0.112,2679,112,True
LS031B,NS5B,163,A,0.037,0.0,0.037,2679,112,True
LS031B,NS5B,163,L,0.149,1.786,1.636,2679,112,True
LS031B,NS5B,164,N,0.113,0.0,0.113,2647,222,True
LS031B,NS5B,164,G,0.378,0.0,0.378,2647,222,True
LS031B,NS5B,164,D,99.358,100.0,0.642,2647,222,True
LS031B,NS5B,164,A,0.151,0.0,0.151,2647,222,True
LS031B,NS5B,165,Q,0.109,0.0,0.109,2748,303,True
LS031B,NS5B,165,P,0.4,0.0,0.4,2748,303,True
LS031B,NS5B,165,S,0.036,0.0,0.036,2748,303,True
LS031B,NS5B,165,L,99.454,100.0,0.546,2748,303,True
LS031B,NS5B,166,R,0.076,0.0,0.076,2619,353,True
LS031B,NS5B,166,E,0.076,0.0,0.076,2619,353,True
LS031B,NS5B,166,G,99.847,100.0,0.153,2619,353,True
LS031B,NS5B,167,I,0.083,0.0,0.083,2416,383,True
LS031B,NS5B,167,G,0.083,0.0,0.083,2416,383,True
LS031B,NS5B,167,D,0.248,0.0,0.248,2416,383,True
LS031B,NS5B,167,A,0.662,0.0,0.662,2416,383,True
LS031B,NS5B,167,V,98.924,100.0,1.076,2416,383,True
LS031B,NS5B,168,R,99.7,99.868,0.168,2663,755,True
LS031B,NS5B,168,G,0.038,0.132,0.095,2663,755,True
LS031B,NS5B,168,K,0.263,0.0,0.263,2663,755,True
LS031B,NS5B,169,G,0.04,0.0,0.04,2514,968,True
LS031B,NS5B,169,A,0.557,0.31,0.247,2514,968,True
LS031B,NS5B,169,V,99.284,99.69,0.406,2514,968,True
LS031B,NS5B,169,L,0.08,0.0,0.08,2514,968,True
LS031B,NS5B,169,M,0.04,0.0,0.04,2514,968,True
LS031B,NS5B,170,R,0.379,0.282,0.096,2642,1062,True
LS031B,NS5B,170,G,0.189,0.094,0.095,2642,1062,True
LS031B,NS5B,170,*,0.076,0.0,0.076,2642,1062,True
LS031B,NS5B,170,C,99.129,99.247,0.117,2642,1062,True
LS031B,NS5B,170,S,0.0,0.377,0.377,2642,1062,True
LS031B,NS5B,170,W,0.076,0.0,0.076,2642,1062,True
LS031B,NS5B,170,Y,0.151,0.0,0.151,2642,1062,True
LS031B,NS5B,171,E,99.307,99.361,0.053,2599,1095,True
LS031B,NS5B,171,K,0.0,0.274,0.274,2599,1095,True
LS031B,NS5B,171,G,0.616,0.365,0.25,2599,1095,True
LS031B,NS5B,171,D,0.077,0.0,0.077,2599,1095,True
LS031B,NS5B,172,R,0.653,0.0,0.653,2605,1134,True
LS031B,NS5B,172,E,0.345,0.088,0.257,2605,1134,True
LS031B,NS5B,172,G,0.038,0.0,0.038,2605,1134,True
LS031B,NS5B,172,*,0.077,0.0,0.077,2605,1134,True
LS031B,NS5B,172,N,0.077,1.058,0.981,2605,1134,True
LS031B,NS5B,172,K,98.81,98.854,0.044,2605,1134,True
LS031B,NS5B,173,R,99.769,99.683,0.086,2596,1263,True
LS031B,NS5B,173,G,0.077,0.0,0.077,2596,1263,True
LS031B,NS5B,173,Q,0.039,0.238,0.199,2596,1263,True
LS031B,NS5B,173,W,0.039,0.079,0.041,2596,1263,True
LS031B,NS5B,173,L,0.077,0.0,0.077,2596,1263,True
LS031B,NS5B,174,G,0.0,0.139,0.139,2536,1440,True
LS031B,NS5B,174,P,0.039,0.069,0.03,2536,1440,True
LS031B,NS5B,174,A,99.724,99.444,0.28,2536,1440,True
LS031B,NS5B,174,T,0.039,0.347,0.308,2536,1440,True
LS031B,NS5B,174,V,0.197,0.0,0.197,2536,1440,True
LS031B,NS5B,175,R,0.079,0.068,0.011,2544,1477,True
LS031B,NS5B,175,P,0.668,1.896,1.227,2544,1477,True
LS031B,NS5B,175,F,0.079,0.068,0.011,2544,1477,True
LS031B,NS5B,175,L,99.175,97.969,1.206,2544,1477,True
LS031B,NS5B,176,*,0.0,0.118,0.118,2539,1701,True
LS031B,NS5B,176,C,0.158,0.588,0.43,2539,1701,True
LS031B,NS5B,176,F,0.039,0.0,0.039,2539,1701,True
LS031B,NS5B,176,S,0.079,0.0,0.079,2539,1701,True
LS031B,NS5B,176,H,0.118,0.059,0.059,2539,1701,True
LS031B,NS5B,176,Y,99.606,99.236,0.37,2539,1701,True
LS031B,NS5B,177,E,0.04,0.0,0.04,2503,1690,True
LS031B,NS5B,177,G,0.439,0.296,0.144,2503,1690,True
LS031B,NS5B,177,N,0.04,0.828,0.788,2503,1690,True
LS031B,NS5B,177,D,99.361,98.876,0.485,2503,1690,True
LS031B,NS5B,177,V,0.04,0.0,0.04,2503,1690,True
LS031B,NS5B,177,A,0.08,0.0,0.08,2503,1690,True
LS031B,NS5B,178,G,0.09,0.038,0.052,2228,2645,True
LS031B,NS5B,178,A,0.583,0.189,0.394,2228,2645,True
LS031B,NS5B,178,L,0.09,0.038,0.052,2228,2645,True
LS031B,NS5B,178,I,0.269,0.076,0.194,2228,2645,True
LS031B,NS5B,178,V,98.923,99.66,0.737,2228,2645,True
LS031B,NS5B,178,D,0.045,0.0,0.045,2228,2645,True
LS031B,NS5B,179,R,0.041,0.0,0.041,2411,2839,True
LS031B,NS5B,179,P,0.124,0.035,0.089,2411,2839,True
LS031B,NS5B,179,S,0.083,0.0,0.083,2411,2839,True
LS031B,NS5B,179,T,99.253,98.802,0.451,2411,2839,True
LS031B,NS5B,179,A,0.456,0.423,0.034,2411,2839,True
LS031B,NS5B,179,M,0.041,0.74,0.698,2411,2839,True
LS031B,NS5B,180,R,99.663,99.178,0.485,2377,3163,True
LS031B,NS5B,180,G,0.0,0.032,0.032,2377,3163,True
LS031B,NS5B,180,P,0.0,0.063,0.063,2377,3163,True
LS031B,NS5B,180,C,0.0,0.506,0.506,2377,3163,True
LS031B,NS5B,180,S,0.0,0.032,0.032,2377,3163,True
LS031B,NS5B,180,H,0.337,0.158,0.178,2377,3163,True
LS031B,NS5B,180,L,0.0,0.032,0.032,2377,3163,True
LS031B,NS5B,181,R,0.173,0.231,0.058,2312,3032,True
LS031B,NS5B,181,E,0.303,0.099,0.204,2312,3032,True
LS031B,NS5B,181,Q,0.043,0.033,0.01,2312,3032,True
LS031B,NS5B,181,N,0.0,0.165,0.165,2312,3032,True
LS031B,NS5B,181,K,99.481,99.439,0.042,2312,3032,True
LS031B,NS5B,181,M,0.0,0.033,0.033,2312,3032,True
LS031B,NS5B,182,Q,0.264,0.031,0.233,2271,3183,True
LS031B,NS5B,182,P,0.308,0.251,0.057,2271,3183,True
LS031B,NS5B,182,L,99.428,99.717,0.29,2271,3183,True
LS031B,NS5B,183,R,0.047,0.059,0.013,2148,3370,True
LS031B,NS5B,183,P,99.86,99.792,0.068,2148,3370,True
LS031B,NS5B,183,S,0.047,0.0,0.047,2148,3370,True
LS031B,NS5B,183,L,0.0,0.089,0.089,2148,3370,True
LS031B,NS5B,183,H,0.0,0.059,0.059,2148,3370,True
LS031B,NS5B,183,A,0.047,0.0,0.047,2148,3370,True
LS031B,NS5B,184,Q,0.09,0.057,0.033,2214,3491,True
LS031B,NS5B,184,P,0.632,1.232,0.599,2214,3491,True
LS031B,NS5B,184,S,0.045,0.0,0.045,2214,3491,True
LS031B,NS5B,184,L,99.187,98.625,0.562,2214,3491,True
LS031B,NS5B,184,V,0.045,0.086,0.041,2214,3491,True
LS031B,NS5B,185,T,0.047,0.056,0.009,2150,3586,True
LS031B,NS5B,185,G,0.0,0.028,0.028,2150,3586,True
LS031B,NS5B,185,P,0.047,0.0,0.047,2150,3586,True
LS031B,NS5B,185,V,0.093,0.0,0.093,2150,3586,True
LS031B,NS5B,185,S,0.047,0.0,0.047,2150,3586,True
LS031B,NS5B,185,A,99.767,99.916,0.149,2150,3586,True
LS031B,NS5B,186,E,0.15,0.028,0.122,1997,3536,True
LS031B,NS5B,186,G,0.3,0.028,0.272,1997,3536,True
LS031B,NS5B,186,L,0.2,0.028,0.172,1997,3536,True
LS031B,NS5B,186,I,0.25,0.085,0.166,1997,3536,True
LS031B,NS5B,186,V,98.548,99.519,0.971,1997,3536,True
LS031B,NS5B,186,A,0.551,0.311,0.24,1997,3536,True
LS031B,NS5B,187,L,0.097,0.24,0.143,2062,3755,True
LS031B,NS5B,187,T,0.048,0.027,0.022,2062,3755,True
LS031B,NS5B,187,I,0.0,0.24,0.24,2062,3755,True
LS031B,NS5B,187,V,0.097,0.027,0.07,2062,3755,True
LS031B,NS5B,187,M,99.758,99.467,0.29,2062,3755,True
LS031B,NS5B,188,R,0.052,0.156,0.104,1931,3840,True
LS031B,NS5B,188,E,0.207,0.104,0.103,1931,3840,True
LS031B,NS5B,188,G,99.637,99.688,0.05,1931,3840,True
LS031B,NS5B,188,*,0.0,0.026,0.026,1931,3840,True
LS031B,NS5B,188,A,0.104,0.026,0.078,1931,3840,True
LS031B,NS5B,189,R,0.0,0.047,0.047,1936,4254,True
LS031B,NS5B,189,Q,0.0,0.024,0.024,1936,4254,True
LS031B,NS5B,189,P,99.69,99.6,0.09,1936,4254,True
LS031B,NS5B,189,A,0.0,0.047,0.047,1936,4254,True
LS031B,NS5B,189,S,0.103,0.118,0.014,1936,4254,True
LS031B,NS5B,189,L,0.207,0.165,0.042,1936,4254,True
LS031B,NS5B,190,G,0.104,0.019,0.085,1932,5265,True
LS031B,NS5B,190,A,98.654,99.677,1.023,1932,5265,True
LS031B,NS5B,190,T,0.104,0.038,0.066,1932,5265,True
LS031B,NS5B,190,D,0.0,0.038,0.038,1932,5265,True
LS031B,NS5B,190,V,1.139,0.228,0.911,1932,5265,True
LS031B,NS5B,191,*,0.0,0.019,0.019,1751,5251,True
LS031B,NS5B,191,C,0.171,0.152,0.019,1751,5251,True
LS031B,NS5B,191,F,0.171,0.019,0.152,1751,5251,True
LS031B,NS5B,191,N,0.057,0.0,0.057,1751,5251,True
LS031B,NS5B,191,H,0.286,0.095,0.19,1751,5251,True
LS031B,NS5B,191,Y,99.315,99.714,0.4,1751,5251,True
LS031B,NS5B,192,G,99.822,99.838,0.016,1682,5548,True
LS031B,NS5B,192,D,0.119,0.09,0.029,1682,5548,True
LS031B,NS5B,192,V,0.0,0.036,0.036,1682,5548,True
LS031B,NS5B,192,S,0.059,0.036,0.023,1682,5548,True
LS031B,NS5B,193,F,98.669,99.147,0.478,1428,5745,True
LS031B,NS5B,193,S,0.63,0.296,0.334,1428,5745,True
LS031B,NS5B,193,I,0.0,0.122,0.122,1428,5745,True
LS031B,NS5B,193,L,0.56,0.383,0.177,1428,5745,True
LS031B,NS5B,193,Y,0.14,0.052,0.088,1428,5745,True
LS031B,NS5B,194,R,0.204,0.232,0.028,1471,6043,True
LS031B,NS5B,194,Q,99.592,99.57,0.022,1471,6043,True
LS031B,NS5B,194,P,0.0,0.066,0.066,1471,6043,True
LS031B,NS5B,194,*,0.136,0.033,0.103,1471,6043,True
LS031B,NS5B,194,L,0.0,0.05,0.05,1471,6043,True
LS031B,NS5B,194,H,0.068,0.017,0.051,1471,6043,True
LS031B,NS5B,194,K,0.0,0.033,0.033,1471,6043,True
LS031B,NS5B,195,*,0.0,0.015,0.015,1416,6580,True
LS031B,NS5B,195,C,0.353,0.122,0.232,1416,6580,True
LS031B,NS5B,195,F,0.141,0.061,0.08,1416,6580,True
LS031B,NS5B,195,S,0.141,0.03,0.111,1416,6580,True
LS031B,NS5B,195,N,0.0,0.03,0.03,1416,6580,True
LS031B,NS5B,195,H,0.424,0.046,0.378,1416,6580,True
LS031B,NS5B,195,D,0.0,0.03,0.03,1416,6580,True
LS031B,NS5B,195,Y,98.941,99.666,0.725,1416,6580,True
LS031B,NS5B,196,P,1.139,0.439,0.7,1317,6379,True
LS031B,NS5B,196,S,97.57,99.295,1.724,1317,6379,True
LS031B,NS5B,196,L,0.228,0.141,0.087,1317,6379,True
LS031B,NS5B,196,T,0.076,0.094,0.018,1317,6379,True
LS031B,NS5B,196,W,0.911,0.016,0.895,1317,6379,True
LS031B,NS5B,196,A,0.076,0.016,0.06,1317,6379,True
LS031B,NS5B,197,P,99.223,99.811,0.588,1287,7418,True
LS031B,NS5B,197,S,0.311,0.027,0.284,1287,7418,True
LS031B,NS5B,197,L,0.0,0.094,0.094,1287,7418,True
LS031B,NS5B,197,T,0.078,0.013,0.064,1287,7418,True
LS031B,NS5B,197,H,0.155,0.054,0.101,1287,7418,True
LS031B,NS5B,197,A,0.233,0.0,0.233,1287,7418,True
LS031B,NS5B,198,R,0.652,0.243,0.409,1227,6982,True
LS031B,NS5B,198,E,0.326,0.186,0.14,1227,6982,True
LS031B,NS5B,198,*,0.163,0.014,0.149,1227,6982,True
LS031B,NS5B,198,T,0.0,0.029,0.029,1227,6982,True
LS031B,NS5B,198,N,0.0,0.086,0.086,1227,6982,True
LS031B,NS5B,198,K,98.778,99.355,0.578,1227,6982,True
LS031B,NS5B,198,M,0.081,0.086,0.004,1227,6982,True
LS031B,NS5B,199,R,0.485,0.235,0.25,1031,7245,True
LS031B,NS5B,199,Q,99.418,99.627,0.209,1031,7245,True
LS031B,NS5B,199,P,0.0,0.014,0.014,1031,7245,True
LS031B,NS5B,199,*,0.0,0.028,0.028,1031,7245,True
LS031B,NS5B,199,K,0.0,0.041,0.041,1031,7245,True
LS031B,NS5B,199,L,0.097,0.055,0.042,1031,7245,True
LS031B,NS5B,200,R,99.496,99.524,0.028,993,7360,True
LS031B,NS5B,200,G,0.201,0.014,0.188,993,7360,True
LS031B,NS5B,200,Q,0.101,0.0,0.101,993,7360,True
LS031B,NS5B,200,P,0.0,0.014,0.014,993,7360,True
LS031B,NS5B,200,C,0.201,0.136,0.066,993,7360,True
LS031B,NS5B,200,H,0.0,0.312,0.312,993,7360,True
LS031B,NS5B,201,E,0.109,0.04,0.069,915,7515,True
LS031B,NS5B,201,G,0.0,0.053,0.053,915,7515,True
LS031B,NS5B,201,L,0.0,0.04,0.04,915,7515,True
LS031B,NS5B,201,I,0.0,0.053,0.053,915,7515,True
LS031B,NS5B,201,V,99.235,99.494,0.259,915,7515,True
LS031B,NS5B,201,A,0.656,0.253,0.403,915,7515,True
LS031B,NS5B,201,M,0.0,0.067,0.067,915,7515,True
LS031B,NS5B,202,E,87.515,94.203,6.688,825,6969,True
LS031B,NS5B,202,G,0.485,0.244,0.241,825,6969,True
LS031B,NS5B,202,Q,0.0,0.029,0.029,825,6969,True
LS031B,NS5B,202,*,0.242,0.014,0.228,825,6969,True
LS031B,NS5B,202,K,0.0,0.086,0.086,825,6969,True
LS031B,NS5B,202,D,11.636,5.266,6.37,825,6969,True
LS031B,NS5B,202,V,0.0,0.115,0.115,825,6969,True
LS031B,NS5B,202,A,0.121,0.043,0.078,825,6969,True
LS031B,NS5B,203,R,99.202,99.653,0.451,752,7203,True
LS031B,NS5B,203,P,0.0,0.028,0.028,752,7203,True
LS031B,NS5B,203,C,0.665,0.111,0.554,752,7203,True
LS031B,NS5B,203,S,0.0,0.028,0.028,752,7203,True
LS031B,NS5B,203,H,0.133,0.153,0.02,752,7203,True
LS031B,NS5B,203,L,0.0,0.028,0.028,752,7203,True
LS031B,NS5B,204,P,1.811,0.606,1.204,718,6927,True
LS031B,NS5B,204,F,0.139,0.087,0.053,718,6927,True
LS031B,NS5B,204,I,0.0,0.029,0.029,718,6927,True
LS031B,NS5B,204,V,0.0,0.029,0.029,718,6927,True
LS031B,NS5B,204,H,0.139,0.058,0.082,718,6927,True
LS031B,NS5B,204,L,97.911,99.192,1.281,718,6927,True
LS031B,NS5B,205,P,0.262,0.431,0.169,762,8349,True
LS031B,NS5B,205,F,0.131,0.024,0.107,762,8349,True
LS031B,NS5B,205,I,0.131,0.048,0.083,762,8349,True
LS031B,NS5B,205,V,0.0,0.012,0.012,762,8349,True
LS031B,NS5B,205,H,0.0,0.072,0.072,762,8349,True
LS031B,NS5B,205,L,99.475,99.413,0.062,762,8349,True
LS031B,NS5B,206,R,0.0,0.277,0.277,765,9747,True
LS031B,NS5B,206,E,0.0,0.031,0.031,765,9747,True
LS031B,NS5B,206,Q,99.477,99.631,0.154,765,9747,True
LS031B,NS5B,206,*,0.0,0.021,0.021,765,9747,True
LS031B,NS5B,206,L,0.0,0.021,0.021,765,9747,True
LS031B,NS5B,206,H,0.0,0.01,0.01,765,9747,True
LS031B,NS5B,206,K,0.523,0.01,0.513,765,9747,True
LS031B,NS5B,207,R,0.0,0.031,0.031,712,9798,True
LS031B,NS5B,207,L,0.0,0.02,0.02,712,9798,True
LS031B,NS5B,207,T,0.0,0.306,0.306,712,9798,True
LS031B,NS5B,207,I,0.14,0.071,0.069,712,9798,True
LS031B,NS5B,207,K,0.281,0.0,0.281,712,9798,True
LS031B,NS5B,207,V,1.124,0.337,0.787,712,9798,True
LS031B,NS5B,207,M,98.455,99.235,0.779,712,9798,True
LS031B,NS5B,208,R,1.852,0.367,1.485,486,8715,True
LS031B,NS5B,208,G,0.617,0.08,0.537,486,8715,True
LS031B,NS5B,208,*,0.0,0.252,0.252,486,8715,True
LS031B,NS5B,208,C,0.0,0.023,0.023,486,8715,True
LS031B,NS5B,208,W,97.531,99.266,1.735,486,8715,True
LS031B,NS5B,208,L,0.0,0.011,0.011,486,8715,True
LS031B,NS5B,209,R,100.0,99.648,0.352,434,9371,True
LS031B,NS5B,209,G,0.0,0.032,0.032,434,9371,True
LS031B,NS5B,209,C,0.0,0.16,0.16,434,9371,True
LS031B,NS5B,209,H,0.0,0.16,0.16,434,9371,True
LS031B,NS5B,210,T,0.484,0.631,0.147,413,9352,True
LS031B,NS5B,210,E,0.0,0.021,0.021,413,9352,True
LS031B,NS5B,210,P,0.0,0.032,0.032,413,9352,True
LS031B,NS5B,210,V,0.0,0.043,0.043,413,9352,True
LS031B,NS5B,210,A,99.516,99.273,0.243,413,9352,True
LS031B,NS5B,211,R,0.256,0.28,0.024,390,8929,True
LS031B,NS5B,211,E,0.256,0.347,0.091,390,8929,True
LS031B,NS5B,211,Q,0.0,0.011,0.011,390,8929,True
LS031B,NS5B,211,*,0.0,0.056,0.056,390,8929,True
LS031B,NS5B,211,N,0.256,0.078,0.178,390,8929,True
LS031B,NS5B,211,K,99.231,99.216,0.015,390,8929,True
LS031B,NS5B,211,M,0.0,0.011,0.011,390,8929,True
LS032A,NS5B,162,N,0.058,0.0,0.058,3477,110,True
LS032A,NS5B,162,C,0.374,0.0,0.374,3477,110,True
LS032A,NS5B,162,H,0.374,1.818,1.444,3477,110,True
LS032A,NS5B,162,F,0.058,0.0,0.058,3477,110,True
LS032A,NS5B,162,Y,99.137,98.182,0.955,3477,110,True
LS032A,NS5B,163,L,0.06,0.0,0.06,3334,142,True
LS032A,NS5B,163,S,0.12,0.0,0.12,3334,142,True
LS032A,NS5B,163,P,99.82,100.0,0.18,3334,142,True
LS032A,NS5B,164,N,0.124,0.0,0.124,3218,141,True
LS032A,NS5B,164,G,0.342,0.0,0.342,3218,141,True
LS032A,NS5B,164,D,99.472,100.0,0.528,3218,141,True
LS032A,NS5B,164,Y,0.062,0.0,0.062,3218,141,True
LS032A,NS5B,165,L,99.881,99.408,0.472,3352,169,True
LS032A,NS5B,165,P,0.119,0.592,0.472,3352,169,True
LS032A,NS5B,166,R,0.182,0.0,0.182,3302,221,True
LS032A,NS5B,166,E,0.061,0.0,0.061,3302,221,True
LS032A,NS5B,166,G,99.637,100.0,0.363,3302,221,True
LS032A,NS5B,166,W,0.03,0.0,0.03,3302,221,True
LS032A,NS5B,166,V,0.03,0.0,0.03,3302,221,True
LS032A,NS5B,166,A,0.061,0.0,0.061,3302,221,True
LS032A,NS5B,167,E,0.029,0.0,0.029,3468,285,True
LS032A,NS5B,167,I,0.115,0.0,0.115,3468,285,True
LS032A,NS5B,167,V,99.827,99.649,0.178,3468,285,True
LS032A,NS5B,167,A,0.029,0.351,0.322,3468,285,True
LS032A,NS5B,168,R,99.453,98.625,0.827,3471,291,True
LS032A,NS5B,168,K,0.029,0.0,0.029,3471,291,True
LS032A,NS5B,168,G,0.346,1.031,0.685,3471,291,True
LS032A,NS5B,168,W,0.144,0.0,0.144,3471,291,True
LS032A,NS5B,168,S,0.029,0.0,0.029,3471,291,True
LS032A,NS5B,168,M,0.0,0.344,0.344,3471,291,True
LS032A,NS5B,169,E,0.031,0.0,0.031,3230,437,True
LS032A,NS5B,169,A,0.279,0.458,0.179,3230,437,True
LS032A,NS5B,169,V,99.567,99.542,0.024,3230,437,True
LS032A,NS5B,169,L,0.093,0.0,0.093,3230,437,True
LS032A,NS5B,169,M,0.031,0.0,0.031,3230,437,True
LS032A,NS5B,170,R,0.511,0.367,0.144,3328,545,True
LS032A,NS5B,170,G,0.09,0.367,0.277,3328,545,True
LS032A,NS5B,170,C,99.339,98.899,0.44,3328,545,True
LS032A,NS5B,170,S,0.0,0.367,0.367,3328,545,True
LS032A,NS5B,170,W,0.06,0.0,0.06,3328,545,True
LS032A,NS5B,171,E,99.368,100.0,0.632,3165,585,True
LS032A,NS5B,171,G,0.442,0.0,0.442,3165,585,True
LS032A,NS5B,171,Q,0.032,0.0,0.032,3165,585,True
LS032A,NS5B,171,V,0.095,0.0,0.095,3165,585,True
LS032A,NS5B,171,K,0.063,0.0,0.063,3165,585,True
LS032A,NS5B,172,R,0.366,0.0,0.366,3276,621,True
LS032A,NS5B,172,E,0.305,0.161,0.144,3276,621,True
LS032A,NS5B,172,N,0.0,0.161,0.161,3276,621,True
LS032A,NS5B,172,*,0.214,0.0,0.214,3276,621,True
LS032A,NS5B,172,K,99.054,99.678,0.624,3276,621,True
LS032A,NS5B,172,M,0.061,0.0,0.061,3276,621,True
LS032A,NS5B,173,R,99.405,99.461,0.056,3193,742,True
LS032A,NS5B,173,Q,0.313,0.404,0.091,3193,742,True
LS032A,NS5B,173,P,0.094,0.135,0.041,3193,742,True
LS032A,NS5B,173,L,0.031,0.0,0.031,3193,742,True
LS032A,NS5B,173,W,0.125,0.0,0.125,3193,742,True
LS032A,NS5B,173,A,0.031,0.0,0.031,3193,742,True
LS032A,NS5B,174,T,0.127,0.126,0.001,3148,794,True
LS032A,NS5B,174,A,99.682,99.874,0.192,3148,794,True
LS032A,NS5B,174,V,0.191,0.0,0.191,3148,794,True
LS032A,NS5B,175,P,0.369,1.044,0.675,3251,958,True
LS032A,NS5B,175,H,0.031,0.0,0.031,3251,958,True
LS032A,NS5B,175,L,99.6,98.956,0.644,3251,958,True
LS032A,NS5B,176,N,0.031,0.0,0.031,3224,1059,True
LS032A,NS5B,176,*,0.124,0.0,0.124,3224,1059,True
LS032A,NS5B,176,C,0.186,0.0,0.186,3224,1059,True
LS032A,NS5B,176,H,0.093,0.189,0.096,3224,1059,True
LS032A,NS5B,176,Y,99.566,99.811,0.245,3224,1059,True
LS032A,NS5B,177,E,0.063,0.0,0.063,3158,1035,True
LS032A,NS5B,177,G,0.222,0.386,0.165,3158,1035,True
LS032A,NS5B,177,N,0.19,0.386,0.196,3158,1035,True
LS032A,NS5B,177,D,99.335,99.13,0.205,3158,1035,True
LS032A,NS5B,177,V,0.127,0.0,0.127,3158,1035,True
LS032A,NS5B,177,H,0.0,0.097,0.097,3158,1035,True
LS032A,NS5B,177,A,0.063,0.0,0.063,3158,1035,True
LS032A,NS5B,178,G,0.035,0.0,0.035,2896,1106,True
LS032A,NS5B,178,A,0.207,0.362,0.154,2896,1106,True
LS032A,NS5B,178,I,0.104,0.09,0.013,2896,1106,True
LS032A,NS5B,178,V,99.586,99.458,0.128,2896,1106,True
LS032A,NS5B,178,D,0.069,0.09,0.021,2896,1106,True
LS032A,NS5B,179,T,99.514,99.919,0.405,3087,1241,True
LS032A,NS5B,179,R,0.065,0.0,0.065,3087,1241,True
LS032A,NS5B,179,A,0.292,0.081,0.211,3087,1241,True
LS032A,NS5B,179,M,0.13,0.0,0.13,3087,1241,True
LS032A,NS5B,180,R,99.367,99.74,0.373,3001,1537,True
LS032A,NS5B,180,C,0.2,0.065,0.135,3001,1537,True
LS032A,NS5B,180,H,0.433,0.13,0.303,3001,1537,True
LS032A,NS5B,180,L,0.0,0.065,0.065,3001,1537,True
LS032A,NS5B,181,R,0.476,0.47,0.005,2942,1488,True
LS032A,NS5B,181,E,0.204,0.605,0.401,2942,1488,True
LS032A,NS5B,181,*,0.17,0.067,0.103,2942,1488,True
LS032A,NS5B,181,T,0.0,0.067,0.067,2942,1488,True
LS032A,NS5B,181,N,0.102,0.067,0.035,2942,1488,True
LS032A,NS5B,181,K,98.98,98.656,0.324,2942,1488,True
LS032A,NS5B,181,M,0.068,0.067,0.001,2942,1488,True
LS032A,NS5B,182,R,0.037,0.0,0.037,2731,1604,True
LS032A,NS5B,182,Q,0.037,0.249,0.213,2731,1604,True
LS032A,NS5B,182,P,0.11,0.374,0.264,2731,1604,True
LS032A,NS5B,182,L,99.817,99.377,0.44,2731,1604,True
LS032A,NS5B,183,P,99.468,99.878,0.41,2630,1633,True
LS032A,NS5B,183,S,0.38,0.0,0.38,2630,1633,True
LS032A,NS5B,183,A,0.038,0.061,0.023,2630,1633,True
LS032A,NS5B,183,L,0.114,0.061,0.053,2630,1633,True
LS032A,NS5B,184,R,0.0,0.058,0.058,2665,1737,True
LS032A,NS5B,184,Q,0.075,0.058,0.017,2665,1737,True
LS032A,NS5B,184,P,0.338,0.115,0.223,2665,1737,True
LS032A,NS5B,184,L,99.475,99.77,0.295,2665,1737,True
LS032A,NS5B,184,V,0.038,0.0,0.038,2665,1737,True
LS032A,NS5B,184,M,0.075,0.0,0.075,2665,1737,True
LS032A,NS5B,185,E,0.0,0.111,0.111,2642,1796,True
LS032A,NS5B,185,P,0.038,0.056,0.018,2642,1796,True
LS032A,NS5B,185,T,0.189,0.111,0.078,2642,1796,True
LS032A,NS5B,185,V,0.0,0.056,0.056,2642,1796,True
LS032A,NS5B,185,A,99.773,99.666,0.107,2642,1796,True
LS032A,NS5B,186,E,0.08,0.0,0.08,2505,1698,True
LS032A,NS5B,186,G,0.279,0.118,0.162,2505,1698,True
LS032A,NS5B,186,A,0.16,0.177,0.017,2505,1698,True
LS032A,NS5B,186,V,99.361,99.706,0.344,2505,1698,True
LS032A,NS5B,186,L,0.12,0.0,0.12,2505,1698,True
LS032A,NS5B,187,L,0.0,0.216,0.216,2554,1852,True
LS032A,NS5B,187,T,0.235,0.432,0.197,2554,1852,True
LS032A,NS5B,187,I,0.47,0.162,0.308,2554,1852,True
LS032A,NS5B,187,V,0.313,0.108,0.205,2554,1852,True
LS032A,NS5B,187,M,98.982,99.082,0.1,2554,1852,True
LS032A,NS5B,188,R,0.0,0.111,0.111,2463,1802,True
LS032A,NS5B,188,E,0.041,0.0,0.041,2463,1802,True
LS032A,NS5B,188,G,99.878,99.834,0.045,2463,1802,True
LS032A,NS5B,188,A,0.0,0.055,0.055,2463,1802,True
LS032A,NS5B,188,V,0.081,0.0,0.081,2463,1802,True
LS032A,NS5B,189,R,0.04,0.0,0.04,2512,2037,True
LS032A,NS5B,189,Q,0.08,0.098,0.019,2512,2037,True
LS032A,NS5B,189,P,99.602,99.705,0.104,2512,2037,True
LS032A,NS5B,189,S,0.199,0.098,0.101,2512,2037,True
LS032A,NS5B,189,T,0.08,0.0,0.08,2512,2037,True
LS032A,NS5B,189,L,0.0,0.098,0.098,2512,2037,True
LS032A,NS5B,190,T,0.121,0.051,0.07,2478,1956,True
LS032A,NS5B,190,G,0.04,0.0,0.04,2478,1956,True
LS032A,NS5B,190,D,0.04,0.0,0.04,2478,1956,True
LS032A,NS5B,190,A,99.798,99.949,0.151,2478,1956,True
LS032A,NS5B,191,C,0.0,0.145,0.145,2295,2076,True
LS032A,NS5B,191,F,0.044,0.048,0.005,2295,2076,True
LS032A,NS5B,191,S,0.0,0.048,0.048,2295,2076,True
LS032A,NS5B,191,H,0.523,0.193,0.33,2295,2076,True
LS032A,NS5B,191,Y,99.434,99.566,0.133,2295,2076,True
LS032A,NS5B,192,R,0.0,0.092,0.092,2323,2167,True
LS032A,NS5B,192,G,99.742,99.862,0.12,2323,2167,True
LS032A,NS5B,192,C,0.043,0.0,0.043,2323,2167,True
LS032A,NS5B,192,S,0.215,0.046,0.169,2323,2167,True
LS032A,NS5B,193,F,99.315,99.337,0.023,2189,2415,True
LS032A,NS5B,193,S,0.411,0.29,0.121,2189,2415,True
LS032A,NS5B,193,I,0.046,0.041,0.004,2189,2415,True
LS032A,NS5B,193,L,0.228,0.29,0.061,2189,2415,True
LS032A,NS5B,193,Y,0.0,0.041,0.041,2189,2415,True
LS032A,NS5B,194,R,0.174,0.34,0.166,2297,2647,True
LS032A,NS5B,194,E,0.087,0.0,0.087,2297,2647,True
LS032A,NS5B,194,Q,99.521,99.131,0.39,2297,2647,True
LS032A,NS5B,194,P,0.0,0.264,0.264,2297,2647,True
LS032A,NS5B,194,*,0.131,0.113,0.017,2297,2647,True
LS032A,NS5B,194,K,0.0,0.076,0.076,2297,2647,True
LS032A,NS5B,194,H,0.0,0.038,0.038,2297,2647,True
LS032A,NS5B,194,L,0.087,0.038,0.049,2297,2647,True
LS032A,NS5B,195,*,0.0,0.075,0.075,2220,2651,True
LS032A,NS5B,195,C,0.36,0.264,0.096,2220,2651,True
LS032A,NS5B,195,S,0.0,0.075,0.075,2220,2651,True
LS032A,NS5B,195,H,0.09,0.189,0.099,2220,2651,True
LS032A,NS5B,195,Y,99.55,99.396,0.153,2220,2651,True
LS032A,NS5B,196,P,0.233,1.647,1.414,2143,2611,True
LS032A,NS5B,196,*,0.0,0.077,0.077,2143,2611,True
LS032A,NS5B,196,S,99.16,97.817,1.343,2143,2611,True
LS032A,NS5B,196,L,0.233,0.268,0.035,2143,2611,True
LS032A,NS5B,196,T,0.327,0.0,0.327,2143,2611,True
LS032A,NS5B,196,W,0.0,0.153,0.153,2143,2611,True
LS032A,NS5B,196,A,0.047,0.038,0.008,2143,2611,True
LS032A,NS5B,197,R,0.0,0.031,0.031,2107,3247,True
LS032A,NS5B,197,P,99.668,99.846,0.178,2107,3247,True
LS032A,NS5B,197,S,0.19,0.031,0.159,2107,3247,True
LS032A,NS5B,197,T,0.047,0.0,0.047,2107,3247,True
LS032A,NS5B,197,H,0.0,0.092,0.092,2107,3247,True
LS032A,NS5B,197,L,0.095,0.0,0.095,2107,3247,True
LS032A,NS5B,198,R,0.247,0.506,0.259,2026,2963,True
LS032A,NS5B,198,E,0.247,0.0,0.247,2026,2963,True
LS032A,NS5B,198,*,0.099,0.034,0.065,2026,2963,True
LS032A,NS5B,198,K,99.013,99.426,0.413,2026,2963,True
LS032A,NS5B,198,M,0.395,0.034,0.361,2026,2963,True
LS032A,NS5B,199,R,0.404,0.223,0.181,1731,3139,True
LS032A,NS5B,199,Q,99.365,99.172,0.193,1731,3139,True
LS032A,NS5B,199,P,0.058,0.032,0.026,1731,3139,True
LS032A,NS5B,199,*,0.0,0.319,0.319,1731,3139,True
LS032A,NS5B,199,K,0.0,0.064,0.064,1731,3139,True
LS032A,NS5B,199,H,0.0,0.032,0.032,1731,3139,True
LS032A,NS5B,199,L,0.173,0.159,0.014,1731,3139,True
LS032A,NS5B,200,R,99.129,99.654,0.525,1722,3183,True
LS032A,NS5B,200,G,0.116,0.063,0.053,1722,3183,True
LS032A,NS5B,200,C,0.407,0.094,0.312,1722,3183,True
LS032A,NS5B,200,S,0.116,0.0,0.116,1722,3183,True
LS032A,NS5B,200,H,0.174,0.189,0.014,1722,3183,True
LS032A,NS5B,200,L,0.058,0.0,0.058,1722,3183,True
LS032A,NS5B,201,E,0.0,0.065,0.065,1623,3087,True
LS032A,NS5B,201,G,0.062,0.065,0.003,1623,3087,True
LS032A,NS5B,201,L,0.0,0.065,0.065,1623,3087,True
LS032A,NS5B,201,I,0.062,0.777,0.716,1623,3087,True
LS032A,NS5B,201,V,99.507,98.413,1.094,1623,3087,True
LS032A,NS5B,201,A,0.37,0.615,0.246,1623,3087,True
LS032A,NS5B,202,E,99.539,99.274,0.265,1520,2755,True
LS032A,NS5B,202,G,0.263,0.218,0.045,1520,2755,True
LS032A,NS5B,202,K,0.0,0.036,0.036,1520,2755,True
LS032A,NS5B,202,D,0.132,0.109,0.023,1520,2755,True
LS032A,NS5B,202,V,0.0,0.327,0.327,1520,2755,True
LS032A,NS5B,202,A,0.066,0.036,0.029,1520,2755,True
LS032A,NS5B,203,R,99.646,99.755,0.109,1414,2861,True
LS032A,NS5B,203,P,0.0,0.07,0.07,1414,2861,True
LS032A,NS5B,203,C,0.212,0.07,0.142,1414,2861,True
LS032A,NS5B,203,H,0.141,0.07,0.072,1414,2861,True
LS032A,NS5B,203,L,0.0,0.035,0.035,1414,2861,True
LS032A,NS5B,204,P,0.148,0.138,0.01,1353,2906,True
LS032A,NS5B,204,F,0.222,0.069,0.153,1353,2906,True
LS032A,NS5B,204,I,0.0,0.034,0.034,1353,2906,True
LS032A,NS5B,204,V,0.0,0.034,0.034,1353,2906,True
LS032A,NS5B,204,H,0.0,0.138,0.138,1353,2906,True
LS032A,NS5B,204,L,99.63,99.587,0.043,1353,2906,True
LS032A,NS5B,205,R,0.072,0.0,0.072,1385,3271,True
LS032A,NS5B,205,P,0.361,0.611,0.25,1385,3271,True
LS032A,NS5B,205,F,0.144,0.031,0.114,1385,3271,True
LS032A,NS5B,205,I,0.0,0.061,0.061,1385,3271,True
LS032A,NS5B,205,H,0.0,0.092,0.092,1385,3271,True
LS032A,NS5B,205,L,99.278,99.205,0.073,1385,3271,True
LS032A,NS5B,205,Y,0.144,0.0,0.144,1385,3271,True
LS032A,NS5B,206,R,0.632,1.573,0.941,1424,3687,True
LS032A,NS5B,206,E,0.0,0.027,0.027,1424,3687,True
LS032A,NS5B,206,Q,99.087,98.318,0.769,1424,3687,True
LS032A,NS5B,206,P,0.0,0.054,0.054,1424,3687,True
LS032A,NS5B,206,*,0.14,0.027,0.113,1424,3687,True
LS032A,NS5B,206,L,0.14,0.0,0.14,1424,3687,True
LS032A,NS5B,207,R,0.148,0.0,0.148,1353,3733,True
LS032A,NS5B,207,A,0.0,0.027,0.027,1353,3733,True
LS032A,NS5B,207,L,0.074,0.0,0.074,1353,3733,True
LS032A,NS5B,207,T,0.074,0.161,0.087,1353,3733,True
LS032A,NS5B,207,I,0.074,0.054,0.02,1353,3733,True
LS032A,NS5B,207,V,0.296,0.402,0.106,1353,3733,True
LS032A,NS5B,207,K,0.148,0.027,0.121,1353,3733,True
LS032A,NS5B,207,M,99.187,99.33,0.143,1353,3733,True
LS032A,NS5B,208,R,0.79,0.863,0.073,1139,3245,True
LS032A,NS5B,208,G,0.088,0.031,0.057,1139,3245,True
LS032A,NS5B,208,*,0.527,0.154,0.373,1139,3245,True
LS032A,NS5B,208,W,98.595,98.921,0.326,1139,3245,True
LS032A,NS5B,208,L,0.0,0.031,0.031,1139,3245,True
LS032A,NS5B,209,R,99.374,99.614,0.24,1118,3624,True
LS032A,NS5B,209,G,0.089,0.0,0.089,1118,3624,True
LS032A,NS5B,209,P,0.0,0.055,0.055,1118,3624,True
LS032A,NS5B,209,C,0.358,0.083,0.275,1118,3624,True
LS032A,NS5B,209,S,0.0,0.028,0.028,1118,3624,True
LS032A,NS5B,209,H,0.179,0.193,0.014,1118,3624,True
LS032A,NS5B,209,L,0.0,0.028,0.028,1118,3624,True
LS032A,NS5B,210,G,0.281,0.0,0.281,1068,3561,True
LS032A,NS5B,210,P,0.094,0.112,0.019,1068,3561,True
LS032A,NS5B,210,A,99.064,99.326,0.262,1068,3561,True
LS032A,NS5B,210,T,0.187,0.393,0.206,1068,3561,True
LS032A,NS5B,210,V,0.375,0.168,0.206,1068,3561,True
LS032A,NS5B,211,R,0.685,0.851,0.167,1022,3406,True
LS032A,NS5B,211,E,0.391,0.352,0.039,1022,3406,True
LS032A,NS5B,211,Q,0.0,0.088,0.088,1022,3406,True
LS032A,NS5B,211,*,0.294,0.0,0.294,1022,3406,True
LS032A,NS5B,211,N,0.0,0.117,0.117,1022,3406,True
LS032A,NS5B,211,K,98.63,98.591,0.039,1022,3406,True
LS032B,NS5B,163,P,99.773,96.0,3.773,2204,150,True
LS032B,NS5B,163,H,0.091,0.0,0.091,2204,150,True
LS032B,NS5B,163,F,0.091,0.0,0.091,2204,150,True
LS032B,NS5B,163,S,0.045,0.0,0.045,2204,150,True
LS032B,NS5B,163,L,0.0,4.0,4.0,2204,150,True
LS032B,NS5B,164,N,0.142,0.0,0.142,2113,190,True
LS032B,NS5B,164,G,0.284,0.0,0.284,2113,190,True
LS032B,NS5B,164,A,0.095,0.0,0.095,2113,190,True
LS032B,NS5B,164,D,99.432,99.474,0.042,2113,190,True
LS032B,NS5B,164,Y,0.047,0.526,0.479,2113,190,True
LS032B,NS5B,165,L,99.912,100.0,0.088,2264,224,True
LS032B,NS5B,165,Q,0.044,0.0,0.044,2264,224,True
LS032B,NS5B,165,P,0.044,0.0,0.044,2264,224,True
LS032B,NS5B,166,R,0.135,0.0,0.135,2226,423,True
LS032B,NS5B,166,E,0.494,0.946,0.451,2226,423,True
LS032B,NS5B,166,G,99.236,98.345,0.891,2226,423,True
LS032B,NS5B,166,V,0.09,0.709,0.619,2226,423,True
LS032B,NS5B,166,A,0.045,0.0,0.045,2226,423,True
LS032B,NS5B,167,E,0.042,0.0,0.042,2372,820,True
LS032B,NS5B,167,I,0.084,0.0,0.084,2372,820,True
LS032B,NS5B,167,G,0.084,0.0,0.084,2372,820,True
LS032B,NS5B,167,A,0.084,0.0,0.084,2372,820,True
LS032B,NS5B,167,V,99.705,100.0,0.295,2372,820,True
LS032B,NS5B,168,R,99.332,99.286,0.046,2394,840,True
LS032B,NS5B,168,E,0.042,0.0,0.042,2394,840,True
LS032B,NS5B,168,G,0.501,0.595,0.094,2394,840,True
LS032B,NS5B,168,W,0.0,0.119,0.119,2394,840,True
LS032B,NS5B,168,K,0.084,0.0,0.084,2394,840,True
LS032B,NS5B,168,M,0.042,0.0,0.042,2394,840,True
LS032B,NS5B,169,E,0.088,0.102,0.014,2262,978,True
LS032B,NS5B,169,L,0.044,0.102,0.058,2262,978,True
LS032B,NS5B,169,V,99.558,99.591,0.033,2262,978,True
LS032B,NS5B,169,A,0.309,0.204,0.105,2262,978,True
LS032B,NS5B,170,R,0.218,0.469,0.251,2293,1065,True
LS032B,NS5B,170,G,0.044,0.0,0.044,2293,1065,True
LS032B,NS5B,170,*,0.0,0.094,0.094,2293,1065,True
LS032B,NS5B,170,C,99.738,99.249,0.49,2293,1065,True
LS032B,NS5B,170,S,0.0,0.188,0.188,2293,1065,True
LS032B,NS5B,171,E,99.216,99.376,0.16,2168,1122,True
LS032B,NS5B,171,G,0.6,0.178,0.421,2168,1122,True
LS032B,NS5B,171,A,0.046,0.178,0.132,2168,1122,True
LS032B,NS5B,171,V,0.092,0.267,0.175,2168,1122,True
LS032B,NS5B,171,K,0.046,0.0,0.046,2168,1122,True
LS032B,NS5B,172,R,0.31,0.086,0.224,2261,1168,True
LS032B,NS5B,172,E,0.133,0.0,0.133,2261,1168,True
LS032B,NS5B,172,N,0.133,0.0,0.133,2261,1168,True
LS032B,NS5B,172,K,99.425,99.829,0.404,2261,1168,True
LS032B,NS5B,172,M,0.0,0.086,0.086,2261,1168,True
LS032B,NS5B,173,R,99.727,99.463,0.264,2194,1303,True
LS032B,NS5B,173,G,0.0,0.153,0.153,2194,1303,True
LS032B,NS5B,173,Q,0.137,0.23,0.094,2194,1303,True
LS032B,NS5B,173,W,0.137,0.153,0.017,2194,1303,True
LS032B,NS5B,174,E,0.092,0.0,0.092,2164,1343,True
LS032B,NS5B,174,P,0.0,0.149,0.149,2164,1343,True
LS032B,NS5B,174,A,99.677,99.553,0.123,2164,1343,True
LS032B,NS5B,174,T,0.139,0.149,0.01,2164,1343,True
LS032B,NS5B,174,V,0.092,0.149,0.056,2164,1343,True
LS032B,NS5B,175,P,0.266,1.22,0.953,2253,1476,True
LS032B,NS5B,175,F,0.266,0.0,0.266,2253,1476,True
LS032B,NS5B,175,V,0.0,0.068,0.068,2253,1476,True
LS032B,NS5B,175,H,0.044,0.068,0.023,2253,1476,True
LS032B,NS5B,175,L,99.423,98.645,0.778,2253,1476,True
LS032B,NS5B,176,*,0.18,0.0,0.18,2223,1620,True
LS032B,NS5B,176,C,0.225,0.123,0.101,2223,1620,True
LS032B,NS5B,176,S,0.045,0.0,0.045,2223,1620,True
LS032B,NS5B,176,N,0.09,0.0,0.09,2223,1620,True
LS032B,NS5B,176,H,0.09,0.247,0.157,2223,1620,True
LS032B,NS5B,176,Y,99.37,99.63,0.259,2223,1620,True
LS032B,NS5B,177,E,0.0,0.209,0.209,2179,1913,True
LS032B,NS5B,177,G,0.229,0.209,0.02,2179,1913,True
LS032B,NS5B,177,N,0.092,0.314,0.222,2179,1913,True
LS032B,NS5B,177,D,99.587,99.164,0.423,2179,1913,True
LS032B,NS5B,177,V,0.0,0.052,0.052,2179,1913,True
LS032B,NS5B,177,A,0.092,0.0,0.092,2179,1913,True
LS032B,NS5B,177,Y,0.0,0.052,0.052,2179,1913,True
LS032B,NS5B,178,G,0.1,0.095,0.005,1999,2108,True
LS032B,NS5B,178,A,0.25,0.427,0.177,1999,2108,True
LS032B,NS5B,178,F,0.0,0.095,0.095,1999,2108,True
LS032B,NS5B,178,I,0.15,0.237,0.087,1999,2108,True
LS032B,NS5B,178,V,99.45,99.099,0.351,1999,2108,True
LS032B,NS5B,178,D,0.05,0.047,0.003,1999,2108,True
LS032B,NS5B,179,R,0.0,0.046,0.046,2100,2184,True
LS032B,NS5B,179,P,0.048,0.0,0.048,2100,2184,True
LS032B,NS5B,179,S,0.048,0.0,0.048,2100,2184,True
LS032B,NS5B,179,T,99.762,99.542,0.22,2100,2184,True
LS032B,NS5B,179,A,0.048,0.229,0.181,2100,2184,True
LS032B,NS5B,179,M,0.095,0.183,0.088,2100,2184,True
LS032B,NS5B,180,R,98.505,99.708,1.203,2074,2401,True
LS032B,NS5B,180,C,1.205,0.125,1.08,2074,2401,True
LS032B,NS5B,180,H,0.289,0.125,0.164,2074,2401,True
LS032B,NS5B,180,S,0.0,0.042,0.042,2074,2401,True
LS032B,NS5B,181,R,0.502,0.341,0.161,1991,2346,True
LS032B,NS5B,181,E,0.201,0.256,0.055,1991,2346,True
LS032B,NS5B,181,*,0.0,0.128,0.128,1991,2346,True
LS032B,NS5B,181,N,0.151,0.0,0.151,1991,2346,True
LS032B,NS5B,181,K,99.146,99.19,0.044,1991,2346,True
LS032B,NS5B,181,M,0.0,0.085,0.085,1991,2346,True
LS032B,NS5B,182,R,0.05,0.04,0.011,1996,2526,True
LS032B,NS5B,182,Q,0.1,0.0,0.1,1996,2526,True
LS032B,NS5B,182,P,0.15,0.475,0.325,1996,2526,True
LS032B,NS5B,182,V,0.0,0.079,0.079,1996,2526,True
LS032B,NS5B,182,L,99.699,99.406,0.293,1996,2526,True
LS032B,NS5B,183,R,0.104,0.0,0.104,1928,2549,True
LS032B,NS5B,183,P,99.689,99.961,0.272,1928,2549,True
LS032B,NS5B,183,S,0.104,0.039,0.065,1928,2549,True
LS032B,NS5B,183,H,0.052,0.0,0.052,1928,2549,True
LS032B,NS5B,183,L,0.052,0.0,0.052,1928,2549,True
LS032B,NS5B,184,P,0.205,0.383,0.178,1953,2612,True
LS032B,NS5B,184,*,0.051,0.0,0.051,1953,2612,True
LS032B,NS5B,184,L,99.744,99.617,0.127,1953,2612,True
LS032B,NS5B,185,T,0.103,4.412,4.309,1933,2765,True
LS032B,NS5B,185,G,0.155,0.0,0.155,1933,2765,True
LS032B,NS5B,185,A,99.586,95.371,4.215,1933,2765,True
LS032B,NS5B,185,V,0.155,0.217,0.062,1933,2765,True
LS032B,NS5B,186,E,0.0,0.035,0.035,1839,2871,True
LS032B,NS5B,186,G,0.0,0.07,0.07,1839,2871,True
LS032B,NS5B,186,L,0.054,0.0,0.054,1839,2871,True
LS032B,NS5B,186,V,99.782,99.303,0.479,1839,2871,True
LS032B,NS5B,186,A,0.163,0.383,0.22,1839,2871,True
LS032B,NS5B,186,M,0.0,0.209,0.209,1839,2871,True
LS032B,NS5B,187,L,0.0,0.065,0.065,1850,3072,True
LS032B,NS5B,187,T,0.054,0.293,0.239,1850,3072,True
LS032B,NS5B,187,I,0.108,0.033,0.076,1850,3072,True
LS032B,NS5B,187,K,0.0,0.098,0.098,1850,3072,True
LS032B,NS5B,187,V,0.378,0.163,0.216,1850,3072,True
LS032B,NS5B,187,M,99.459,99.349,0.111,1850,3072,True
LS032B,NS5B,188,R,0.169,0.062,0.107,1776,3234,True
LS032B,NS5B,188,E,0.282,0.093,0.189,1776,3234,True
LS032B,NS5B,188,G,99.493,99.845,0.352,1776,3234,True
LS032B,NS5B,188,A,0.056,0.0,0.056,1776,3234,True
LS032B,NS5B,189,R,0.0,0.059,0.059,1831,3402,True
LS032B,NS5B,189,Q,0.0,0.029,0.029,1831,3402,True
LS032B,NS5B,189,P,99.836,99.853,0.017,1831,3402,True
LS032B,NS5B,189,S,0.109,0.029,0.08,1831,3402,True
LS032B,NS5B,189,L,0.0,0.029,0.029,1831,3402,True
LS032B,NS5B,189,A,0.055,0.0,0.055,1831,3402,True
LS032B,NS5B,190,T,0.0,0.052,0.052,1803,3815,True
LS032B,NS5B,190,G,0.055,0.0,0.055,1803,3815,True
LS032B,NS5B,190,A,99.501,99.948,0.447,1803,3815,True
LS032B,NS5B,190,V,0.055,0.0,0.055,1803,3815,True
LS032B,NS5B,190,S,0.388,0.0,0.388,1803,3815,True
LS032B,NS5B,191,*,0.122,0.079,0.043,1639,3815,True
LS032B,NS5B,191,C,0.183,0.393,0.21,1639,3815,True
LS032B,NS5B,191,N,0.0,0.026,0.026,1639,3815,True
LS032B,NS5B,191,H,0.183,0.367,0.184,1639,3815,True
LS032B,NS5B,191,Y,99.512,99.135,0.377,1639,3815,True
LS032B,NS5B,192,G,99.939,99.766,0.173,1651,3850,True
LS032B,NS5B,192,D,0.0,0.026,0.026,1651,3850,True
LS032B,NS5B,192,C,0.0,0.026,0.026,1651,3850,True
LS032B,NS5B,192,S,0.0,0.182,0.182,1651,3850,True
LS032B,NS5B,192,V,0.061,0.0,0.061,1651,3850,True
LS032B,NS5B,193,C,0.0,0.071,0.071,1527,4202,True
LS032B,NS5B,193,F,99.28,98.477,0.803,1527,4202,True
LS032B,NS5B,193,S,0.327,0.5,0.172,1527,4202,True
LS032B,NS5B,193,I,0.0,0.119,0.119,1527,4202,True
LS032B,NS5B,193,L,0.393,0.69,0.297,1527,4202,True
LS032B,NS5B,193,Y,0.0,0.143,0.143,1527,4202,True
LS032B,NS5B,194,R,0.123,0.184,0.061,1622,4350,True
LS032B,NS5B,194,E,0.0,0.023,0.023,1622,4350,True
LS032B,NS5B,194,Q,99.815,99.701,0.114,1622,4350,True
LS032B,NS5B,194,P,0.0,0.092,0.092,1622,4350,True
LS032B,NS5B,194,L,0.062,0.0,0.062,1622,4350,True
LS032B,NS5B,195,*,0.0,0.023,0.023,1554,4387,True
LS032B,NS5B,195,C,0.0,0.274,0.274,1554,4387,True
LS032B,NS5B,195,F,0.129,0.0,0.129,1554,4387,True
LS032B,NS5B,195,S,0.129,0.0,0.129,1554,4387,True
LS032B,NS5B,195,N,0.0,0.068,0.068,1554,4387,True
LS032B,NS5B,195,H,0.579,0.137,0.442,1554,4387,True
LS032B,NS5B,195,Y,99.163,99.499,0.335,1554,4387,True
LS032B,NS5B,196,P,0.342,0.421,0.08,1463,4271,True
LS032B,NS5B,196,*,0.0,0.047,0.047,1463,4271,True
LS032B,NS5B,196,S,99.658,99.181,0.478,1463,4271,True
LS032B,NS5B,196,L,0.0,0.234,0.234,1463,4271,True
LS032B,NS5B,196,T,0.0,0.023,0.023,1463,4271,True
LS032B,NS5B,196,W,0.0,0.047,0.047,1463,4271,True
LS032B,NS5B,196,A,0.0,0.047,0.047,1463,4271,True
LS032B,NS5B,197,T,0.069,0.0,0.069,1446,6215,True
LS032B,NS5B,197,P,99.654,99.871,0.217,1446,6215,True
LS032B,NS5B,197,S,0.138,0.016,0.122,1446,6215,True
LS032B,NS5B,197,A,0.069,0.0,0.069,1446,6215,True
LS032B,NS5B,197,L,0.069,0.113,0.043,1446,6215,True
LS032B,NS5B,198,R,0.287,0.202,0.085,1396,5951,True
LS032B,NS5B,198,E,0.072,0.202,0.13,1396,5951,True
LS032B,NS5B,198,G,0.143,0.0,0.143,1396,5951,True
LS032B,NS5B,198,*,0.072,0.034,0.038,1396,5951,True
LS032B,NS5B,198,N,0.072,0.034,0.038,1396,5951,True
LS032B,NS5B,198,K,99.355,99.294,0.061,1396,5951,True
LS032B,NS5B,198,M,0.0,0.235,0.235,1396,5951,True
LS032B,NS5B,199,R,0.312,0.5,0.189,1284,5996,True
LS032B,NS5B,199,E,0.0,0.05,0.05,1284,5996,True
LS032B,NS5B,199,Q,99.533,99.183,0.35,1284,5996,True
LS032B,NS5B,199,*,0.156,0.233,0.078,1284,5996,True
LS032B,NS5B,199,H,0.0,0.033,0.033,1284,5996,True
LS032B,NS5B,200,R,99.856,99.701,0.155,1392,6020,True
LS032B,NS5B,200,G,0.0,0.083,0.083,1392,6020,True
LS032B,NS5B,200,C,0.0,0.1,0.1,1392,6020,True
LS032B,NS5B,200,H,0.144,0.083,0.061,1392,6020,True
LS032B,NS5B,200,L,0.0,0.033,0.033,1392,6020,True
LS032B,NS5B,201,G,0.075,0.017,0.058,1331,5898,True
LS032B,NS5B,201,L,0.0,0.102,0.102,1331,5898,True
LS032B,NS5B,201,I,0.0,0.102,0.102,1331,5898,True
LS032B,NS5B,201,V,99.624,99.627,0.003,1331,5898,True
LS032B,NS5B,201,A,0.301,0.153,0.148,1331,5898,True
LS032B,NS5B,202,E,99.424,99.381,0.043,1215,5653,True
LS032B,NS5B,202,G,0.165,0.248,0.083,1215,5653,True
LS032B,NS5B,202,Q,0.0,0.018,0.018,1215,5653,True
LS032B,NS5B,202,*,0.0,0.018,0.018,1215,5653,True
LS032B,NS5B,202,A,0.0,0.018,0.018,1215,5653,True
LS032B,NS5B,202,D,0.247,0.088,0.158,1215,5653,True
LS032B,NS5B,202,V,0.0,0.088,0.088,1215,5653,True
LS032B,NS5B,202,K,0.165,0.142,0.023,1215,5653,True
LS032B,NS5B,203,R,99.574,99.708,0.134,1174,5824,True
LS032B,NS5B,203,G,0.0,0.052,0.052,1174,5824,True
LS032B,NS5B,203,P,0.0,0.017,0.017,1174,5824,True
LS032B,NS5B,203,C,0.085,0.086,0.001,1174,5824,True
LS032B,NS5B,203,H,0.341,0.137,0.203,1174,5824,True
LS032B,NS5B,204,R,0.0,0.017,0.017,1135,5820,True
LS032B,NS5B,204,P,0.176,0.378,0.202,1135,5820,True
LS032B,NS5B,204,F,0.0,0.206,0.206,1135,5820,True
LS032B,NS5B,204,H,0.088,0.034,0.054,1135,5820,True
LS032B,NS5B,204,L,99.736,99.364,0.371,1135,5820,True
LS032B,NS5B,205,P,0.43,0.762,0.332,1162,6690,True
LS032B,NS5B,205,H,0.0,0.015,0.015,1162,6690,True
LS032B,NS5B,205,F,0.086,0.06,0.026,1162,6690,True
LS032B,NS5B,205,L,99.484,99.163,0.321,1162,6690,True
LS032B,NS5B,206,R,0.0,0.179,0.179,1200,7276,True
LS032B,NS5B,206,Q,99.083,99.601,0.518,1200,7276,True
LS032B,NS5B,206,*,0.5,0.124,0.376,1200,7276,True
LS032B,NS5B,206,L,0.167,0.027,0.139,1200,7276,True
LS032B,NS5B,206,H,0.0,0.041,0.041,1200,7276,True
LS032B,NS5B,206,K,0.25,0.027,0.223,1200,7276,True
LS032B,NS5B,207,L,0.0,0.056,0.056,1146,7166,True
LS032B,NS5B,207,T,0.0,0.6,0.6,1146,7166,True
LS032B,NS5B,207,I,0.087,0.084,0.004,1146,7166,True
LS032B,NS5B,207,V,0.436,0.363,0.073,1146,7166,True
LS032B,NS5B,207,M,99.476,98.898,0.579,1146,7166,True
LS032B,NS5B,208,R,0.198,0.641,0.443,1009,6554,True
LS032B,NS5B,208,G,0.198,0.061,0.137,1009,6554,True
LS032B,NS5B,208,*,0.0,0.229,0.229,1009,6554,True
LS032B,NS5B,208,C,0.0,0.031,0.031,1009,6554,True
LS032B,NS5B,208,W,99.604,98.978,0.626,1009,6554,True
LS032B,NS5B,208,L,0.0,0.061,0.061,1009,6554,True
LS032B,NS5B,209,R,99.904,99.66,0.243,1037,7062,True
LS032B,NS5B,209,G,0.0,0.028,0.028,1037,7062,True
LS032B,NS5B,209,P,0.0,0.028,0.028,1037,7062,True
LS032B,NS5B,209,C,0.0,0.227,0.227,1037,7062,True
LS032B,NS5B,209,S,0.0,0.014,0.014,1037,7062,True
LS032B,NS5B,209,H,0.096,0.042,0.054,1037,7062,True
LS032B,NS5B,210,E,0.0,0.029,0.029,975,6959,True
LS032B,NS5B,210,P,0.103,0.072,0.031,975,6959,True
LS032B,NS5B,210,A,98.462,99.612,1.15,975,6959,True
LS032B,NS5B,210,S,0.0,0.057,0.057,975,6959,True
LS032B,NS5B,210,T,1.231,0.086,1.145,975,6959,True
LS032B,NS5B,210,V,0.205,0.144,0.061,975,6959,True
LS032B,NS5B,211,R,1.39,0.612,0.778,935,7189,True
LS032B,NS5B,211,E,0.642,0.403,0.238,935,7189,True
LS032B,NS5B,211,Q,0.0,0.028,0.028,935,7189,True
LS032B,NS5B,211,*,0.0,0.07,0.07,935,7189,True
LS032B,NS5B,211,N,0.0,0.028,0.028,935,7189,True
LS032B,NS5B,211,K,97.968,98.818,0.85,935,7189,True
LS032B,NS5B,211,M,0.0,0.042,0.042,935,7189,True
LS033A,NS5B,162,C,0.06,0.0,0.06,3317,133,False
LS033A,NS5B,162,F,67.41,39.098,28.313,3317,133,False
LS033A,NS5B,162,S,0.452,0.0,0.452,3317,133,False
LS033A,NS5B,162,H,0.09,0.752,0.661,3317,133,False
LS033A,NS5B,162,L,0.332,0.0,0.332,3317,133,False
LS033A,NS5B,162,Y,31.655,60.15,28.495,3317,133,False
LS033A,NS5B,163,T,0.061,0.0,0.061,3292,160,True
LS033A,NS5B,163,S,0.122,0.0,0.122,3292,160,True
LS033A,NS5B,163,P,99.818,100.0,0.182,3292,160,True
LS033A,NS5B,164,N,1.271,0.625,0.646,3068,160,True
LS033A,NS5B,164,G,0.293,0.0,0.293,3068,160,True
LS033A,NS5B,164,A,0.065,0.0,0.065,3068,160,True
LS033A,NS5B,164,V,0.065,0.0,0.065,3068,160,True
LS033A,NS5B,164,D,98.305,99.375,1.07,3068,160,True
LS033A,NS5B,165,R,0.031,0.0,0.031,3175,212,True
LS033A,NS5B,165,Q,0.063,0.0,0.063,3175,212,True
LS033A,NS5B,165,P,0.157,0.0,0.157,3175,212,True
LS033A,NS5B,165,L,99.748,100.0,0.252,3175,212,True
LS033A,NS5B,166,S,71.262,37.696,33.566,2575,191,False
LS033A,NS5B,166,G,28.738,62.304,33.566,2575,191,False
LS033A,NS5B,167,E,0.038,0.0,0.038,2631,219,True
LS033A,NS5B,167,I,0.19,0.0,0.19,2631,219,True
LS033A,NS5B,167,G,0.038,0.0,0.038,2631,219,True
LS033A,NS5B,167,V,99.734,100.0,0.266,2631,219,True
LS033A,NS5B,168,R,99.664,100.0,0.336,2679,220,True
LS033A,NS5B,168,G,0.224,0.0,0.224,2679,220,True
LS033A,NS5B,168,Q,0.112,0.0,0.112,2679,220,True
LS033A,NS5B,169,E,0.035,0.0,0.035,2828,365,True
LS033A,NS5B,169,L,0.071,0.0,0.071,2828,365,True
LS033A,NS5B,169,T,0.035,0.548,0.513,2828,365,True
LS033A,NS5B,169,I,20.651,36.164,15.514,2828,365,True
LS033A,NS5B,169,V,78.678,63.014,15.664,2828,365,True
LS033A,NS5B,169,A,0.212,0.0,0.212,2828,365,True
LS033A,NS5B,169,M,0.318,0.274,0.044,2828,365,True
LS033A,NS5B,170,R,0.436,0.418,0.018,2980,478,True
LS033A,NS5B,170,*,0.067,0.0,0.067,2980,478,True
LS033A,NS5B,170,C,99.228,99.163,0.065,2980,478,True
LS033A,NS5B,170,F,0.201,0.0,0.201,2980,478,True
LS033A,NS5B,170,S,0.067,0.0,0.067,2980,478,True
LS033A,NS5B,170,Y,0.0,0.418,0.418,2980,478,True
LS033A,NS5B,171,E,99.052,99.254,0.202,2954,536,True
LS033A,NS5B,171,G,0.643,0.187,0.457,2954,536,True
LS033A,NS5B,171,Q,0.0,0.187,0.187,2954,536,True
LS033A,NS5B,171,*,0.034,0.0,0.034,2954,536,True
LS033A,NS5B,171,V,0.237,0.0,0.237,2954,536,True
LS033A,NS5B,171,K,0.034,0.373,0.339,2954,536,True
LS033A,NS5B,172,R,0.443,0.591,0.148,2936,508,True
LS033A,NS5B,172,E,0.307,0.394,0.087,2936,508,True
LS033A,NS5B,172,N,0.068,0.0,0.068,2936,508,True
LS033A,NS5B,172,K,99.012,99.016,0.003,2936,508,True
LS033A,NS5B,172,M,0.17,0.0,0.17,2936,508,True
LS033A,NS5B,173,R,99.524,99.843,0.319,2941,636,True
LS033A,NS5B,173,G,0.068,0.0,0.068,2941,636,True
LS033A,NS5B,173,Q,0.102,0.0,0.102,2941,636,True
LS033A,NS5B,173,P,0.102,0.157,0.055,2941,636,True
LS033A,NS5B,173,W,0.204,0.0,0.204,2941,636,True
LS033A,NS5B,174,T,0.068,0.0,0.068,2945,756,True
LS033A,NS5B,174,P,0.034,0.0,0.034,2945,756,True
LS033A,NS5B,174,A,99.694,99.471,0.223,2945,756,True
LS033A,NS5B,174,V,0.204,0.529,0.325,2945,756,True
LS033A,NS5B,175,R,0.097,0.0,0.097,3082,920,True
LS033A,NS5B,175,P,0.324,0.87,0.545,3082,920,True
LS033A,NS5B,175,H,0.065,0.109,0.044,3082,920,True
LS033A,NS5B,175,L,99.513,99.022,0.492,3082,920,True
LS033A,NS5B,176,C,0.726,0.304,0.422,3030,987,True
LS033A,NS5B,176,F,0.165,0.203,0.038,3030,987,True
LS033A,NS5B,176,S,0.066,0.203,0.137,3030,987,True
LS033A,NS5B,176,N,0.066,0.101,0.035,3030,987,True
LS033A,NS5B,176,H,0.198,0.405,0.207,3030,987,True
LS033A,NS5B,176,Y,98.779,98.784,0.005,3030,987,True
LS033A,NS5B,177,E,0.168,0.0,0.168,2972,935,True
LS033A,NS5B,177,N,0.067,0.0,0.067,2972,935,True
LS033A,NS5B,177,G,1.077,0.107,0.97,2972,935,True
LS033A,NS5B,177,V,0.101,0.0,0.101,2972,935,True
LS033A,NS5B,177,D,98.587,99.893,1.306,2972,935,True
LS033A,NS5B,178,G,0.036,0.0,0.036,2748,1024,True
LS033A,NS5B,178,A,0.328,1.074,0.747,2748,1024,True
LS033A,NS5B,178,I,0.073,0.098,0.025,2748,1024,True
LS033A,NS5B,178,V,99.527,98.73,0.796,2748,1024,True
LS033A,NS5B,178,D,0.036,0.098,0.061,2748,1024,True
LS033A,NS5B,179,R,0.035,0.0,0.035,2876,1168,True
LS033A,NS5B,179,P,0.07,0.0,0.07,2876,1168,True
LS033A,NS5B,179,S,0.07,0.0,0.07,2876,1168,True
LS033A,NS5B,179,T,98.992,99.658,0.666,2876,1168,True
LS033A,NS5B,179,I,0.139,0.171,0.032,2876,1168,True
LS033A,NS5B,179,A,0.417,0.171,0.246,2876,1168,True
LS033A,NS5B,179,M,0.278,0.0,0.278,2876,1168,True
LS033A,NS5B,180,R,99.826,99.923,0.097,2872,1291,True
LS033A,NS5B,180,H,0.035,0.077,0.043,2872,1291,True
LS033A,NS5B,180,L,0.139,0.0,0.139,2872,1291,True
LS033A,NS5B,181,R,0.616,0.976,0.36,2760,1230,True
LS033A,NS5B,181,E,0.58,0.488,0.092,2760,1230,True
LS033A,NS5B,181,*,0.072,0.163,0.09,2760,1230,True
LS033A,NS5B,181,N,0.036,0.081,0.045,2760,1230,True
LS033A,NS5B,181,K,98.659,98.293,0.367,2760,1230,True
LS033A,NS5B,181,M,0.036,0.0,0.036,2760,1230,True
LS033A,NS5B,182,R,0.071,0.075,0.003,2803,1338,True
LS033A,NS5B,182,Q,0.071,0.075,0.003,2803,1338,True
LS033A,NS5B,182,P,0.25,0.374,0.124,2803,1338,True
LS033A,NS5B,182,S,0.036,0.0,0.036,2803,1338,True
LS033A,NS5B,182,L,99.572,99.477,0.095,2803,1338,True
LS033A,NS5B,183,T,0.078,0.0,0.078,2566,1615,True
LS033A,NS5B,183,R,0.0,0.124,0.124,2566,1615,True
LS033A,NS5B,183,P,99.571,99.752,0.181,2566,1615,True
LS033A,NS5B,183,S,0.078,0.124,0.046,2566,1615,True
LS033A,NS5B,183,L,0.273,0.0,0.273,2566,1615,True
LS033A,NS5B,184,Q,0.074,0.0,0.074,2691,1718,True
LS033A,NS5B,184,P,0.186,0.466,0.28,2691,1718,True
LS033A,NS5B,184,V,0.037,0.0,0.037,2691,1718,True
LS033A,NS5B,184,L,99.703,99.534,0.168,2691,1718,True
LS033A,NS5B,185,G,0.077,0.055,0.022,2584,1807,True
LS033A,NS5B,185,A,99.536,99.723,0.188,2584,1807,True
LS033A,NS5B,185,T,0.232,0.111,0.122,2584,1807,True
LS033A,NS5B,185,V,0.155,0.111,0.044,2584,1807,True
LS033A,NS5B,186,E,0.04,0.0,0.04,2471,1712,True
LS033A,NS5B,186,G,0.243,0.058,0.184,2471,1712,True
LS033A,NS5B,186,I,0.0,0.058,0.058,2471,1712,True
LS033A,NS5B,186,V,99.272,98.89,0.381,2471,1712,True
LS033A,NS5B,186,A,0.162,0.993,0.831,2471,1712,True
LS033A,NS5B,186,M,0.283,0.0,0.283,2471,1712,True
LS033A,NS5B,187,T,0.04,0.636,0.596,2506,1886,True
LS033A,NS5B,187,K,0.04,0.0,0.04,2506,1886,True
LS033A,NS5B,187,I,0.279,0.0,0.279,2506,1886,True
LS033A,NS5B,187,V,0.399,0.265,0.134,2506,1886,True
LS033A,NS5B,187,M,99.242,99.099,0.143,2506,1886,True
LS033A,NS5B,188,R,0.288,0.218,0.069,2433,1832,True
LS033A,NS5B,188,E,0.082,0.273,0.191,2433,1832,True
LS033A,NS5B,188,G,99.63,99.4,0.231,2433,1832,True
LS033A,NS5B,188,*,0.0,0.055,0.055,2433,1832,True
LS033A,NS5B,188,V,0.0,0.055,0.055,2433,1832,True
LS033A,NS5B,189,R,0.041,0.0,0.041,2460,2006,True
LS033A,NS5B,189,Q,0.041,0.0,0.041,2460,2006,True
LS033A,NS5B,189,P,99.756,99.551,0.205,2460,2006,True
LS033A,NS5B,189,S,0.0,0.249,0.249,2460,2006,True
LS033A,NS5B,189,L,0.163,0.199,0.037,2460,2006,True
LS033A,NS5B,190,P,0.08,0.0,0.08,2510,2389,True
LS033A,NS5B,190,A,99.641,99.079,0.562,2510,2389,True
LS033A,NS5B,190,S,0.0,0.335,0.335,2510,2389,True
LS033A,NS5B,190,T,0.08,0.377,0.297,2510,2389,True
LS033A,NS5B,190,V,0.199,0.209,0.01,2510,2389,True
LS033A,NS5B,191,*,0.0,0.084,0.084,2407,2374,True
LS033A,NS5B,191,C,0.0,0.295,0.295,2407,2374,True
LS033A,NS5B,191,F,0.0,0.042,0.042,2407,2374,True
LS033A,NS5B,191,S,0.0,0.042,0.042,2407,2374,True
LS033A,NS5B,191,N,0.042,0.0,0.042,2407,2374,True
LS033A,NS5B,191,H,0.249,0.211,0.039,2407,2374,True
LS033A,NS5B,191,Y,99.709,99.326,0.383,2407,2374,True
LS033A,NS5B,192,R,0.084,0.0,0.084,2381,2556,True
LS033A,NS5B,192,G,99.538,99.804,0.266,2381,2556,True
LS033A,NS5B,192,A,0.042,0.0,0.042,2381,2556,True
LS033A,NS5B,192,S,0.168,0.078,0.09,2381,2556,True
LS033A,NS5B,192,V,0.126,0.078,0.048,2381,2556,True
LS033A,NS5B,192,D,0.042,0.039,0.003,2381,2556,True
LS033A,NS5B,193,F,98.906,99.329,0.423,2102,2533,True
LS033A,NS5B,193,S,0.428,0.237,0.191,2102,2533,True
LS033A,NS5B,193,I,0.0,0.039,0.039,2102,2533,True
LS033A,NS5B,193,V,0.0,0.079,0.079,2102,2533,True
LS033A,NS5B,193,L,0.333,0.276,0.057,2102,2533,True
LS033A,NS5B,193,Y,0.333,0.039,0.294,2102,2533,True
LS033A,NS5B,194,R,0.512,0.146,0.366,2148,2746,True
LS033A,NS5B,194,Q,99.209,99.854,0.646,2148,2746,True
LS033A,NS5B,194,*,0.14,0.0,0.14,2148,2746,True
LS033A,NS5B,194,H,0.14,0.0,0.14,2148,2746,True
LS033A,NS5B,195,*,0.097,0.068,0.029,2066,2948,True
LS033A,NS5B,195,C,0.145,0.136,0.01,2066,2948,True
LS033A,NS5B,195,F,0.145,0.068,0.077,2066,2948,True
LS033A,NS5B,195,H,0.0,0.102,0.102,2066,2948,True
LS033A,NS5B,195,Y,99.613,99.627,0.014,2066,2948,True
LS033A,NS5B,196,P,0.201,0.615,0.414,1988,2925,True
LS033A,NS5B,196,A,0.0,0.034,0.034,1988,2925,True
LS033A,NS5B,196,S,99.748,99.145,0.603,1988,2925,True
LS033A,NS5B,196,T,0.0,0.034,0.034,1988,2925,True
LS033A,NS5B,196,W,0.0,0.068,0.068,1988,2925,True
LS033A,NS5B,196,L,0.05,0.103,0.052,1988,2925,True
LS033A,NS5B,197,R,0.0,0.028,0.028,1856,3541,True
LS033A,NS5B,197,P,99.677,99.859,0.182,1856,3541,True
LS033A,NS5B,197,S,0.323,0.028,0.295,1856,3541,True
LS033A,NS5B,197,L,0.0,0.085,0.085,1856,3541,True
LS033A,NS5B,198,R,0.556,1.256,0.7,1799,3344,True
LS033A,NS5B,198,E,0.222,0.03,0.192,1799,3344,True
LS033A,NS5B,198,*,0.0,0.03,0.03,1799,3344,True
LS033A,NS5B,198,T,0.0,0.03,0.03,1799,3344,True
LS033A,NS5B,198,N,0.0,0.03,0.03,1799,3344,True
LS033A,NS5B,198,K,98.999,98.505,0.495,1799,3344,True
LS033A,NS5B,198,M,0.222,0.12,0.103,1799,3344,True
LS033A,NS5B,199,R,0.244,0.23,0.014,1641,3484,True
LS033A,NS5B,199,Q,99.452,99.656,0.204,1641,3484,True
LS033A,NS5B,199,*,0.183,0.115,0.068,1641,3484,True
LS033A,NS5B,199,H,0.061,0.0,0.061,1641,3484,True
LS033A,NS5B,199,L,0.061,0.0,0.061,1641,3484,True
LS033A,NS5B,200,R,99.432,99.719,0.287,1585,3563,True
LS033A,NS5B,200,G,0.0,0.028,0.028,1585,3563,True
LS033A,NS5B,200,P,0.0,0.056,0.056,1585,3563,True
LS033A,NS5B,200,C,0.126,0.084,0.042,1585,3563,True
LS033A,NS5B,200,H,0.442,0.084,0.357,1585,3563,True
LS033A,NS5B,200,L,0.0,0.028,0.028,1585,3563,True
LS033A,NS5B,201,E,0.0,0.058,0.058,1501,3478,True
LS033A,NS5B,201,G,0.067,0.058,0.009,1501,3478,True
LS033A,NS5B,201,L,0.133,0.0,0.133,1501,3478,True
LS033A,NS5B,201,I,0.067,0.23,0.163,1501,3478,True
LS033A,NS5B,201,V,99.6,99.367,0.233,1501,3478,True
LS033A,NS5B,201,A,0.133,0.288,0.154,1501,3478,True
LS033A,NS5B,202,E,99.073,98.987,0.086,1403,3259,True
LS033A,NS5B,202,G,0.499,0.43,0.069,1403,3259,True
LS033A,NS5B,202,Q,0.0,0.031,0.031,1403,3259,True
LS033A,NS5B,202,*,0.071,0.0,0.071,1403,3259,True
LS033A,NS5B,202,K,0.0,0.245,0.245,1403,3259,True
LS033A,NS5B,202,V,0.214,0.184,0.03,1403,3259,True
LS033A,NS5B,202,D,0.143,0.123,0.02,1403,3259,True
LS033A,NS5B,203,R,99.197,99.676,0.479,1370,3397,True
LS033A,NS5B,203,G,0.0,0.029,0.029,1370,3397,True
LS033A,NS5B,203,P,0.0,0.088,0.088,1370,3397,True
LS033A,NS5B,203,C,0.146,0.059,0.087,1370,3397,True
LS033A,NS5B,203,H,0.657,0.147,0.51,1370,3397,True
LS033A,NS5B,204,I,0.0,0.058,0.058,1331,3436,True
LS033A,NS5B,204,P,0.376,0.32,0.056,1331,3436,True
LS033A,NS5B,204,H,0.0,0.116,0.116,1331,3436,True
LS033A,NS5B,204,F,0.0,0.029,0.029,1331,3436,True
LS033A,NS5B,204,L,99.624,99.476,0.148,1331,3436,True
LS033A,NS5B,205,R,0.073,0.0,0.073,1364,3742,True
LS033A,NS5B,205,P,0.806,0.134,0.673,1364,3742,True
LS033A,NS5B,205,F,0.073,0.107,0.034,1364,3742,True
LS033A,NS5B,205,H,0.147,0.107,0.04,1364,3742,True
LS033A,NS5B,205,L,98.9,99.653,0.752,1364,3742,True
LS033A,NS5B,206,R,0.357,0.303,0.053,1401,4284,True
LS033A,NS5B,206,Q,99.429,99.416,0.013,1401,4284,True
LS033A,NS5B,206,*,0.0,0.14,0.14,1401,4284,True
LS033A,NS5B,206,K,0.0,0.093,0.093,1401,4284,True
LS033A,NS5B,206,H,0.071,0.0,0.071,1401,4284,True
LS033A,NS5B,206,L,0.143,0.047,0.096,1401,4284,True
LS033A,NS5B,207,L,0.074,0.07,0.004,1355,4299,True
LS033A,NS5B,207,T,0.295,0.256,0.039,1355,4299,True
LS033A,NS5B,207,I,0.148,0.14,0.008,1355,4299,True
LS033A,NS5B,207,V,0.812,0.233,0.579,1355,4299,True
LS033A,NS5B,207,K,0.148,0.093,0.055,1355,4299,True
LS033A,NS5B,207,M,98.524,99.209,0.685,1355,4299,True
LS033A,NS5B,208,R,0.217,0.307,0.09,923,3908,True
LS033A,NS5B,208,G,0.758,0.051,0.707,923,3908,True
LS033A,NS5B,208,*,0.217,0.333,0.116,923,3908,True
LS033A,NS5B,208,C,0.433,0.077,0.357,923,3908,True
LS033A,NS5B,208,W,98.375,99.232,0.857,923,3908,True
LS033A,NS5B,209,R,99.295,99.09,0.205,851,4284,True
LS033A,NS5B,209,G,0.118,0.093,0.024,851,4284,True
LS033A,NS5B,209,C,0.235,0.28,0.045,851,4284,True
LS033A,NS5B,209,S,0.0,0.42,0.42,851,4284,True
LS033A,NS5B,209,H,0.353,0.093,0.259,851,4284,True
LS033A,NS5B,209,L,0.0,0.023,0.023,851,4284,True
LS033A,NS5B,210,T,0.242,0.143,0.099,826,4185,True
LS033A,NS5B,210,P,0.0,0.072,0.072,826,4185,True
LS033A,NS5B,210,V,0.0,0.072,0.072,826,4185,True
LS033A,NS5B,210,S,0.0,0.048,0.048,826,4185,True
LS033A,NS5B,210,A,99.758,99.665,0.092,826,4185,True
LS033A,NS5B,211,R,0.253,0.373,0.12,791,4020,True
LS033A,NS5B,211,E,0.632,0.224,0.408,791,4020,True
LS033A,NS5B,211,*,0.253,0.05,0.203,791,4020,True
LS033A,NS5B,211,T,0.0,0.025,0.025,791,4020,True
LS033A,NS5B,211,N,0.0,0.075,0.075,791,4020,True
LS033A,NS5B,211,K,98.862,99.254,0.392,791,4020,True
LS033B,NS5B,163,T,0.047,0.0,0.047,2139,134,True
LS033B,NS5B,163,R,0.047,0.0,0.047,2139,134,True
LS033B,NS5B,163,P,99.719,100.0,0.281,2139,134,True
LS033B,NS5B,163,H,0.094,0.0,0.094,2139,134,True
LS033B,NS5B,163,A,0.094,0.0,0.094,2139,134,True
LS033B,NS5B,164,N,0.048,0.0,0.048,2096,136,True
LS033B,NS5B,164,G,0.477,1.471,0.993,2096,136,True
LS033B,NS5B,164,A,0.095,0.0,0.095,2096,136,True
LS033B,NS5B,164,V,0.048,0.0,0.048,2096,136,True
LS033B,NS5B,164,D,99.332,98.529,0.803,2096,136,True
LS033B,NS5B,165,L,99.907,100.0,0.093,2146,147,True
LS033B,NS5B,165,P,0.093,0.0,0.093,2146,147,True
LS033B,NS5B,166,R,0.171,0.0,0.171,1753,144,True
LS033B,NS5B,166,G,2.054,1.389,0.665,1753,144,True
LS033B,NS5B,166,S,97.775,98.611,0.836,1753,144,True
LS033B,NS5B,167,I,0.103,0.0,0.103,1942,305,True
LS033B,NS5B,167,G,0.103,0.0,0.103,1942,305,True
LS033B,NS5B,167,A,0.206,0.0,0.206,1942,305,True
LS033B,NS5B,167,V,99.537,100.0,0.463,1942,305,True
LS033B,NS5B,167,L,0.051,0.0,0.051,1942,305,True
LS033B,NS5B,168,R,99.705,99.686,0.02,2037,318,True
LS033B,NS5B,168,G,0.0,0.314,0.314,2037,318,True
LS033B,NS5B,168,Q,0.049,0.0,0.049,2037,318,True
LS033B,NS5B,168,W,0.245,0.0,0.245,2037,318,True
LS033B,NS5B,169,I,1.205,0.336,0.87,2240,596,True
LS033B,NS5B,169,A,0.134,0.168,0.034,2240,596,True
LS033B,NS5B,169,V,98.482,99.497,1.015,2240,596,True
LS033B,NS5B,169,L,0.089,0.0,0.089,2240,596,True
LS033B,NS5B,169,M,0.089,0.0,0.089,2240,596,True
LS033B,NS5B,170,R,0.359,0.134,0.225,2231,747,True
LS033B,NS5B,170,G,0.045,0.268,0.223,2231,747,True
LS033B,NS5B,170,*,0.179,0.0,0.179,2231,747,True
LS033B,NS5B,170,C,99.104,99.331,0.227,2231,747,True
LS033B,NS5B,170,F,0.09,0.0,0.09,2231,747,True
LS033B,NS5B,170,S,0.134,0.0,0.134,2231,747,True
LS033B,NS5B,170,Y,0.09,0.268,0.178,2231,747,True
LS033B,NS5B,171,E,99.221,99.495,0.274,2183,792,True
LS033B,NS5B,171,G,0.412,0.253,0.16,2183,792,True
LS033B,NS5B,171,*,0.046,0.0,0.046,2183,792,True
LS033B,NS5B,171,K,0.046,0.253,0.207,2183,792,True
LS033B,NS5B,171,V,0.229,0.0,0.229,2183,792,True
LS033B,NS5B,171,D,0.046,0.0,0.046,2183,792,True
LS033B,NS5B,172,R,0.323,0.36,0.037,2167,834,True
LS033B,NS5B,172,E,0.6,0.0,0.6,2167,834,True
LS033B,NS5B,172,Q,0.046,0.0,0.046,2167,834,True
LS033B,NS5B,172,*,0.185,0.24,0.055,2167,834,True
LS033B,NS5B,172,N,0.046,0.0,0.046,2167,834,True
LS033B,NS5B,172,K,98.8,99.161,0.36,2167,834,True
LS033B,NS5B,172,M,0.0,0.24,0.24,2167,834,True
LS033B,NS5B,173,R,99.073,99.491,0.418,2158,983,True
LS033B,NS5B,173,Q,0.88,0.203,0.677,2158,983,True
LS033B,NS5B,173,P,0.046,0.102,0.055,2158,983,True
LS033B,NS5B,173,L,0.0,0.203,0.203,2158,983,True
LS033B,NS5B,174,T,0.0,0.096,0.096,2094,1044,True
LS033B,NS5B,174,P,0.096,0.383,0.288,2094,1044,True
LS033B,NS5B,174,A,98.424,99.521,1.097,2094,1044,True
LS033B,NS5B,174,V,1.48,0.0,1.48,2094,1044,True
LS033B,NS5B,175,R,0.138,0.0,0.138,2179,1315,True
LS033B,NS5B,175,P,0.229,1.065,0.835,2179,1315,True
LS033B,NS5B,175,F,0.046,0.0,0.046,2179,1315,True
LS033B,NS5B,175,I,0.0,0.076,0.076,2179,1315,True
LS033B,NS5B,175,H,0.0,0.152,0.152,2179,1315,True
LS033B,NS5B,175,L,99.587,98.707,0.88,2179,1315,True
LS033B,NS5B,176,C,0.187,0.728,0.541,2142,1374,True
LS033B,NS5B,176,F,0.187,0.0,0.187,2142,1374,True
LS033B,NS5B,176,S,0.047,0.0,0.047,2142,1374,True
LS033B,NS5B,176,N,0.093,0.0,0.093,2142,1374,True
LS033B,NS5B,176,H,0.28,0.073,0.207,2142,1374,True
LS033B,NS5B,176,Y,99.206,99.199,0.007,2142,1374,True
LS033B,NS5B,177,E,0.0,0.148,0.148,2091,1350,True
LS033B,NS5B,177,G,0.335,0.296,0.038,2091,1350,True
LS033B,NS5B,177,N,0.048,0.593,0.545,2091,1350,True
LS033B,NS5B,177,D,99.33,98.667,0.664,2091,1350,True
LS033B,NS5B,177,V,0.096,0.222,0.127,2091,1350,True
LS033B,NS5B,177,H,0.143,0.074,0.069,2091,1350,True
LS033B,NS5B,177,A,0.048,0.0,0.048,2091,1350,True
LS033B,NS5B,178,G,0.105,0.069,0.036,1911,1451,True
LS033B,NS5B,178,F,0.157,0.0,0.157,1911,1451,True
LS033B,NS5B,178,I,0.0,0.276,0.276,1911,1451,True
LS033B,NS5B,178,D,0.0,0.069,0.069,1911,1451,True
LS033B,NS5B,178,V,99.424,99.449,0.024,1911,1451,True
LS033B,NS5B,178,A,0.314,0.138,0.176,1911,1451,True
LS033B,NS5B,179,T,99.351,99.733,0.382,2004,1498,True
LS033B,NS5B,179,A,0.399,0.134,0.266,2004,1498,True
LS033B,NS5B,179,S,0.15,0.0,0.15,2004,1498,True
LS033B,NS5B,179,M,0.1,0.134,0.034,2004,1498,True
LS033B,NS5B,180,R,99.547,99.754,0.207,1988,1625,True
LS033B,NS5B,180,C,0.302,0.185,0.117,1988,1625,True
LS033B,NS5B,180,H,0.151,0.062,0.089,1988,1625,True
LS033B,NS5B,181,R,0.312,0.612,0.3,1921,1634,True
LS033B,NS5B,181,E,0.312,0.184,0.129,1921,1634,True
LS033B,NS5B,181,Q,0.0,0.061,0.061,1921,1634,True
LS033B,NS5B,181,N,0.052,0.0,0.052,1921,1634,True
LS033B,NS5B,181,K,99.323,99.021,0.302,1921,1634,True
LS033B,NS5B,181,M,0.0,0.122,0.122,1921,1634,True
LS033B,NS5B,182,P,0.365,0.174,0.192,1917,1728,True
LS033B,NS5B,182,V,0.0,0.058,0.058,1917,1728,True
LS033B,NS5B,182,L,99.635,99.769,0.134,1917,1728,True
LS033B,NS5B,183,P,99.778,99.663,0.115,1804,1781,True
LS033B,NS5B,183,S,0.111,0.168,0.058,1804,1781,True
LS033B,NS5B,183,L,0.055,0.112,0.057,1804,1781,True
LS033B,NS5B,183,A,0.055,0.056,0.001,1804,1781,True
LS033B,NS5B,184,Q,0.054,0.0,0.054,1860,1850,True
LS033B,NS5B,184,P,0.108,0.324,0.217,1860,1850,True
LS033B,NS5B,184,L,99.839,99.676,0.163,1860,1850,True
LS033B,NS5B,185,E,0.0,0.052,0.052,1852,1938,True
LS033B,NS5B,185,P,0.108,0.0,0.108,1852,1938,True
LS033B,NS5B,185,A,99.73,99.69,0.04,1852,1938,True
LS033B,NS5B,185,S,0.0,0.052,0.052,1852,1938,True
LS033B,NS5B,185,T,0.0,0.103,0.103,1852,1938,True
LS033B,NS5B,185,V,0.162,0.103,0.059,1852,1938,True
LS033B,NS5B,186,E,0.0,0.104,0.104,1744,1924,True
LS033B,NS5B,186,G,0.229,0.0,0.229,1744,1924,True
LS033B,NS5B,186,L,0.057,0.0,0.057,1744,1924,True
LS033B,NS5B,186,V,99.541,99.532,0.009,1744,1924,True
LS033B,NS5B,186,A,0.172,0.26,0.088,1744,1924,True
LS033B,NS5B,186,M,0.0,0.104,0.104,1744,1924,True
LS033B,NS5B,187,L,0.0,0.143,0.143,1778,2099,True
LS033B,NS5B,187,T,0.056,0.429,0.373,1778,2099,True
LS033B,NS5B,187,I,0.112,0.191,0.078,1778,2099,True
LS033B,NS5B,187,K,0.0,0.143,0.143,1778,2099,True
LS033B,NS5B,187,V,0.506,0.095,0.411,1778,2099,True
LS033B,NS5B,187,M,99.325,99.0,0.326,1778,2099,True
LS033B,NS5B,188,R,0.059,0.142,0.083,1700,2119,True
LS033B,NS5B,188,E,0.941,0.0,0.941,1700,2119,True
LS033B,NS5B,188,G,98.941,99.764,0.823,1700,2119,True
LS033B,NS5B,188,V,0.0,0.094,0.094,1700,2119,True
LS033B,NS5B,188,A,0.059,0.0,0.059,1700,2119,True
LS033B,NS5B,189,Q,0.0,0.044,0.044,1709,2275,True
LS033B,NS5B,189,P,99.766,99.473,0.293,1709,2275,True
LS033B,NS5B,189,A,0.059,0.0,0.059,1709,2275,True
LS033B,NS5B,189,S,0.0,0.088,0.088,1709,2275,True
LS033B,NS5B,189,T,0.0,0.088,0.088,1709,2275,True
LS033B,NS5B,189,L,0.176,0.308,0.132,1709,2275,True
LS033B,NS5B,190,T,0.0,0.15,0.15,1787,2671,True
LS033B,NS5B,190,A,100.0,99.85,0.15,1787,2671,True
LS033B,NS5B,191,*,0.181,0.112,0.069,1661,2678,True
LS033B,NS5B,191,C,0.06,0.0,0.06,1661,2678,True
LS033B,NS5B,191,H,0.12,0.336,0.216,1661,2678,True
LS033B,NS5B,191,F,0.06,0.0,0.06,1661,2678,True
LS033B,NS5B,191,Y,99.579,99.552,0.027,1661,2678,True
LS033B,NS5B,192,G,99.455,99.687,0.232,1650,2875,True
LS033B,NS5B,192,D,0.061,0.0,0.061,1650,2875,True
LS033B,NS5B,192,S,0.0,0.313,0.313,1650,2875,True
LS033B,NS5B,192,A,0.485,0.0,0.485,1650,2875,True
LS033B,NS5B,193,I,0.07,0.0,0.07,1426,3005,True
LS033B,NS5B,193,F,98.738,99.434,0.697,1426,3005,True
LS033B,NS5B,193,S,0.561,0.233,0.328,1426,3005,True
LS033B,NS5B,193,L,0.491,0.333,0.158,1426,3005,True
LS033B,NS5B,193,Y,0.14,0.0,0.14,1426,3005,True
LS033B,NS5B,194,R,0.4,0.381,0.019,1501,3153,True
LS033B,NS5B,194,Q,99.467,99.461,0.006,1501,3153,True
LS033B,NS5B,194,*,0.133,0.063,0.07,1501,3153,True
LS033B,NS5B,194,H,0.0,0.032,0.032,1501,3153,True
LS033B,NS5B,194,L,0.0,0.063,0.063,1501,3153,True
LS033B,NS5B,195,*,0.0,0.031,0.031,1459,3233,True
LS033B,NS5B,195,C,0.274,0.309,0.035,1459,3233,True
LS033B,NS5B,195,F,0.069,0.031,0.038,1459,3233,True
LS033B,NS5B,195,H,0.206,0.155,0.051,1459,3233,True
LS033B,NS5B,195,Y,99.452,99.474,0.022,1459,3233,True
LS033B,NS5B,196,P,0.355,0.811,0.456,1407,3204,True
LS033B,NS5B,196,*,0.071,0.0,0.071,1407,3204,True
LS033B,NS5B,196,A,0.0,0.031,0.031,1407,3204,True
LS033B,NS5B,196,S,99.431,98.97,0.461,1407,3204,True
LS033B,NS5B,196,T,0.0,0.031,0.031,1407,3204,True
LS033B,NS5B,196,L,0.142,0.156,0.014,1407,3204,True
LS033B,NS5B,197,P,99.928,99.763,0.165,1397,3797,True
LS033B,NS5B,197,S,0.0,0.132,0.132,1397,3797,True
LS033B,NS5B,197,L,0.072,0.105,0.034,1397,3797,True
LS033B,NS5B,198,R,0.148,0.52,0.372,1352,3653,True
LS033B,NS5B,198,E,0.222,0.219,0.003,1352,3653,True
LS033B,NS5B,198,*,0.074,0.0,0.074,1352,3653,True
LS033B,NS5B,198,K,99.482,99.206,0.276,1352,3653,True
LS033B,NS5B,198,M,0.074,0.055,0.019,1352,3653,True
LS033B,NS5B,199,R,0.515,0.297,0.218,1164,3698,True
LS033B,NS5B,199,Q,98.711,99.567,0.856,1164,3698,True
LS033B,NS5B,199,*,0.773,0.108,0.665,1164,3698,True
LS033B,NS5B,199,H,0.0,0.027,0.027,1164,3698,True
LS033B,NS5B,200,R,99.731,99.655,0.077,1117,3767,True
LS033B,NS5B,200,G,0.0,0.053,0.053,1117,3767,True
LS033B,NS5B,200,P,0.09,0.027,0.063,1117,3767,True
LS033B,NS5B,200,C,0.179,0.106,0.073,1117,3767,True
LS033B,NS5B,200,S,0.0,0.053,0.053,1117,3767,True
LS033B,NS5B,200,H,0.0,0.08,0.08,1117,3767,True
LS033B,NS5B,200,L,0.0,0.027,0.027,1117,3767,True
LS033B,NS5B,201,E,0.0,0.054,0.054,1034,3729,True
LS033B,NS5B,201,I,0.0,0.107,0.107,1034,3729,True
LS033B,NS5B,201,A,0.0,0.51,0.51,1034,3729,True
LS033B,NS5B,201,V,100.0,99.276,0.724,1034,3729,True
LS033B,NS5B,201,L,0.0,0.054,0.054,1034,3729,True
LS033B,NS5B,202,E,99.134,96.659,2.475,924,3562,True
LS033B,NS5B,202,G,0.108,0.197,0.088,924,3562,True
LS033B,NS5B,202,Q,0.0,0.056,0.056,924,3562,True
LS033B,NS5B,202,*,0.0,0.056,0.056,924,3562,True
LS033B,NS5B,202,A,0.0,0.084,0.084,924,3562,True
LS033B,NS5B,202,K,0.0,0.084,0.084,924,3562,True
LS033B,NS5B,202,D,0.649,2.723,2.074,924,3562,True
LS033B,NS5B,202,V,0.108,0.14,0.032,924,3562,True
LS033B,NS5B,203,R,99.444,99.81,0.366,899,3686,True
LS033B,NS5B,203,C,0.222,0.081,0.141,899,3686,True
LS033B,NS5B,203,H,0.334,0.109,0.225,899,3686,True
LS033B,NS5B,204,P,0.234,0.426,0.192,853,3756,True
LS033B,NS5B,204,F,0.0,0.08,0.08,853,3756,True
LS033B,NS5B,204,I,0.117,0.0,0.117,853,3756,True
LS033B,NS5B,204,H,0.234,0.106,0.128,853,3756,True
LS033B,NS5B,204,L,99.414,99.388,0.026,853,3756,True
LS033B,NS5B,205,P,0.558,0.837,0.279,896,4301,True
LS033B,NS5B,205,F,0.112,0.14,0.028,896,4301,True
LS033B,NS5B,205,I,0.0,0.047,0.047,896,4301,True
LS033B,NS5B,205,H,0.0,0.023,0.023,896,4301,True
LS033B,NS5B,205,L,99.33,98.954,0.377,896,4301,True
LS033B,NS5B,206,R,0.213,0.665,0.451,937,4964,True
LS033B,NS5B,206,E,0.0,0.02,0.02,937,4964,True
LS033B,NS5B,206,Q,99.466,98.811,0.655,937,4964,True
LS033B,NS5B,206,*,0.213,0.302,0.089,937,4964,True
LS033B,NS5B,206,K,0.0,0.02,0.02,937,4964,True
LS033B,NS5B,206,H,0.0,0.161,0.161,937,4964,True
LS033B,NS5B,206,L,0.107,0.02,0.087,937,4964,True
LS033B,NS5B,207,L,0.0,0.04,0.04,880,5002,True
LS033B,NS5B,207,T,0.114,1.08,0.966,880,5002,True
LS033B,NS5B,207,I,0.114,0.16,0.046,880,5002,True
LS033B,NS5B,207,K,0.0,0.04,0.04,880,5002,True
LS033B,NS5B,207,V,0.227,0.28,0.053,880,5002,True
LS033B,NS5B,207,M,99.545,98.401,1.145,880,5002,True
LS033B,NS5B,208,R,0.0,0.332,0.332,737,4512,True
LS033B,NS5B,208,G,0.136,0.044,0.091,737,4512,True
LS033B,NS5B,208,*,0.271,0.244,0.028,737,4512,True
LS033B,NS5B,208,C,0.0,0.066,0.066,737,4512,True
LS033B,NS5B,208,W,99.593,99.313,0.28,737,4512,True
LS033B,NS5B,209,R,98.63,99.71,1.08,730,4825,True
LS033B,NS5B,209,G,0.137,0.041,0.096,730,4825,True
LS033B,NS5B,209,C,0.0,0.249,0.249,730,4825,True
LS033B,NS5B,209,H,1.233,0.0,1.233,730,4825,True
LS033B,NS5B,210,P,0.0,0.021,0.021,699,4777,True
LS033B,NS5B,210,A,99.571,99.665,0.094,699,4777,True
LS033B,NS5B,210,S,0.0,0.042,0.042,699,4777,True
LS033B,NS5B,210,T,0.143,0.209,0.066,699,4777,True
LS033B,NS5B,210,V,0.286,0.063,0.223,699,4777,True
LS033B,NS5B,211,R,0.149,0.321,0.173,673,4670,True
LS033B,NS5B,211,E,0.0,0.193,0.193,673,4670,True
LS033B,NS5B,211,Q,0.0,0.107,0.107,673,4670,True
LS033B,NS5B,211,*,0.297,0.128,0.169,673,4670,True
LS033B,NS5B,211,T,0.149,0.021,0.127,673,4670,True
LS033B,NS5B,211,N,0.149,0.021,0.127,673,4670,True
LS033B,NS5B,211,K,99.257,99.186,0.071,673,4670,True
LS033B,NS5B,211,M,0.0,0.021,0.021,673,4670,True
LS038A,NS5B,169,A,0.339,0.0,0.339,884,285,True
LS038A,NS5B,169,V,99.661,99.298,0.362,884,285,True
LS038A,NS5B,169,L,0.0,0.702,0.702,884,285,True
LS038A,NS5B,170,R,0.111,0.0,0.111,903,426,True
LS038A,NS5B,170,G,0.0,0.235,0.235,903,426,True
LS038A,NS5B,170,C,99.668,99.765,0.097,903,426,True
LS038A,NS5B,170,Y,0.221,0.0,0.221,903,426,True
LS038A,NS5B,171,E,100.0,99.771,0.229,852,436,True
LS038A,NS5B,171,*,0.0,0.229,0.229,852,436,True
LS038A,NS5B,172,*,0.0,0.214,0.214,852,468,True
LS038A,NS5B,172,K,100.0,99.573,0.427,852,468,True
LS038A,NS5B,172,M,0.0,0.214,0.214,852,468,True
LS038A,NS5B,173,R,100.0,100.0,0.0,856,638,True
LS038A,NS5B,174,T,0.0,0.161,0.161,809,621,True
LS038A,NS5B,174,P,0.124,0.0,0.124,809,621,True
LS038A,NS5B,174,A,99.753,99.678,0.075,809,621,True
LS038A,NS5B,174,V,0.0,0.161,0.161,809,621,True
LS038A,NS5B,174,S,0.124,0.0,0.124,809,621,True
LS038A,NS5B,175,L,99.195,99.783,0.588,870,922,True
LS038A,NS5B,175,P,0.805,0.217,0.588,870,922,True
LS038A,NS5B,176,H,0.0,0.421,0.421,828,951,True
LS038A,NS5B,176,C,0.362,0.0,0.362,828,951,True
LS038A,NS5B,176,F,0.121,0.0,0.121,828,951,True
LS038A,NS5B,176,Y,99.517,99.579,0.062,828,951,True
LS038A,NS5B,177,E,0.125,0.0,0.125,802,920,True
LS038A,NS5B,177,N,0.0,0.326,0.326,802,920,True
LS038A,NS5B,177,G,0.623,0.435,0.189,802,920,True
LS038A,NS5B,177,A,0.125,0.0,0.125,802,920,True
LS038A,NS5B,177,V,0.249,0.0,0.249,802,920,True
LS038A,NS5B,177,D,98.878,99.239,0.361,802,920,True
LS038A,NS5B,178,I,0.136,0.297,0.161,736,1010,True
LS038A,NS5B,178,V,99.185,99.703,0.518,736,1010,True
LS038A,NS5B,178,A,0.679,0.0,0.679,736,1010,True
LS038A,NS5B,179,T,99.747,99.52,0.227,790,1042,True
LS038A,NS5B,179,P,0.127,0.0,0.127,790,1042,True
LS038A,NS5B,179,A,0.0,0.192,0.192,790,1042,True
LS038A,NS5B,179,S,0.0,0.096,0.096,790,1042,True
LS038A,NS5B,179,M,0.127,0.192,0.065,790,1042,True
LS038A,NS5B,180,R,99.746,99.543,0.203,787,1094,True
LS038A,NS5B,180,P,0.0,0.183,0.183,787,1094,True
LS038A,NS5B,180,C,0.0,0.183,0.183,787,1094,True
LS038A,NS5B,180,H,0.254,0.091,0.163,787,1094,True
LS038A,NS5B,181,R,0.949,0.183,0.766,738,1094,True
LS038A,NS5B,181,E,0.407,0.183,0.224,738,1094,True
LS038A,NS5B,181,*,0.0,0.091,0.091,738,1094,True
LS038A,NS5B,181,T,0.0,0.183,0.183,738,1094,True
LS038A,NS5B,181,K,98.645,99.36,0.715,738,1094,True
LS038A,NS5B,182,Q,0.133,0.0,0.133,751,1196,True
LS038A,NS5B,182,P,0.133,0.502,0.369,751,1196,True
LS038A,NS5B,182,V,0.0,0.084,0.084,751,1196,True
LS038A,NS5B,182,L,99.601,99.415,0.186,751,1196,True
LS038A,NS5B,182,M,0.133,0.0,0.133,751,1196,True
LS038A,NS5B,183,T,0.291,0.08,0.211,688,1248,True
LS038A,NS5B,183,P,99.419,99.599,0.181,688,1248,True
LS038A,NS5B,183,A,0.145,0.0,0.145,688,1248,True
LS038A,NS5B,183,S,0.0,0.321,0.321,688,1248,True
LS038A,NS5B,183,L,0.145,0.0,0.145,688,1248,True
LS038A,NS5B,184,R,0.0,0.076,0.076,720,1309,True
LS038A,NS5B,184,L,100.0,99.771,0.229,720,1309,True
LS038A,NS5B,184,M,0.0,0.153,0.153,720,1309,True
LS038A,NS5B,185,T,0.0,0.219,0.219,705,1372,True
LS038A,NS5B,185,V,0.0,0.146,0.146,705,1372,True
LS038A,NS5B,185,A,100.0,99.636,0.364,705,1372,True
LS038A,NS5B,186,E,0.155,0.078,0.077,645,1287,True
LS038A,NS5B,186,G,0.155,0.0,0.155,645,1287,True
LS038A,NS5B,186,A,0.0,0.233,0.233,645,1287,True
LS038A,NS5B,186,V,99.69,99.689,0.001,645,1287,True
LS038A,NS5B,187,T,0.147,0.0,0.147,681,1453,True
LS038A,NS5B,187,I,0.0,0.138,0.138,681,1453,True
LS038A,NS5B,187,V,0.441,0.138,0.303,681,1453,True
LS038A,NS5B,187,M,99.413,99.725,0.312,681,1453,True
LS038A,NS5B,188,R,0.156,0.0,0.156,640,1528,True
LS038A,NS5B,188,E,0.156,0.0,0.156,640,1528,True
LS038A,NS5B,188,G,99.531,100.0,0.469,640,1528,True
LS038A,NS5B,188,*,0.156,0.0,0.156,640,1528,True
LS038A,NS5B,189,T,0.0,0.062,0.062,631,1625,True
LS038A,NS5B,189,P,99.842,99.754,0.088,631,1625,True
LS038A,NS5B,189,S,0.0,0.062,0.062,631,1625,True
LS038A,NS5B,189,L,0.158,0.123,0.035,631,1625,True
LS038A,NS5B,190,T,0.157,0.049,0.108,638,2037,True
LS038A,NS5B,190,V,0.0,0.049,0.049,638,2037,True
LS038A,NS5B,190,S,0.0,0.049,0.049,638,2037,True
LS038A,NS5B,190,A,99.843,99.853,0.009,638,2037,True
LS038A,NS5B,191,N,0.0,0.049,0.049,600,2034,True
LS038A,NS5B,191,H,0.0,0.197,0.197,600,2034,True
LS038A,NS5B,191,C,0.167,0.0,0.167,600,2034,True
LS038A,NS5B,191,F,0.167,0.0,0.167,600,2034,True
LS038A,NS5B,191,S,0.333,0.0,0.333,600,2034,True
LS038A,NS5B,191,Y,99.333,99.754,0.421,600,2034,True
LS038A,NS5B,192,G,100.0,99.68,0.32,602,2186,True
LS038A,NS5B,192,D,0.0,0.137,0.137,602,2186,True
LS038A,NS5B,192,C,0.0,0.046,0.046,602,2186,True
LS038A,NS5B,192,S,0.0,0.137,0.137,602,2186,True
LS038A,NS5B,193,I,0.0,0.088,0.088,530,2283,True
LS038A,NS5B,193,S,0.377,0.569,0.192,530,2283,True
LS038A,NS5B,193,F,99.434,98.73,0.704,530,2283,True
LS038A,NS5B,193,L,0.189,0.613,0.425,530,2283,True
LS038A,NS5B,194,R,0.871,0.294,0.577,574,2382,True
LS038A,NS5B,194,Q,99.129,99.622,0.493,574,2382,True
LS038A,NS5B,194,P,0.0,0.042,0.042,574,2382,True
LS038A,NS5B,194,*,0.0,0.042,0.042,574,2382,True
LS038A,NS5B,195,*,0.0,0.04,0.04,545,2473,True
LS038A,NS5B,195,C,0.367,0.162,0.205,545,2473,True
LS038A,NS5B,195,H,0.0,0.283,0.283,545,2473,True
LS038A,NS5B,195,Y,99.633,99.515,0.118,545,2473,True
LS038A,NS5B,196,T,0.0,0.123,0.123,476,2438,True
LS038A,NS5B,196,P,0.42,0.41,0.01,476,2438,True
LS038A,NS5B,196,S,99.58,99.426,0.154,476,2438,True
LS038A,NS5B,196,L,0.0,0.041,0.041,476,2438,True
LS038A,NS5B,197,R,0.0,0.034,0.034,531,2940,True
LS038A,NS5B,197,P,99.812,99.898,0.086,531,2940,True
LS038A,NS5B,197,S,0.188,0.068,0.12,531,2940,True
LS038A,NS5B,198,R,0.228,0.106,0.122,439,2839,True
LS038A,NS5B,198,E,0.228,0.07,0.157,439,2839,True
LS038A,NS5B,198,*,0.0,0.035,0.035,439,2839,True
LS038A,NS5B,198,T,0.0,0.211,0.211,439,2839,True
LS038A,NS5B,198,N,0.456,0.07,0.385,439,2839,True
LS038A,NS5B,198,K,99.089,99.507,0.418,439,2839,True
LS038A,NS5B,199,R,0.0,0.237,0.237,398,2952,True
LS038A,NS5B,199,E,0.0,0.034,0.034,398,2952,True
LS038A,NS5B,199,Q,97.739,99.458,1.719,398,2952,True
LS038A,NS5B,199,*,1.759,0.169,1.589,398,2952,True
LS038A,NS5B,199,H,0.503,0.0,0.503,398,2952,True
LS038A,NS5B,199,L,0.0,0.102,0.102,398,2952,True
LS038A,NS5B,200,R,99.746,99.865,0.12,393,2971,True
LS038A,NS5B,200,C,0.0,0.067,0.067,393,2971,True
LS038A,NS5B,200,H,0.254,0.034,0.221,393,2971,True
LS038A,NS5B,200,L,0.0,0.034,0.034,393,2971,True
LS038A,NS5B,201,E,0.0,0.034,0.034,375,2932,True
LS038A,NS5B,201,I,0.0,0.034,0.034,375,2932,True
LS038A,NS5B,201,A,0.0,0.205,0.205,375,2932,True
LS038A,NS5B,201,V,100.0,99.693,0.307,375,2932,True
LS038A,NS5B,201,L,0.0,0.034,0.034,375,2932,True
LS038A,NS5B,202,E,0.595,75.842,75.246,336,2852,False
LS038A,NS5B,202,G,0.0,0.175,0.175,336,2852,False
LS038A,NS5B,202,N,0.0,0.07,0.07,336,2852,False
LS038A,NS5B,202,D,99.107,23.808,75.299,336,2852,False
LS038A,NS5B,202,V,0.0,0.105,0.105,336,2852,False
LS038A,NS5B,202,A,0.298,0.0,0.298,336,2852,False
LS038A,NS5B,203,R,100.0,99.792,0.208,327,2879,True
LS038A,NS5B,203,P,0.0,0.035,0.035,327,2879,True
LS038A,NS5B,203,C,0.0,0.069,0.069,327,2879,True
LS038A,NS5B,203,H,0.0,0.104,0.104,327,2879,True
LS038A,NS5B,204,I,0.0,0.034,0.034,312,2979,True
LS038A,NS5B,204,P,0.0,0.403,0.403,312,2979,True
LS038A,NS5B,204,H,0.0,0.034,0.034,312,2979,True
LS038A,NS5B,204,L,100.0,99.53,0.47,312,2979,True
LS038A,NS5B,205,P,0.0,0.364,0.364,312,3295,True
LS038A,NS5B,205,H,0.0,0.091,0.091,312,3295,True
LS038A,NS5B,205,F,0.0,0.091,0.091,312,3295,True
LS038A,NS5B,205,L,100.0,99.454,0.546,312,3295,True
LS038A,NS5B,206,R,1.488,0.142,1.346,336,3531,True
LS038A,NS5B,206,E,0.0,0.028,0.028,336,3531,True
LS038A,NS5B,206,Q,97.619,99.434,1.815,336,3531,True
LS038A,NS5B,206,*,0.595,0.028,0.567,336,3531,True
LS038A,NS5B,206,K,0.0,0.113,0.113,336,3531,True
LS038A,NS5B,206,H,0.0,0.255,0.255,336,3531,True
LS038A,NS5B,206,L,0.298,0.0,0.298,336,3531,True
LS038A,NS5B,207,T,0.0,0.502,0.502,298,3583,True
LS038A,NS5B,207,I,0.0,0.112,0.112,298,3583,True
LS038A,NS5B,207,V,0.0,0.335,0.335,298,3583,True
LS038A,NS5B,207,K,0.0,0.251,0.251,298,3583,True
LS038A,NS5B,207,M,100.0,98.8,1.2,298,3583,True
LS038A,NS5B,208,R,0.772,0.595,0.177,259,3363,True
LS038A,NS5B,208,G,0.386,0.059,0.327,259,3363,True
LS038A,NS5B,208,*,1.158,0.238,0.92,259,3363,True
LS038A,NS5B,208,C,0.0,0.059,0.059,259,3363,True
LS038A,NS5B,208,S,0.0,0.059,0.059,259,3363,True
LS038A,NS5B,208,W,97.683,98.93,1.246,259,3363,True
LS038A,NS5B,208,L,0.0,0.059,0.059,259,3363,True
LS038A,NS5B,209,R,99.592,99.444,0.148,245,3596,True
LS038A,NS5B,209,G,0.0,0.083,0.083,245,3596,True
LS038A,NS5B,209,P,0.408,0.056,0.353,245,3596,True
LS038A,NS5B,209,C,0.0,0.083,0.083,245,3596,True
LS038A,NS5B,209,S,0.0,0.028,0.028,245,3596,True
LS038A,NS5B,209,H,0.0,0.306,0.306,245,3596,True
LS038A,NS5B,210,T,0.0,0.112,0.112,241,3567,True
LS038A,NS5B,210,P,0.0,0.084,0.084,241,3567,True
LS038A,NS5B,210,V,0.0,0.028,0.028,241,3567,True
LS038A,NS5B,210,S,0.0,0.056,0.056,241,3567,True
LS038A,NS5B,210,A,100.0,99.72,0.28,241,3567,True
LS038A,NS5B,211,R,99.091,0.17,98.921,220,3537,False
LS038A,NS5B,211,E,0.0,0.509,0.509,220,3537,False
LS038A,NS5B,211,N,0.0,0.085,0.085,220,3537,False
LS038A,NS5B,211,*,0.0,0.085,0.085,220,3537,False
LS038A,NS5B,211,K,0.909,99.152,98.243,220,3537,False
LS038B,NS5B,169,E,0.141,0.0,0.141,2127,201,True
LS038B,NS5B,169,G,0.047,0.0,0.047,2127,201,True
LS038B,NS5B,169,A,0.282,0.995,0.713,2127,201,True
LS038B,NS5B,169,V,99.389,99.005,0.384,2127,201,True
LS038B,NS5B,169,L,0.141,0.0,0.141,2127,201,True
LS038B,NS5B,170,R,0.094,0.0,0.094,2136,291,True
LS038B,NS5B,170,*,0.047,0.0,0.047,2136,291,True
LS038B,NS5B,170,C,99.579,98.625,0.953,2136,291,True
LS038B,NS5B,170,F,0.094,0.0,0.094,2136,291,True
LS038B,NS5B,170,S,0.187,0.0,0.187,2136,291,True
LS038B,NS5B,170,Y,0.0,0.687,0.687,2136,291,True
LS038B,NS5B,170,W,0.0,0.687,0.687,2136,291,True
LS038B,NS5B,171,E,98.166,99.666,1.5,2072,299,True
LS038B,NS5B,171,G,1.496,0.0,1.496,2072,299,True
LS038B,NS5B,171,D,0.0,0.334,0.334,2072,299,True
LS038B,NS5B,171,V,0.29,0.0,0.29,2072,299,True
LS038B,NS5B,171,A,0.048,0.0,0.048,2072,299,True
LS038B,NS5B,172,R,0.486,0.0,0.486,2058,315,True
LS038B,NS5B,172,E,0.486,0.0,0.486,2058,315,True
LS038B,NS5B,172,N,0.097,0.0,0.097,2058,315,True
LS038B,NS5B,172,T,0.049,0.0,0.049,2058,315,True
LS038B,NS5B,172,*,0.146,0.0,0.146,2058,315,True
LS038B,NS5B,172,K,98.737,100.0,1.263,2058,315,True
LS038B,NS5B,173,R,99.467,99.545,0.078,2065,440,True
LS038B,NS5B,173,Q,0.242,0.455,0.212,2065,440,True
LS038B,NS5B,173,W,0.194,0.0,0.194,2065,440,True
LS038B,NS5B,173,A,0.048,0.0,0.048,2065,440,True
LS038B,NS5B,173,L,0.048,0.0,0.048,2065,440,True
LS038B,NS5B,174,G,0.05,0.0,0.05,2017,484,True
LS038B,NS5B,174,V,0.0,0.826,0.826,2017,484,True
LS038B,NS5B,174,A,99.95,99.174,0.777,2017,484,True
LS038B,NS5B,175,R,0.096,0.0,0.096,2088,701,True
LS038B,NS5B,175,P,0.0,0.856,0.856,2088,701,True
LS038B,NS5B,175,F,0.048,0.143,0.095,2088,701,True
LS038B,NS5B,175,I,0.048,0.0,0.048,2088,701,True
LS038B,NS5B,175,H,0.0,0.143,0.143,2088,701,True
LS038B,NS5B,175,L,99.808,98.859,0.95,2088,701,True
LS038B,NS5B,176,*,0.24,0.0,0.24,2081,757,True
LS038B,NS5B,176,C,0.481,0.132,0.348,2081,757,True
LS038B,NS5B,176,F,0.048,0.396,0.348,2081,757,True
LS038B,NS5B,176,H,0.0,0.264,0.264,2081,757,True
LS038B,NS5B,176,D,0.0,0.132,0.132,2081,757,True
LS038B,NS5B,176,Y,99.231,99.075,0.156,2081,757,True
LS038B,NS5B,177,G,0.608,0.434,0.174,1975,692,True
LS038B,NS5B,177,N,0.203,0.145,0.058,1975,692,True
LS038B,NS5B,177,D,99.038,99.277,0.239,1975,692,True
LS038B,NS5B,177,V,0.101,0.0,0.101,1975,692,True
LS038B,NS5B,177,A,0.051,0.145,0.094,1975,692,True
LS038B,NS5B,178,I,0.0,0.253,0.253,1860,792,True
LS038B,NS5B,178,G,0.108,0.0,0.108,1860,792,True
LS038B,NS5B,178,D,0.161,0.0,0.161,1860,792,True
LS038B,NS5B,178,V,99.301,98.485,0.816,1860,792,True
LS038B,NS5B,178,A,0.43,1.263,0.833,1860,792,True
LS038B,NS5B,179,R,0.05,0.0,0.05,2008,831,True
LS038B,NS5B,179,P,0.149,0.0,0.149,2008,831,True
LS038B,NS5B,179,T,99.602,99.158,0.444,2008,831,True
LS038B,NS5B,179,K,0.0,0.12,0.12,2008,831,True
LS038B,NS5B,179,A,0.199,0.241,0.041,2008,831,True
LS038B,NS5B,179,M,0.0,0.481,0.481,2008,831,True
LS038B,NS5B,180,R,99.509,99.312,0.197,2038,872,True
LS038B,NS5B,180,C,0.098,0.344,0.246,2038,872,True
LS038B,NS5B,180,H,0.343,0.344,0.001,2038,872,True
LS038B,NS5B,180,S,0.049,0.0,0.049,2038,872,True
LS038B,NS5B,181,R,0.0,0.337,0.337,1948,890,True
LS038B,NS5B,181,E,0.616,0.337,0.279,1948,890,True
LS038B,NS5B,181,K,99.384,99.101,0.283,1948,890,True
LS038B,NS5B,181,M,0.0,0.225,0.225,1948,890,True
LS038B,NS5B,182,R,0.0,0.1,0.1,1965,1002,True
LS038B,NS5B,182,P,0.458,0.299,0.159,1965,1002,True
LS038B,NS5B,182,V,0.051,0.0,0.051,1965,1002,True
LS038B,NS5B,182,L,99.491,99.601,0.11,1965,1002,True
LS038B,NS5B,183,R,0.156,0.0,0.156,1924,1049,True
LS038B,NS5B,183,P,99.532,99.619,0.086,1924,1049,True
LS038B,NS5B,183,S,0.156,0.381,0.225,1924,1049,True
LS038B,NS5B,183,A,0.104,0.0,0.104,1924,1049,True
LS038B,NS5B,183,L,0.052,0.0,0.052,1924,1049,True
LS038B,NS5B,184,R,0.0,0.093,0.093,1968,1076,True
LS038B,NS5B,184,Q,0.152,0.186,0.033,1968,1076,True
LS038B,NS5B,184,P,0.305,0.465,0.16,1968,1076,True
LS038B,NS5B,184,L,99.492,99.164,0.328,1968,1076,True
LS038B,NS5B,184,V,0.051,0.093,0.042,1968,1076,True
LS038B,NS5B,185,T,0.152,0.0,0.152,1971,1130,True
LS038B,NS5B,185,E,0.0,0.177,0.177,1971,1130,True
LS038B,NS5B,185,G,0.0,0.088,0.088,1971,1130,True
LS038B,NS5B,185,P,0.0,0.088,0.088,1971,1130,True
LS038B,NS5B,185,A,99.696,99.646,0.05,1971,1130,True
LS038B,NS5B,185,V,0.152,0.0,0.152,1971,1130,True
LS038B,NS5B,186,E,0.166,0.0,0.166,1811,1118,True
LS038B,NS5B,186,G,0.276,0.179,0.097,1811,1118,True
LS038B,NS5B,186,I,0.11,0.358,0.247,1811,1118,True
LS038B,NS5B,186,V,99.337,99.284,0.053,1811,1118,True
LS038B,NS5B,186,A,0.11,0.179,0.068,1811,1118,True
LS038B,NS5B,187,L,0.0,0.163,0.163,1923,1225,True
LS038B,NS5B,187,T,0.208,0.571,0.363,1923,1225,True
LS038B,NS5B,187,I,1.404,0.163,1.241,1923,1225,True
LS038B,NS5B,187,V,0.156,0.735,0.579,1923,1225,True
LS038B,NS5B,187,K,0.104,0.0,0.104,1923,1225,True
LS038B,NS5B,187,M,98.128,98.367,0.239,1923,1225,True
LS038B,NS5B,188,R,0.0,0.247,0.247,1779,1213,True
LS038B,NS5B,188,E,0.281,0.0,0.281,1779,1213,True
LS038B,NS5B,188,G,99.719,99.588,0.131,1779,1213,True
LS038B,NS5B,188,*,0.0,0.165,0.165,1779,1213,True
LS038B,NS5B,189,R,0.057,0.0,0.057,1764,1305,True
LS038B,NS5B,189,Q,0.0,0.077,0.077,1764,1305,True
LS038B,NS5B,189,P,99.717,99.77,0.054,1764,1305,True
LS038B,NS5B,189,A,0.0,0.077,0.077,1764,1305,True
LS038B,NS5B,189,S,0.227,0.0,0.227,1764,1305,True
LS038B,NS5B,189,L,0.0,0.077,0.077,1764,1305,True
LS038B,NS5B,190,T,0.116,0.356,0.241,1728,1403,True
LS038B,NS5B,190,G,0.058,0.0,0.058,1728,1403,True
LS038B,NS5B,190,A,99.826,99.644,0.183,1728,1403,True
LS038B,NS5B,191,*,0.061,0.069,0.008,1640,1450,True
LS038B,NS5B,191,C,0.183,0.069,0.114,1640,1450,True
LS038B,NS5B,191,F,0.122,0.069,0.053,1640,1450,True
LS038B,NS5B,191,H,0.183,0.345,0.162,1640,1450,True
LS038B,NS5B,191,Y,99.451,99.448,0.003,1640,1450,True
LS038B,NS5B,192,G,99.87,99.472,0.398,1536,1514,True
LS038B,NS5B,192,S,0.065,0.528,0.463,1536,1514,True
LS038B,NS5B,192,V,0.065,0.0,0.065,1536,1514,True
LS038B,NS5B,193,I,0.0,0.108,0.108,1462,1851,True
LS038B,NS5B,193,S,0.274,0.756,0.483,1462,1851,True
LS038B,NS5B,193,F,99.453,98.541,0.911,1462,1851,True
LS038B,NS5B,193,L,0.274,0.594,0.321,1462,1851,True
LS038B,NS5B,194,R,0.138,0.469,0.331,1451,1920,True
LS038B,NS5B,194,Q,99.724,99.427,0.297,1451,1920,True
LS038B,NS5B,194,*,0.0,0.104,0.104,1451,1920,True
LS038B,NS5B,194,H,0.138,0.0,0.138,1451,1920,True
LS038B,NS5B,195,C,0.218,0.254,0.035,1375,1972,True
LS038B,NS5B,195,F,0.0,0.101,0.101,1375,1972,True
LS038B,NS5B,195,S,0.145,0.0,0.145,1375,1972,True
LS038B,NS5B,195,N,0.0,0.051,0.051,1375,1972,True
LS038B,NS5B,195,H,0.0,0.406,0.406,1375,1972,True
LS038B,NS5B,195,Y,99.636,99.189,0.448,1375,1972,True
LS038B,NS5B,196,P,0.58,0.752,0.172,1207,1862,True
LS038B,NS5B,196,*,0.0,0.054,0.054,1207,1862,True
LS038B,NS5B,196,S,99.006,98.818,0.187,1207,1862,True
LS038B,NS5B,196,L,0.0,0.161,0.161,1207,1862,True
LS038B,NS5B,196,T,0.414,0.161,0.253,1207,1862,True
LS038B,NS5B,196,A,0.0,0.054,0.054,1207,1862,True
LS038B,NS5B,197,R,0.079,0.0,0.079,1258,2439,True
LS038B,NS5B,197,P,99.841,99.713,0.128,1258,2439,True
LS038B,NS5B,197,A,0.0,0.041,0.041,1258,2439,True
LS038B,NS5B,197,S,0.079,0.041,0.038,1258,2439,True
LS038B,NS5B,197,L,0.0,0.205,0.205,1258,2439,True
LS038B,NS5B,198,R,0.0,0.087,0.087,1182,2304,True
LS038B,NS5B,198,E,0.508,0.0,0.508,1182,2304,True
LS038B,NS5B,198,Q,0.0,0.087,0.087,1182,2304,True
LS038B,NS5B,198,*,0.0,0.043,0.043,1182,2304,True
LS038B,NS5B,198,K,99.323,99.696,0.373,1182,2304,True
LS038B,NS5B,198,M,0.169,0.087,0.082,1182,2304,True
LS038B,NS5B,199,R,0.096,0.29,0.194,1041,2412,True
LS038B,NS5B,199,Q,99.808,99.461,0.347,1041,2412,True
LS038B,NS5B,199,P,0.0,0.083,0.083,1041,2412,True
LS038B,NS5B,199,*,0.0,0.083,0.083,1041,2412,True
LS038B,NS5B,199,K,0.0,0.083,0.083,1041,2412,True
LS038B,NS5B,199,L,0.096,0.0,0.096,1041,2412,True
LS038B,NS5B,200,R,100.0,99.355,0.645,1000,2482,True
LS038B,NS5B,200,P,0.0,0.081,0.081,1000,2482,True
LS038B,NS5B,200,C,0.0,0.04,0.04,1000,2482,True
LS038B,NS5B,200,H,0.0,0.081,0.081,1000,2482,True
LS038B,NS5B,200,S,0.0,0.443,0.443,1000,2482,True
LS038B,NS5B,201,E,0.0,0.041,0.041,919,2426,True
LS038B,NS5B,201,L,0.109,0.082,0.026,919,2426,True
LS038B,NS5B,201,I,0.0,0.124,0.124,919,2426,True
LS038B,NS5B,201,V,99.782,99.258,0.524,919,2426,True
LS038B,NS5B,201,A,0.109,0.495,0.386,919,2426,True
LS038B,NS5B,202,E,0.228,0.128,0.1,876,2343,True
LS038B,NS5B,202,G,0.457,0.512,0.056,876,2343,True
LS038B,NS5B,202,N,0.114,1.152,1.038,876,2343,True
LS038B,NS5B,202,D,99.087,97.951,1.135,876,2343,True
LS038B,NS5B,202,V,0.0,0.128,0.128,876,2343,True
LS038B,NS5B,202,A,0.114,0.0,0.114,876,2343,True
LS038B,NS5B,202,Y,0.0,0.128,0.128,876,2343,True
LS038B,NS5B,203,R,99.754,99.571,0.183,813,2330,True
LS038B,NS5B,203,G,0.123,0.043,0.08,813,2330,True
LS038B,NS5B,203,C,0.0,0.3,0.3,813,2330,True
LS038B,NS5B,203,S,0.0,0.043,0.043,813,2330,True
LS038B,NS5B,203,H,0.123,0.043,0.08,813,2330,True
LS038B,NS5B,204,R,0.0,0.083,0.083,800,2412,True
LS038B,NS5B,204,F,0.0,0.083,0.083,800,2412,True
LS038B,NS5B,204,P,0.25,0.456,0.206,800,2412,True
LS038B,NS5B,204,H,0.0,0.124,0.124,800,2412,True
LS038B,NS5B,204,L,99.75,99.254,0.496,800,2412,True
LS038B,NS5B,205,I,0.125,0.0,0.125,797,2664,True
LS038B,NS5B,205,P,0.502,0.563,0.061,797,2664,True
LS038B,NS5B,205,H,0.0,0.113,0.113,797,2664,True
LS038B,NS5B,205,F,0.0,0.15,0.15,797,2664,True
LS038B,NS5B,205,L,99.373,99.174,0.198,797,2664,True
LS038B,NS5B,206,R,0.48,0.413,0.067,834,2907,True
LS038B,NS5B,206,Q,97.362,99.209,1.847,834,2907,True
LS038B,NS5B,206,P,0.12,0.034,0.086,834,2907,True
LS038B,NS5B,206,*,0.24,0.241,0.001,834,2907,True
LS038B,NS5B,206,K,0.0,0.069,0.069,834,2907,True
LS038B,NS5B,206,H,0.0,0.034,0.034,834,2907,True
LS038B,NS5B,206,L,1.799,0.0,1.799,834,2907,True
LS038B,NS5B,207,T,0.0,0.376,0.376,758,2924,True
LS038B,NS5B,207,I,0.132,0.034,0.098,758,2924,True
LS038B,NS5B,207,K,0.0,0.068,0.068,758,2924,True
LS038B,NS5B,207,V,0.528,0.41,0.117,758,2924,True
LS038B,NS5B,207,M,99.34,99.111,0.23,758,2924,True
LS038B,NS5B,208,R,0.166,0.331,0.165,603,2723,True
LS038B,NS5B,208,G,0.166,0.073,0.092,603,2723,True
LS038B,NS5B,208,*,0.166,0.367,0.201,603,2723,True
LS038B,NS5B,208,C,0.166,0.037,0.129,603,2723,True
LS038B,NS5B,208,W,99.337,99.192,0.145,603,2723,True
LS038B,NS5B,209,R,100.0,99.859,0.141,600,2829,True
LS038B,NS5B,209,H,0.0,0.141,0.141,600,2829,True
LS038B,NS5B,210,G,0.0,0.035,0.035,567,2838,True
LS038B,NS5B,210,P,0.0,0.035,0.035,567,2838,True
LS038B,NS5B,210,A,99.647,99.542,0.105,567,2838,True
LS038B,NS5B,210,T,0.176,0.141,0.035,567,2838,True
LS038B,NS5B,210,V,0.176,0.247,0.07,567,2838,True
LS038B,NS5B,211,R,99.229,98.914,0.315,519,2763,True
LS038B,NS5B,211,G,0.193,0.615,0.423,519,2763,True
LS038B,NS5B,211,S,0.0,0.072,0.072,519,2763,True
LS038B,NS5B,211,W,0.0,0.217,0.217,519,2763,True
LS038B,NS5B,211,K,0.578,0.181,0.397,519,2763,True
LS050A,NS5B,162,C,0.204,0.0,0.204,2934,119,True
LS050A,NS5B,162,H,0.102,0.0,0.102,2934,119,True
LS050A,NS5B,162,F,0.034,0.0,0.034,2934,119,True
LS050A,NS5B,162,Y,99.659,100.0,0.341,2934,119,True
LS050A,NS5B,163,S,0.107,0.0,0.107,2806,154,True
LS050A,NS5B,163,P,99.893,100.0,0.107,2806,154,True
LS050A,NS5B,164,A,0.038,0.0,0.038,2660,160,True
LS050A,NS5B,164,G,0.489,0.0,0.489,2660,160,True
LS050A,NS5B,164,D,99.474,100.0,0.526,2660,160,True
LS050A,NS5B,165,R,0.07,0.0,0.07,2872,172,True
LS050A,NS5B,165,Q,0.104,0.0,0.104,2872,172,True
LS050A,NS5B,165,P,0.035,0.0,0.035,2872,172,True
LS050A,NS5B,165,L,99.791,100.0,0.209,2872,172,True
LS050A,NS5B,166,R,0.071,0.0,0.071,2833,193,True
LS050A,NS5B,166,E,0.529,0.0,0.529,2833,193,True
LS050A,NS5B,166,G,99.365,100.0,0.635,2833,193,True
LS050A,NS5B,166,A,0.035,0.0,0.035,2833,193,True
LS050A,NS5B,167,A,0.104,0.0,0.104,2884,268,True
LS050A,NS5B,167,E,0.069,0.0,0.069,2884,268,True
LS050A,NS5B,167,V,99.827,100.0,0.173,2884,268,True
LS050A,NS5B,168,R,99.254,99.638,0.384,2814,276,True
LS050A,NS5B,168,G,0.64,0.0,0.64,2814,276,True
LS050A,NS5B,168,W,0.107,0.362,0.256,2814,276,True
LS050A,NS5B,169,E,0.035,0.0,0.035,2830,387,True
LS050A,NS5B,169,G,0.071,0.0,0.071,2830,387,True
LS050A,NS5B,169,A,0.141,0.517,0.375,2830,387,True
LS050A,NS5B,169,V,99.647,99.483,0.163,2830,387,True
LS050A,NS5B,169,L,0.071,0.0,0.071,2830,387,True
LS050A,NS5B,169,M,0.035,0.0,0.035,2830,387,True
LS050A,NS5B,170,R,0.279,0.0,0.279,2870,496,True
LS050A,NS5B,170,G,0.105,0.0,0.105,2870,496,True
LS050A,NS5B,170,C,99.477,99.798,0.321,2870,496,True
LS050A,NS5B,170,S,0.139,0.0,0.139,2870,496,True
LS050A,NS5B,170,Y,0.0,0.202,0.202,2870,496,True
LS050A,NS5B,171,E,99.021,99.615,0.594,2758,520,True
LS050A,NS5B,171,K,0.036,0.0,0.036,2758,520,True
LS050A,NS5B,171,G,0.834,0.385,0.449,2758,520,True
LS050A,NS5B,171,*,0.073,0.0,0.073,2758,520,True
LS050A,NS5B,171,V,0.036,0.0,0.036,2758,520,True
LS050A,NS5B,172,R,0.518,0.0,0.518,2705,513,True
LS050A,NS5B,172,E,0.702,0.0,0.702,2705,513,True
LS050A,NS5B,172,*,0.222,0.195,0.027,2705,513,True
LS050A,NS5B,172,K,98.558,99.805,1.247,2705,513,True
LS050A,NS5B,173,R,99.661,100.0,0.339,2655,689,True
LS050A,NS5B,173,Q,0.151,0.0,0.151,2655,689,True
LS050A,NS5B,173,*,0.188,0.0,0.188,2655,689,True
LS050A,NS5B,174,A,99.784,99.613,0.171,2780,775,True
LS050A,NS5B,174,S,0.072,0.0,0.072,2780,775,True
LS050A,NS5B,174,V,0.144,0.387,0.243,2780,775,True
LS050A,NS5B,175,R,0.036,0.0,0.036,2766,925,True
LS050A,NS5B,175,I,0.036,0.0,0.036,2766,925,True
LS050A,NS5B,175,P,0.325,0.432,0.107,2766,925,True
LS050A,NS5B,175,H,0.072,0.108,0.036,2766,925,True
LS050A,NS5B,175,L,99.53,99.459,0.071,2766,925,True
LS050A,NS5B,176,C,0.219,0.193,0.026,2735,1034,True
LS050A,NS5B,176,F,0.073,0.0,0.073,2735,1034,True
LS050A,NS5B,176,S,0.073,0.097,0.024,2735,1034,True
LS050A,NS5B,176,N,0.073,0.0,0.073,2735,1034,True
LS050A,NS5B,176,H,0.219,0.193,0.026,2735,1034,True
LS050A,NS5B,176,Y,99.342,99.516,0.175,2735,1034,True
LS050A,NS5B,177,E,0.111,0.0,0.111,2695,1057,True
LS050A,NS5B,177,G,0.334,0.189,0.145,2695,1057,True
LS050A,NS5B,177,N,0.186,0.378,0.193,2695,1057,True
LS050A,NS5B,177,D,99.258,99.432,0.174,2695,1057,True
LS050A,NS5B,177,V,0.074,0.0,0.074,2695,1057,True
LS050A,NS5B,177,A,0.037,0.0,0.037,2695,1057,True
LS050A,NS5B,178,G,0.084,0.0,0.084,2388,1111,True
LS050A,NS5B,178,A,0.419,0.18,0.239,2388,1111,True
LS050A,NS5B,178,I,0.084,0.09,0.006,2388,1111,True
LS050A,NS5B,178,V,99.288,99.64,0.352,2388,1111,True
LS050A,NS5B,178,D,0.126,0.09,0.036,2388,1111,True
LS050A,NS5B,179,T,99.686,99.568,0.118,2546,1157,True
LS050A,NS5B,179,R,0.0,0.086,0.086,2546,1157,True
LS050A,NS5B,179,P,0.039,0.0,0.039,2546,1157,True
LS050A,NS5B,179,A,0.196,0.346,0.149,2546,1157,True
LS050A,NS5B,179,M,0.079,0.0,0.079,2546,1157,True
LS050A,NS5B,180,R,99.362,99.67,0.308,2507,1213,True
LS050A,NS5B,180,P,0.08,0.0,0.08,2507,1213,True
LS050A,NS5B,180,S,0.08,0.0,0.08,2507,1213,True
LS050A,NS5B,180,C,0.0,0.165,0.165,2507,1213,True
LS050A,NS5B,180,H,0.279,0.165,0.114,2507,1213,True
LS050A,NS5B,180,L,0.199,0.0,0.199,2507,1213,True
LS050A,NS5B,181,R,0.495,0.169,0.325,2426,1182,True
LS050A,NS5B,181,E,0.289,0.338,0.05,2426,1182,True
LS050A,NS5B,181,Q,0.0,0.085,0.085,2426,1182,True
LS050A,NS5B,181,T,0.041,0.0,0.041,2426,1182,True
LS050A,NS5B,181,K,99.134,99.408,0.273,2426,1182,True
LS050A,NS5B,181,M,0.041,0.0,0.041,2426,1182,True
LS050A,NS5B,182,Q,0.0,0.079,0.079,2395,1273,True
LS050A,NS5B,182,P,0.209,0.864,0.655,2395,1273,True
LS050A,NS5B,182,L,99.791,99.057,0.734,2395,1273,True
LS050A,NS5B,183,P,99.652,99.627,0.025,2297,1339,True
LS050A,NS5B,183,H,0.0,0.075,0.075,2297,1339,True
LS050A,NS5B,183,S,0.087,0.299,0.212,2297,1339,True
LS050A,NS5B,183,L,0.261,0.0,0.261,2297,1339,True
LS050A,NS5B,184,R,0.0,0.644,0.644,2327,1398,True
LS050A,NS5B,184,Q,0.0,0.215,0.215,2327,1398,True
LS050A,NS5B,184,P,0.473,0.143,0.33,2327,1398,True
LS050A,NS5B,184,V,0.0,0.143,0.143,2327,1398,True
LS050A,NS5B,184,L,99.527,98.784,0.743,2327,1398,True
LS050A,NS5B,184,M,0.0,0.072,0.072,2327,1398,True
LS050A,NS5B,185,T,0.087,0.138,0.051,2292,1446,True
LS050A,NS5B,185,A,99.564,99.793,0.229,2292,1446,True
LS050A,NS5B,185,S,0.0,0.069,0.069,2292,1446,True
LS050A,NS5B,185,V,0.349,0.0,0.349,2292,1446,True
LS050A,NS5B,186,G,0.277,0.072,0.206,2163,1392,True
LS050A,NS5B,186,A,0.693,0.0,0.693,2163,1392,True
LS050A,NS5B,186,V,98.89,99.784,0.894,2163,1392,True
LS050A,NS5B,186,L,0.046,0.0,0.046,2163,1392,True
LS050A,NS5B,186,M,0.092,0.144,0.051,2163,1392,True
LS050A,NS5B,187,L,0.0,0.066,0.066,2183,1508,True
LS050A,NS5B,187,T,0.092,0.133,0.041,2183,1508,True
LS050A,NS5B,187,I,0.092,0.133,0.041,2183,1508,True
LS050A,NS5B,187,V,0.504,0.0,0.504,2183,1508,True
LS050A,NS5B,187,K,0.046,0.0,0.046,2183,1508,True
LS050A,NS5B,187,M,99.267,99.668,0.401,2183,1508,True
LS050A,NS5B,188,R,0.143,0.131,0.013,2094,1530,True
LS050A,NS5B,188,E,0.0,0.131,0.131,2094,1530,True
LS050A,NS5B,188,G,99.857,99.608,0.249,2094,1530,True
LS050A,NS5B,188,*,0.0,0.131,0.131,2094,1530,True
LS050A,NS5B,189,R,0.047,0.0,0.047,2118,1596,True
LS050A,NS5B,189,P,98.725,99.749,1.024,2118,1596,True
LS050A,NS5B,189,A,0.047,0.0,0.047,2118,1596,True
LS050A,NS5B,189,S,1.039,0.125,0.913,2118,1596,True
LS050A,NS5B,189,L,0.142,0.125,0.016,2118,1596,True
LS050A,NS5B,190,A,99.77,99.332,0.438,2178,1946,True
LS050A,NS5B,190,S,0.0,0.257,0.257,2178,1946,True
LS050A,NS5B,190,T,0.046,0.206,0.16,2178,1946,True
LS050A,NS5B,190,D,0.046,0.0,0.046,2178,1946,True
LS050A,NS5B,190,V,0.138,0.206,0.068,2178,1946,True
LS050A,NS5B,191,N,0.145,0.0,0.145,2075,1932,True
LS050A,NS5B,191,H,0.0,0.104,0.104,2075,1932,True
LS050A,NS5B,191,C,0.193,0.259,0.066,2075,1932,True
LS050A,NS5B,191,F,0.0,0.052,0.052,2075,1932,True
LS050A,NS5B,191,Y,99.663,99.586,0.077,2075,1932,True
LS050A,NS5B,192,G,99.902,99.803,0.098,2032,2034,True
LS050A,NS5B,192,D,0.0,0.098,0.098,2032,2034,True
LS050A,NS5B,192,S,0.049,0.098,0.049,2032,2034,True
LS050A,NS5B,192,V,0.049,0.0,0.049,2032,2034,True
LS050A,NS5B,193,I,0.057,0.142,0.084,1754,2120,True
LS050A,NS5B,193,S,0.0,0.094,0.094,1754,2120,True
LS050A,NS5B,193,F,99.715,99.528,0.187,1754,2120,True
LS050A,NS5B,193,L,0.228,0.236,0.008,1754,2120,True
LS050A,NS5B,194,R,0.273,0.182,0.092,1829,2203,True
LS050A,NS5B,194,E,0.109,0.0,0.109,1829,2203,True
LS050A,NS5B,194,Q,99.508,99.728,0.22,1829,2203,True
LS050A,NS5B,194,*,0.0,0.045,0.045,1829,2203,True
LS050A,NS5B,194,H,0.0,0.045,0.045,1829,2203,True
LS050A,NS5B,194,L,0.109,0.0,0.109,1829,2203,True
LS050A,NS5B,195,N,0.0,0.088,0.088,1738,2269,True
LS050A,NS5B,195,C,0.0,0.088,0.088,1738,2269,True
LS050A,NS5B,195,H,0.46,0.264,0.196,1738,2269,True
LS050A,NS5B,195,D,0.0,0.044,0.044,1738,2269,True
LS050A,NS5B,195,Y,99.54,99.515,0.024,1738,2269,True
LS050A,NS5B,196,P,0.354,0.353,0.002,1694,2269,True
LS050A,NS5B,196,*,0.0,0.088,0.088,1694,2269,True
LS050A,NS5B,196,S,99.292,99.295,0.003,1694,2269,True
LS050A,NS5B,196,L,0.118,0.176,0.058,1694,2269,True
LS050A,NS5B,196,T,0.118,0.088,0.03,1694,2269,True
LS050A,NS5B,196,A,0.118,0.0,0.118,1694,2269,True
LS050A,NS5B,197,H,0.124,0.0,0.124,1610,2668,True
LS050A,NS5B,197,S,0.0,0.037,0.037,1610,2668,True
LS050A,NS5B,197,P,99.876,99.963,0.087,1610,2668,True
LS050A,NS5B,198,R,0.838,0.619,0.219,1551,2583,True
LS050A,NS5B,198,E,0.193,0.077,0.116,1551,2583,True
LS050A,NS5B,198,*,0.064,0.0,0.064,1551,2583,True
LS050A,NS5B,198,T,0.0,0.077,0.077,1551,2583,True
LS050A,NS5B,198,K,98.711,99.148,0.438,1551,2583,True
LS050A,NS5B,198,M,0.193,0.077,0.116,1551,2583,True
LS050A,NS5B,199,R,0.469,0.46,0.009,1279,2610,True
LS050A,NS5B,199,Q,99.296,99.31,0.014,1279,2610,True
LS050A,NS5B,199,*,0.0,0.115,0.115,1279,2610,True
LS050A,NS5B,199,K,0.0,0.077,0.077,1279,2610,True
LS050A,NS5B,199,W,0.156,0.0,0.156,1279,2610,True
LS050A,NS5B,199,L,0.078,0.038,0.04,1279,2610,True
LS050A,NS5B,200,R,99.759,99.467,0.292,1246,2629,True
LS050A,NS5B,200,G,0.0,0.038,0.038,1246,2629,True
LS050A,NS5B,200,P,0.0,0.114,0.114,1246,2629,True
LS050A,NS5B,200,C,0.161,0.0,0.161,1246,2629,True
LS050A,NS5B,200,H,0.08,0.304,0.224,1246,2629,True
LS050A,NS5B,200,L,0.0,0.076,0.076,1246,2629,True
LS050A,NS5B,201,I,0.085,0.152,0.067,1183,2638,True
LS050A,NS5B,201,G,0.085,0.038,0.047,1183,2638,True
LS050A,NS5B,201,A,0.0,0.076,0.076,1183,2638,True
LS050A,NS5B,201,V,99.831,99.735,0.096,1183,2638,True
LS050A,NS5B,202,E,98.826,98.863,0.037,1022,2199,True
LS050A,NS5B,202,G,0.391,0.728,0.336,1022,2199,True
LS050A,NS5B,202,A,0.196,0.091,0.105,1022,2199,True
LS050A,NS5B,202,D,0.391,0.091,0.3,1022,2199,True
LS050A,NS5B,202,V,0.098,0.227,0.13,1022,2199,True
LS050A,NS5B,202,K,0.098,0.0,0.098,1022,2199,True
LS050A,NS5B,203,R,99.547,99.669,0.122,1103,2715,True
LS050A,NS5B,203,P,0.0,0.074,0.074,1103,2715,True
LS050A,NS5B,203,C,0.272,0.11,0.161,1103,2715,True
LS050A,NS5B,203,H,0.181,0.147,0.034,1103,2715,True
LS050A,NS5B,204,P,0.672,0.457,0.215,1042,2625,True
LS050A,NS5B,204,F,0.0,0.076,0.076,1042,2625,True
LS050A,NS5B,204,I,0.0,0.076,0.076,1042,2625,True
LS050A,NS5B,204,H,0.096,0.038,0.058,1042,2625,True
LS050A,NS5B,204,L,99.232,99.352,0.12,1042,2625,True
LS050A,NS5B,205,F,0.0,0.104,0.104,1035,2896,True
LS050A,NS5B,205,P,0.29,0.173,0.117,1035,2896,True
LS050A,NS5B,205,H,0.193,0.0,0.193,1035,2896,True
LS050A,NS5B,205,L,99.517,99.724,0.207,1035,2896,True
LS050A,NS5B,206,R,1.507,0.662,0.845,1062,3023,True
LS050A,NS5B,206,Q,98.305,99.041,0.736,1062,3023,True
LS050A,NS5B,206,*,0.094,0.132,0.038,1062,3023,True
LS050A,NS5B,206,L,0.0,0.066,0.066,1062,3023,True
LS050A,NS5B,206,H,0.094,0.066,0.028,1062,3023,True
LS050A,NS5B,206,K,0.0,0.033,0.033,1062,3023,True
LS050A,NS5B,207,L,0.198,0.0,0.198,1011,3066,True
LS050A,NS5B,207,T,0.396,0.554,0.159,1011,3066,True
LS050A,NS5B,207,I,0.099,0.163,0.064,1011,3066,True
LS050A,NS5B,207,K,0.0,0.065,0.065,1011,3066,True
LS050A,NS5B,207,V,0.593,0.098,0.496,1011,3066,True
LS050A,NS5B,207,M,98.714,99.119,0.405,1011,3066,True
LS050A,NS5B,208,R,0.253,0.251,0.002,789,2784,True
LS050A,NS5B,208,G,0.38,0.108,0.272,789,2784,True
LS050A,NS5B,208,*,0.507,0.431,0.076,789,2784,True
LS050A,NS5B,208,C,0.0,0.036,0.036,789,2784,True
LS050A,NS5B,208,S,0.0,0.036,0.036,789,2784,True
LS050A,NS5B,208,W,98.859,99.138,0.279,789,2784,True
LS050A,NS5B,209,R,99.364,99.398,0.034,786,2991,True
LS050A,NS5B,209,G,0.127,0.067,0.06,786,2991,True
LS050A,NS5B,209,P,0.0,0.067,0.067,786,2991,True
LS050A,NS5B,209,C,0.254,0.201,0.054,786,2991,True
LS050A,NS5B,209,S,0.127,0.0,0.127,786,2991,True
LS050A,NS5B,209,H,0.127,0.267,0.14,786,2991,True
LS050A,NS5B,210,T,0.137,0.375,0.239,732,2932,True
LS050A,NS5B,210,P,0.273,0.0,0.273,732,2932,True
LS050A,NS5B,210,V,0.546,0.136,0.41,732,2932,True
LS050A,NS5B,210,S,0.683,0.0,0.683,732,2932,True
LS050A,NS5B,210,A,98.361,99.488,1.128,732,2932,True
LS050A,NS5B,211,R,0.698,0.588,0.11,716,2889,True
LS050A,NS5B,211,E,0.279,0.346,0.067,716,2889,True
LS050A,NS5B,211,*,0.14,0.0,0.14,716,2889,True
LS050A,NS5B,211,N,0.0,0.104,0.104,716,2889,True
LS050A,NS5B,211,K,98.883,98.962,0.079,716,2889,True
LS050B,NS5B,162,N,0.098,0.0,0.098,3068,158,True
LS050B,NS5B,162,*,0.033,0.0,0.033,3068,158,True
LS050B,NS5B,162,C,1.239,0.0,1.239,3068,158,True
LS050B,NS5B,162,H,0.163,0.0,0.163,3068,158,True
LS050B,NS5B,162,F,0.033,0.0,0.033,3068,158,True
LS050B,NS5B,162,Y,98.435,100.0,1.565,3068,158,True
LS050B,NS5B,163,P,99.755,99.49,0.265,2860,196,True
LS050B,NS5B,163,H,0.035,0.0,0.035,2860,196,True
LS050B,NS5B,163,A,0.035,0.51,0.475,2860,196,True
LS050B,NS5B,163,S,0.105,0.0,0.105,2860,196,True
LS050B,NS5B,163,L,0.07,0.0,0.07,2860,196,True
LS050B,NS5B,164,E,0.075,0.0,0.075,2673,199,True
LS050B,NS5B,164,G,0.112,0.0,0.112,2673,199,True
LS050B,NS5B,164,A,0.037,0.503,0.465,2673,199,True
LS050B,NS5B,164,V,0.112,0.0,0.112,2673,199,True
LS050B,NS5B,164,D,99.663,99.497,0.166,2673,199,True
LS050B,NS5B,165,L,99.866,100.0,0.134,2986,255,True
LS050B,NS5B,165,Q,0.067,0.0,0.067,2986,255,True
LS050B,NS5B,165,P,0.067,0.0,0.067,2986,255,True
LS050B,NS5B,166,E,0.143,0.649,0.507,2803,308,True
LS050B,NS5B,166,G,99.75,99.351,0.4,2803,308,True
LS050B,NS5B,166,*,0.036,0.0,0.036,2803,308,True
LS050B,NS5B,166,V,0.036,0.0,0.036,2803,308,True
LS050B,NS5B,166,A,0.036,0.0,0.036,2803,308,True
LS050B,NS5B,167,E,0.068,0.0,0.068,2952,370,True
LS050B,NS5B,167,V,99.695,100.0,0.305,2952,370,True
LS050B,NS5B,167,A,0.169,0.0,0.169,2952,370,True
LS050B,NS5B,167,L,0.068,0.0,0.068,2952,370,True
LS050B,NS5B,168,R,99.317,99.796,0.478,2929,489,True
LS050B,NS5B,168,K,0.034,0.0,0.034,2929,489,True
LS050B,NS5B,168,G,0.512,0.204,0.308,2929,489,True
LS050B,NS5B,168,W,0.068,0.0,0.068,2929,489,True
LS050B,NS5B,168,S,0.068,0.0,0.068,2929,489,True
LS050B,NS5B,169,E,0.075,0.0,0.075,2667,648,True
LS050B,NS5B,169,G,0.037,0.309,0.271,2667,648,True
LS050B,NS5B,169,A,0.15,0.0,0.15,2667,648,True
LS050B,NS5B,169,V,99.7,99.691,0.009,2667,648,True
LS050B,NS5B,169,M,0.037,0.0,0.037,2667,648,True
LS050B,NS5B,170,R,0.315,0.274,0.04,2860,729,True
LS050B,NS5B,170,G,0.105,0.0,0.105,2860,729,True
LS050B,NS5B,170,W,0.035,0.0,0.035,2860,729,True
LS050B,NS5B,170,C,99.545,99.451,0.094,2860,729,True
LS050B,NS5B,170,S,0.0,0.274,0.274,2860,729,True
LS050B,NS5B,171,E,98.964,99.33,0.366,2702,746,True
LS050B,NS5B,171,G,0.592,0.134,0.458,2702,746,True
LS050B,NS5B,171,A,0.037,0.0,0.037,2702,746,True
LS050B,NS5B,171,K,0.111,0.134,0.023,2702,746,True
LS050B,NS5B,171,V,0.222,0.402,0.18,2702,746,True
LS050B,NS5B,171,D,0.074,0.0,0.074,2702,746,True
LS050B,NS5B,172,R,0.552,0.127,0.425,2537,788,True
LS050B,NS5B,172,E,0.315,0.508,0.192,2537,788,True
LS050B,NS5B,172,*,0.039,0.127,0.087,2537,788,True
LS050B,NS5B,172,K,99.093,99.239,0.145,2537,788,True
LS050B,NS5B,173,R,99.496,100.0,0.504,2579,1389,True
LS050B,NS5B,173,Q,0.31,0.0,0.31,2579,1389,True
LS050B,NS5B,173,*,0.078,0.0,0.078,2579,1389,True
LS050B,NS5B,173,L,0.039,0.0,0.039,2579,1389,True
LS050B,NS5B,173,W,0.078,0.0,0.078,2579,1389,True
LS050B,NS5B,174,P,0.038,0.134,0.096,2625,1492,True
LS050B,NS5B,174,A,99.771,99.665,0.107,2625,1492,True
LS050B,NS5B,174,S,0.0,0.067,0.067,2625,1492,True
LS050B,NS5B,174,T,0.076,0.067,0.009,2625,1492,True
LS050B,NS5B,174,V,0.114,0.067,0.047,2625,1492,True
LS050B,NS5B,175,R,0.039,0.0,0.039,2576,1674,True
LS050B,NS5B,175,P,0.349,0.299,0.051,2576,1674,True
LS050B,NS5B,175,F,0.116,0.299,0.182,2576,1674,True
LS050B,NS5B,175,I,0.039,0.0,0.039,2576,1674,True
LS050B,NS5B,175,V,0.0,0.06,0.06,2576,1674,True
LS050B,NS5B,175,L,99.457,99.343,0.114,2576,1674,True
LS050B,NS5B,176,*,0.038,0.0,0.038,2641,1753,True
LS050B,NS5B,176,C,0.53,0.114,0.416,2641,1753,True
LS050B,NS5B,176,F,0.0,0.057,0.057,2641,1753,True
LS050B,NS5B,176,N,0.114,0.0,0.114,2641,1753,True
LS050B,NS5B,176,H,0.379,0.114,0.265,2641,1753,True
LS050B,NS5B,176,Y,98.94,99.715,0.775,2641,1753,True
LS050B,NS5B,177,E,0.123,0.0,0.123,2441,1723,True
LS050B,NS5B,177,G,0.369,0.232,0.137,2441,1723,True
LS050B,NS5B,177,N,0.205,0.29,0.085,2441,1723,True
LS050B,NS5B,177,D,99.14,99.42,0.28,2441,1723,True
LS050B,NS5B,177,V,0.123,0.0,0.123,2441,1723,True
LS050B,NS5B,177,A,0.041,0.058,0.017,2441,1723,True
LS050B,NS5B,178,I,0.226,0.216,0.01,2215,1851,True
LS050B,NS5B,178,D,0.181,0.054,0.127,2215,1851,True
LS050B,NS5B,178,V,99.142,99.622,0.48,2215,1851,True
LS050B,NS5B,178,A,0.451,0.108,0.343,2215,1851,True
LS050B,NS5B,179,T,99.487,99.594,0.107,2532,1969,True
LS050B,NS5B,179,A,0.513,0.254,0.259,2532,1969,True
LS050B,NS5B,179,M,0.0,0.152,0.152,2532,1969,True
LS050B,NS5B,180,R,99.748,99.447,0.301,2778,2350,True
LS050B,NS5B,180,C,0.108,0.213,0.105,2778,2350,True
LS050B,NS5B,180,H,0.144,0.34,0.196,2778,2350,True
LS050B,NS5B,181,R,0.316,0.498,0.182,2534,2410,True
LS050B,NS5B,181,E,0.197,0.083,0.114,2534,2410,True
LS050B,NS5B,181,*,0.0,0.166,0.166,2534,2410,True
LS050B,NS5B,181,N,0.079,0.041,0.037,2534,2410,True
LS050B,NS5B,181,K,99.329,99.17,0.159,2534,2410,True
LS050B,NS5B,181,M,0.079,0.041,0.037,2534,2410,True
LS050B,NS5B,182,L,99.805,99.485,0.32,2561,2522,True
LS050B,NS5B,182,P,0.195,0.515,0.32,2561,2522,True
LS050B,NS5B,183,R,0.084,0.0,0.084,2389,3051,True
LS050B,NS5B,183,P,99.456,99.934,0.479,2389,3051,True
LS050B,NS5B,183,H,0.126,0.0,0.126,2389,3051,True
LS050B,NS5B,183,A,0.084,0.0,0.084,2389,3051,True
LS050B,NS5B,183,S,0.084,0.0,0.084,2389,3051,True
LS050B,NS5B,183,L,0.167,0.066,0.102,2389,3051,True
LS050B,NS5B,184,R,0.0,0.032,0.032,2513,3139,True
LS050B,NS5B,184,Q,0.04,0.0,0.04,2513,3139,True
LS050B,NS5B,184,P,3.144,0.191,2.953,2513,3139,True
LS050B,NS5B,184,F,0.557,0.0,0.557,2513,3139,True
LS050B,NS5B,184,S,0.0,0.064,0.064,2513,3139,True
LS050B,NS5B,184,L,96.18,99.713,3.533,2513,3139,True
LS050B,NS5B,184,M,0.08,0.0,0.08,2513,3139,True
LS050B,NS5B,185,E,0.0,0.03,0.03,2484,3281,True
LS050B,NS5B,185,G,0.081,0.0,0.081,2484,3281,True
LS050B,NS5B,185,P,0.04,0.03,0.01,2484,3281,True
LS050B,NS5B,185,A,99.396,99.512,0.116,2484,3281,True
LS050B,NS5B,185,S,0.081,0.0,0.081,2484,3281,True
LS050B,NS5B,185,T,0.242,0.335,0.094,2484,3281,True
LS050B,NS5B,185,V,0.161,0.091,0.07,2484,3281,True
LS050B,NS5B,186,E,0.269,0.0,0.269,2231,3357,True
LS050B,NS5B,186,G,0.359,0.06,0.299,2231,3357,True
LS050B,NS5B,186,L,0.045,0.06,0.015,2231,3357,True
LS050B,NS5B,186,I,0.134,0.0,0.134,2231,3357,True
LS050B,NS5B,186,V,98.924,99.732,0.808,2231,3357,True
LS050B,NS5B,186,A,0.269,0.149,0.12,2231,3357,True
LS050B,NS5B,187,L,0.082,0.084,0.002,2447,3588,True
LS050B,NS5B,187,T,0.082,0.139,0.058,2447,3588,True
LS050B,NS5B,187,I,0.082,0.139,0.058,2447,3588,True
LS050B,NS5B,187,V,0.572,0.39,0.182,2447,3588,True
LS050B,NS5B,187,K,0.041,0.0,0.041,2447,3588,True
LS050B,NS5B,187,M,99.142,99.247,0.106,2447,3588,True
LS050B,NS5B,188,R,0.28,0.028,0.251,2145,3527,True
LS050B,NS5B,188,E,0.14,0.595,0.456,2145,3527,True
LS050B,NS5B,188,G,99.534,99.348,0.186,2145,3527,True
LS050B,NS5B,188,*,0.047,0.028,0.018,2145,3527,True
LS050B,NS5B,189,R,0.0,0.026,0.026,2266,3778,True
LS050B,NS5B,189,P,99.868,99.735,0.132,2266,3778,True
LS050B,NS5B,189,S,0.132,0.185,0.053,2266,3778,True
LS050B,NS5B,189,L,0.0,0.053,0.053,2266,3778,True
LS050B,NS5B,190,T,0.0,0.071,0.071,2294,4196,True
LS050B,NS5B,190,G,0.0,0.048,0.048,2294,4196,True
LS050B,NS5B,190,A,99.738,99.857,0.119,2294,4196,True
LS050B,NS5B,190,S,0.087,0.0,0.087,2294,4196,True
LS050B,NS5B,190,V,0.174,0.024,0.151,2294,4196,True
LS050B,NS5B,191,*,0.0,0.024,0.024,2221,4226,True
LS050B,NS5B,191,C,0.18,0.047,0.133,2221,4226,True
LS050B,NS5B,191,F,0.18,0.0,0.18,2221,4226,True
LS050B,NS5B,191,N,0.135,0.071,0.064,2221,4226,True
LS050B,NS5B,191,H,0.09,0.166,0.076,2221,4226,True
LS050B,NS5B,191,Y,99.415,99.692,0.278,2221,4226,True
LS050B,NS5B,192,G,99.584,98.915,0.669,2163,4517,True
LS050B,NS5B,192,S,0.277,0.133,0.145,2163,4517,True
LS050B,NS5B,192,D,0.092,0.863,0.771,2163,4517,True
LS050B,NS5B,192,V,0.0,0.022,0.022,2163,4517,True
LS050B,NS5B,192,A,0.046,0.066,0.02,2163,4517,True
LS050B,NS5B,193,F,98.589,98.874,0.285,1772,4531,True
LS050B,NS5B,193,S,0.847,0.486,0.361,1772,4531,True
LS050B,NS5B,193,I,0.113,0.022,0.091,1772,4531,True
LS050B,NS5B,193,V,0.056,0.0,0.056,1772,4531,True
LS050B,NS5B,193,L,0.339,0.53,0.191,1772,4531,True
LS050B,NS5B,193,Y,0.056,0.088,0.032,1772,4531,True
LS050B,NS5B,194,R,0.101,0.25,0.149,1986,4801,True
LS050B,NS5B,194,E,0.0,0.062,0.062,1986,4801,True
LS050B,NS5B,194,Q,99.748,99.417,0.331,1986,4801,True
LS050B,NS5B,194,P,0.0,0.042,0.042,1986,4801,True
LS050B,NS5B,194,*,0.05,0.146,0.095,1986,4801,True
LS050B,NS5B,194,K,0.0,0.021,0.021,1986,4801,True
LS050B,NS5B,194,H,0.0,0.062,0.062,1986,4801,True
LS050B,NS5B,194,L,0.101,0.0,0.101,1986,4801,True
LS050B,NS5B,195,C,0.053,0.061,0.009,1893,4887,True
LS050B,NS5B,195,F,0.053,0.0,0.053,1893,4887,True
LS050B,NS5B,195,S,0.0,0.02,0.02,1893,4887,True
LS050B,NS5B,195,N,0.053,0.0,0.053,1893,4887,True
LS050B,NS5B,195,H,0.158,0.061,0.097,1893,4887,True
LS050B,NS5B,195,Y,99.683,99.857,0.174,1893,4887,True
LS050B,NS5B,196,P,0.619,0.885,0.266,1616,4745,True
LS050B,NS5B,196,S,98.948,98.714,0.234,1616,4745,True
LS050B,NS5B,196,L,0.062,0.232,0.17,1616,4745,True
LS050B,NS5B,196,T,0.248,0.169,0.079,1616,4745,True
LS050B,NS5B,196,A,0.124,0.0,0.124,1616,4745,True
LS050B,NS5B,197,R,0.06,0.0,0.06,1661,5801,True
LS050B,NS5B,197,P,99.88,99.655,0.224,1661,5801,True
LS050B,NS5B,197,F,0.0,0.017,0.017,1661,5801,True
LS050B,NS5B,197,S,0.0,0.172,0.172,1661,5801,True
LS050B,NS5B,197,L,0.0,0.103,0.103,1661,5801,True
LS050B,NS5B,197,T,0.0,0.017,0.017,1661,5801,True
LS050B,NS5B,197,H,0.0,0.017,0.017,1661,5801,True
LS050B,NS5B,197,A,0.06,0.017,0.043,1661,5801,True
LS050B,NS5B,198,R,0.396,0.179,0.217,1517,5587,True
LS050B,NS5B,198,E,0.725,0.054,0.671,1517,5587,True
LS050B,NS5B,198,*,0.132,0.018,0.114,1517,5587,True
LS050B,NS5B,198,T,0.0,0.018,0.018,1517,5587,True
LS050B,NS5B,198,K,98.616,99.57,0.955,1517,5587,True
LS050B,NS5B,198,M,0.132,0.161,0.029,1517,5587,True
LS050B,NS5B,199,R,0.447,0.718,0.271,1342,5569,True
LS050B,NS5B,199,Q,99.553,99.192,0.361,1342,5569,True
LS050B,NS5B,199,*,0.0,0.072,0.072,1342,5569,True
LS050B,NS5B,199,H,0.0,0.018,0.018,1342,5569,True
LS050B,NS5B,200,R,99.765,99.625,0.141,1278,5596,True
LS050B,NS5B,200,G,0.0,0.054,0.054,1278,5596,True
LS050B,NS5B,200,P,0.0,0.036,0.036,1278,5596,True
LS050B,NS5B,200,C,0.0,0.143,0.143,1278,5596,True
LS050B,NS5B,200,S,0.0,0.036,0.036,1278,5596,True
LS050B,NS5B,200,H,0.235,0.107,0.128,1278,5596,True
LS050B,NS5B,201,L,0.086,0.036,0.05,1167,5531,True
LS050B,NS5B,201,I,0.257,0.036,0.221,1167,5531,True
LS050B,NS5B,201,V,99.229,99.729,0.5,1167,5531,True
LS050B,NS5B,201,A,0.343,0.163,0.18,1167,5531,True
LS050B,NS5B,201,M,0.086,0.036,0.05,1167,5531,True
LS050B,NS5B,202,E,97.203,99.239,2.036,1001,5258,True
LS050B,NS5B,202,G,0.4,0.38,0.019,1001,5258,True
LS050B,NS5B,202,Q,0.0,0.019,0.019,1001,5258,True
LS050B,NS5B,202,*,2.098,0.0,2.098,1001,5258,True
LS050B,NS5B,202,A,0.0,0.095,0.095,1001,5258,True
LS050B,NS5B,202,K,0.0,0.019,0.019,1001,5258,True
LS050B,NS5B,202,V,0.0,0.152,0.152,1001,5258,True
LS050B,NS5B,202,D,0.3,0.095,0.205,1001,5258,True
LS050B,NS5B,203,R,99.831,99.729,0.102,1185,5538,True
LS050B,NS5B,203,P,0.0,0.018,0.018,1185,5538,True
LS050B,NS5B,203,C,0.169,0.054,0.115,1185,5538,True
LS050B,NS5B,203,S,0.0,0.036,0.036,1185,5538,True
LS050B,NS5B,203,H,0.0,0.144,0.144,1185,5538,True
LS050B,NS5B,203,L,0.0,0.018,0.018,1185,5538,True
LS050B,NS5B,204,R,0.0,0.055,0.055,1087,5504,True
LS050B,NS5B,204,P,0.552,0.291,0.261,1087,5504,True
LS050B,NS5B,204,F,0.0,0.055,0.055,1087,5504,True
LS050B,NS5B,204,L,98.988,99.528,0.54,1087,5504,True
LS050B,NS5B,204,I,0.092,0.0,0.092,1087,5504,True
LS050B,NS5B,204,H,0.276,0.073,0.203,1087,5504,True
LS050B,NS5B,204,V,0.092,0.0,0.092,1087,5504,True
LS050B,NS5B,205,P,0.178,0.378,0.2,1121,5814,True
LS050B,NS5B,205,F,0.0,0.086,0.086,1121,5814,True
LS050B,NS5B,205,L,99.465,99.501,0.036,1121,5814,True
LS050B,NS5B,205,I,0.089,0.017,0.072,1121,5814,True
LS050B,NS5B,205,H,0.089,0.017,0.072,1121,5814,True
LS050B,NS5B,205,V,0.178,0.0,0.178,1121,5814,True
LS050B,NS5B,206,R,0.382,0.18,0.202,1309,6109,True
LS050B,NS5B,206,Q,99.389,99.624,0.235,1309,6109,True
LS050B,NS5B,206,P,0.0,0.016,0.016,1309,6109,True
LS050B,NS5B,206,*,0.0,0.049,0.049,1309,6109,True
LS050B,NS5B,206,L,0.0,0.065,0.065,1309,6109,True
LS050B,NS5B,206,H,0.229,0.049,0.18,1309,6109,True
LS050B,NS5B,206,K,0.0,0.016,0.016,1309,6109,True
LS050B,NS5B,207,R,0.0,0.033,0.033,1248,6146,True
LS050B,NS5B,207,L,0.0,0.098,0.098,1248,6146,True
LS050B,NS5B,207,T,0.561,0.179,0.382,1248,6146,True
LS050B,NS5B,207,I,0.08,0.098,0.017,1248,6146,True
LS050B,NS5B,207,K,0.08,0.081,0.001,1248,6146,True
LS050B,NS5B,207,V,0.401,0.553,0.153,1248,6146,True
LS050B,NS5B,207,M,98.878,98.959,0.08,1248,6146,True
LS050B,NS5B,208,R,0.196,0.246,0.05,1022,5701,True
LS050B,NS5B,208,G,0.0,0.07,0.07,1022,5701,True
LS050B,NS5B,208,*,0.196,0.123,0.073,1022,5701,True
LS050B,NS5B,208,C,0.0,0.018,0.018,1022,5701,True
LS050B,NS5B,208,S,0.0,0.035,0.035,1022,5701,True
LS050B,NS5B,208,W,99.609,99.509,0.1,1022,5701,True
LS050B,NS5B,209,R,100.0,99.579,0.421,1089,6182,True
LS050B,NS5B,209,P,0.0,0.032,0.032,1089,6182,True
LS050B,NS5B,209,C,0.0,0.113,0.113,1089,6182,True
LS050B,NS5B,209,H,0.0,0.275,0.275,1089,6182,True
LS050B,NS5B,210,E,0.0,0.016,0.016,1031,6068,True
LS050B,NS5B,210,P,0.0,0.033,0.033,1031,6068,True
LS050B,NS5B,210,S,0.0,0.049,0.049,1031,6068,True
LS050B,NS5B,210,T,0.097,0.148,0.051,1031,6068,True
LS050B,NS5B,210,V,0.0,0.082,0.082,1031,6068,True
LS050B,NS5B,210,A,99.903,99.67,0.233,1031,6068,True
LS050B,NS5B,211,R,0.617,0.24,0.377,972,6253,True
LS050B,NS5B,211,E,0.617,0.192,0.425,972,6253,True
LS050B,NS5B,211,*,0.0,0.08,0.08,972,6253,True
LS050B,NS5B,211,T,0.0,0.112,0.112,972,6253,True
LS050B,NS5B,211,N,0.0,0.048,0.048,972,6253,True
LS050B,NS5B,211,K,98.56,99.296,0.737,972,6253,True
LS050B,NS5B,211,M,0.206,0.032,0.174,972,6253,True
NP026A,NS5B,166,R,0.382,0.0,0.382,4977,133,True
NP026A,NS5B,166,E,0.04,0.0,0.04,4977,133,True
NP026A,NS5B,166,G,99.538,99.248,0.29,4977,133,True
NP026A,NS5B,166,W,0.04,0.0,0.04,4977,133,True
NP026A,NS5B,166,V,0.0,0.752,0.752,4977,133,True
NP026A,NS5B,167,I,0.076,0.813,0.737,5266,246,True
NP026A,NS5B,167,G,0.038,0.0,0.038,5266,246,True
NP026A,NS5B,167,A,0.152,0.813,0.661,5266,246,True
NP026A,NS5B,167,V,99.715,98.374,1.341,5266,246,True
NP026A,NS5B,167,L,0.019,0.0,0.019,5266,246,True
NP026A,NS5B,168,R,99.611,98.842,0.769,5139,259,True
NP026A,NS5B,168,G,0.253,0.0,0.253,5139,259,True
NP026A,NS5B,168,W,0.097,0.772,0.675,5139,259,True
NP026A,NS5B,168,K,0.039,0.386,0.347,5139,259,True
NP026A,NS5B,169,E,0.082,0.0,0.082,4869,373,True
NP026A,NS5B,169,V,99.569,98.928,0.641,4869,373,True
NP026A,NS5B,169,A,0.288,0.804,0.517,4869,373,True
NP026A,NS5B,169,L,0.062,0.0,0.062,4869,373,True
NP026A,NS5B,169,M,0.0,0.268,0.268,4869,373,True
NP026A,NS5B,170,R,0.143,0.458,0.315,4890,437,True
NP026A,NS5B,170,W,0.02,0.0,0.02,4890,437,True
NP026A,NS5B,170,C,99.714,99.542,0.171,4890,437,True
NP026A,NS5B,170,F,0.041,0.0,0.041,4890,437,True
NP026A,NS5B,170,Y,0.082,0.0,0.082,4890,437,True
NP026A,NS5B,171,E,99.139,99.792,0.653,4762,481,True
NP026A,NS5B,171,G,0.399,0.208,0.191,4762,481,True
NP026A,NS5B,171,D,0.042,0.0,0.042,4762,481,True
NP026A,NS5B,171,A,0.084,0.0,0.084,4762,481,True
NP026A,NS5B,171,V,0.042,0.0,0.042,4762,481,True
NP026A,NS5B,171,K,0.294,0.0,0.294,4762,481,True
NP026A,NS5B,172,R,0.381,0.201,0.18,4723,498,True
NP026A,NS5B,172,E,0.529,0.0,0.529,4723,498,True
NP026A,NS5B,172,*,0.191,0.0,0.191,4723,498,True
NP026A,NS5B,172,T,0.064,0.0,0.064,4723,498,True
NP026A,NS5B,172,N,0.042,0.0,0.042,4723,498,True
NP026A,NS5B,172,K,98.772,99.799,1.027,4723,498,True
NP026A,NS5B,172,M,0.021,0.0,0.021,4723,498,True
NP026A,NS5B,173,R,99.616,99.537,0.079,4690,648,True
NP026A,NS5B,173,Q,0.192,0.309,0.117,4690,648,True
NP026A,NS5B,173,W,0.064,0.154,0.09,4690,648,True
NP026A,NS5B,173,L,0.128,0.0,0.128,4690,648,True
NP026A,NS5B,174,T,0.064,0.146,0.082,4671,685,True
NP026A,NS5B,174,G,0.021,0.0,0.021,4671,685,True
NP026A,NS5B,174,A,99.872,99.854,0.018,4671,685,True
NP026A,NS5B,174,V,0.043,0.0,0.043,4671,685,True
NP026A,NS5B,175,I,0.021,0.0,0.021,4742,1403,True
NP026A,NS5B,175,P,0.148,0.214,0.066,4742,1403,True
NP026A,NS5B,175,V,0.063,0.0,0.063,4742,1403,True
NP026A,NS5B,175,F,0.042,0.0,0.042,4742,1403,True
NP026A,NS5B,175,L,99.726,99.786,0.06,4742,1403,True
NP026A,NS5B,176,N,0.102,0.0,0.102,4892,1554,True
NP026A,NS5B,176,*,0.082,0.0,0.082,4892,1554,True
NP026A,NS5B,176,C,0.123,0.129,0.006,4892,1554,True
NP026A,NS5B,176,H,0.286,0.064,0.222,4892,1554,True
NP026A,NS5B,176,Y,99.407,99.807,0.4,4892,1554,True
NP026A,NS5B,177,G,0.041,0.249,0.208,4865,1606,True
NP026A,NS5B,177,N,0.082,0.187,0.105,4865,1606,True
NP026A,NS5B,177,D,99.836,99.502,0.334,4865,1606,True
NP026A,NS5B,177,V,0.041,0.062,0.021,4865,1606,True
NP026A,NS5B,178,I,0.0,4.447,4.447,4312,1709,True
NP026A,NS5B,178,G,0.046,0.0,0.046,4312,1709,True
NP026A,NS5B,178,D,0.07,0.0,0.07,4312,1709,True
NP026A,NS5B,178,V,99.722,95.377,4.344,4312,1709,True
NP026A,NS5B,178,A,0.162,0.176,0.013,4312,1709,True
NP026A,NS5B,179,T,99.873,99.779,0.094,4737,1813,True
NP026A,NS5B,179,R,0.021,0.0,0.021,4737,1813,True
NP026A,NS5B,179,P,0.021,0.0,0.021,4737,1813,True
NP026A,NS5B,179,A,0.042,0.165,0.123,4737,1813,True
NP026A,NS5B,179,M,0.042,0.055,0.013,4737,1813,True
NP026A,NS5B,180,R,99.823,99.677,0.146,4509,1855,True
NP026A,NS5B,180,P,0.022,0.0,0.022,4509,1855,True
NP026A,NS5B,180,C,0.067,0.162,0.095,4509,1855,True
NP026A,NS5B,180,H,0.0,0.162,0.162,4509,1855,True
NP026A,NS5B,180,S,0.089,0.0,0.089,4509,1855,True
NP026A,NS5B,181,R,0.747,0.0,0.747,4416,1848,True
NP026A,NS5B,181,E,0.294,0.162,0.132,4416,1848,True
NP026A,NS5B,181,*,0.091,0.0,0.091,4416,1848,True
NP026A,NS5B,181,T,0.0,0.054,0.054,4416,1848,True
NP026A,NS5B,181,N,0.045,0.0,0.045,4416,1848,True
NP026A,NS5B,181,K,98.755,99.784,1.029,4416,1848,True
NP026A,NS5B,181,M,0.068,0.0,0.068,4416,1848,True
NP026A,NS5B,182,P,0.408,0.209,0.199,4412,1918,True
NP026A,NS5B,182,L,99.547,99.739,0.193,4412,1918,True
NP026A,NS5B,182,M,0.045,0.052,0.007,4412,1918,True
NP026A,NS5B,183,R,0.046,0.0,0.046,4354,2249,True
NP026A,NS5B,183,P,99.724,99.822,0.098,4354,2249,True
NP026A,NS5B,183,A,0.0,0.089,0.089,4354,2249,True
NP026A,NS5B,183,S,0.115,0.044,0.07,4354,2249,True
NP026A,NS5B,183,T,0.046,0.0,0.046,4354,2249,True
NP026A,NS5B,183,L,0.069,0.044,0.024,4354,2249,True
NP026A,NS5B,184,Q,0.023,0.0,0.023,4344,2316,True
NP026A,NS5B,184,P,0.184,0.13,0.055,4344,2316,True
NP026A,NS5B,184,S,0.0,0.043,0.043,4344,2316,True
NP026A,NS5B,184,L,99.793,99.827,0.034,4344,2316,True
NP026A,NS5B,185,T,0.0,0.08,0.08,4151,2490,True
NP026A,NS5B,185,E,0.0,0.04,0.04,4151,2490,True
NP026A,NS5B,185,A,99.976,99.799,0.177,4151,2490,True
NP026A,NS5B,185,V,0.024,0.08,0.056,4151,2490,True
NP026A,NS5B,186,E,0.025,0.0,0.025,4066,2419,True
NP026A,NS5B,186,V,99.803,99.876,0.073,4066,2419,True
NP026A,NS5B,186,A,0.172,0.124,0.048,4066,2419,True
NP026A,NS5B,187,L,0.049,0.0,0.049,4078,2591,True
NP026A,NS5B,187,T,0.245,0.309,0.064,4078,2591,True
NP026A,NS5B,187,I,0.294,0.27,0.024,4078,2591,True
NP026A,NS5B,187,V,0.294,0.154,0.14,4078,2591,True
NP026A,NS5B,187,K,0.074,0.0,0.074,4078,2591,True
NP026A,NS5B,187,M,99.044,99.267,0.223,4078,2591,True
NP026A,NS5B,188,R,0.0,0.189,0.189,4053,2640,True
NP026A,NS5B,188,E,0.025,0.0,0.025,4053,2640,True
NP026A,NS5B,188,G,99.975,99.811,0.165,4053,2640,True
NP026A,NS5B,189,T,0.025,0.0,0.025,4007,2781,True
NP026A,NS5B,189,R,0.05,0.0,0.05,4007,2781,True
NP026A,NS5B,189,P,99.526,99.604,0.079,4007,2781,True
NP026A,NS5B,189,S,0.2,0.0,0.2,4007,2781,True
NP026A,NS5B,189,L,0.2,0.396,0.196,4007,2781,True
NP026A,NS5B,190,G,0.025,0.0,0.025,3938,2873,True
NP026A,NS5B,190,P,0.051,0.07,0.019,3938,2873,True
NP026A,NS5B,190,A,99.619,99.722,0.102,3938,2873,True
NP026A,NS5B,190,S,0.051,0.0,0.051,3938,2873,True
NP026A,NS5B,190,T,0.178,0.104,0.073,3938,2873,True
NP026A,NS5B,190,V,0.076,0.104,0.028,3938,2873,True
NP026A,NS5B,191,*,0.0,0.034,0.034,3949,2945,True
NP026A,NS5B,191,C,0.177,0.0,0.177,3949,2945,True
NP026A,NS5B,191,F,0.0,0.068,0.068,3949,2945,True
NP026A,NS5B,191,N,0.051,0.0,0.051,3949,2945,True
NP026A,NS5B,191,H,0.177,0.204,0.026,3949,2945,True
NP026A,NS5B,191,D,0.025,0.0,0.025,3949,2945,True
NP026A,NS5B,191,Y,99.57,99.694,0.125,3949,2945,True
NP026A,NS5B,192,E,0.344,0.0,0.344,3775,3007,True
NP026A,NS5B,192,G,98.623,99.933,1.311,3775,3007,True
NP026A,NS5B,192,A,0.0,0.033,0.033,3775,3007,True
NP026A,NS5B,192,V,0.026,0.0,0.026,3775,3007,True
NP026A,NS5B,192,S,0.344,0.033,0.311,3775,3007,True
NP026A,NS5B,192,D,0.662,0.0,0.662,3775,3007,True
NP026A,NS5B,193,C,0.081,0.0,0.081,3683,3320,True
NP026A,NS5B,193,F,99.077,99.548,0.471,3683,3320,True
NP026A,NS5B,193,S,0.353,0.151,0.202,3683,3320,True
NP026A,NS5B,193,L,0.407,0.301,0.106,3683,3320,True
NP026A,NS5B,193,I,0.027,0.0,0.027,3683,3320,True
NP026A,NS5B,193,V,0.054,0.0,0.054,3683,3320,True
NP026A,NS5B,194,R,0.216,0.473,0.257,3704,3383,True
NP026A,NS5B,194,Q,99.433,99.497,0.064,3704,3383,True
NP026A,NS5B,194,P,0.054,0.0,0.054,3704,3383,True
NP026A,NS5B,194,*,0.162,0.03,0.132,3704,3383,True
NP026A,NS5B,194,L,0.081,0.0,0.081,3704,3383,True
NP026A,NS5B,194,K,0.054,0.0,0.054,3704,3383,True
NP026A,NS5B,195,*,0.055,0.0,0.055,3622,3455,True
NP026A,NS5B,195,C,0.221,0.145,0.076,3622,3455,True
NP026A,NS5B,195,H,0.304,0.116,0.188,3622,3455,True
NP026A,NS5B,195,F,0.055,0.0,0.055,3622,3455,True
NP026A,NS5B,195,Y,99.365,99.74,0.375,3622,3455,True
NP026A,NS5B,196,P,0.23,0.291,0.061,3482,3438,True
NP026A,NS5B,196,S,99.54,99.506,0.035,3482,3438,True
NP026A,NS5B,196,T,0.029,0.116,0.088,3482,3438,True
NP026A,NS5B,196,L,0.201,0.087,0.114,3482,3438,True
NP026A,NS5B,197,T,0.0,0.026,0.026,3352,3847,True
NP026A,NS5B,197,P,99.94,99.818,0.122,3352,3847,True
NP026A,NS5B,197,A,0.0,0.026,0.026,3352,3847,True
NP026A,NS5B,197,S,0.0,0.078,0.078,3352,3847,True
NP026A,NS5B,197,L,0.06,0.052,0.008,3352,3847,True
NP026A,NS5B,198,R,0.154,0.322,0.168,3240,3721,True
NP026A,NS5B,198,E,0.34,0.322,0.017,3240,3721,True
NP026A,NS5B,198,Q,0.0,0.054,0.054,3240,3721,True
NP026A,NS5B,198,*,0.093,0.0,0.093,3240,3721,True
NP026A,NS5B,198,T,0.031,0.054,0.023,3240,3721,True
NP026A,NS5B,198,K,99.321,99.221,0.1,3240,3721,True
NP026A,NS5B,198,M,0.062,0.027,0.035,3240,3721,True
NP026A,NS5B,199,R,0.22,0.261,0.041,2728,3830,True
NP026A,NS5B,199,K,0.073,0.0,0.073,2728,3830,True
NP026A,NS5B,199,Q,99.45,99.608,0.158,2728,3830,True
NP026A,NS5B,199,*,0.11,0.131,0.021,2728,3830,True
NP026A,NS5B,199,L,0.147,0.0,0.147,2728,3830,True
NP026A,NS5B,200,R,99.185,99.666,0.481,2453,3894,True
NP026A,NS5B,200,C,0.082,0.205,0.124,2453,3894,True
NP026A,NS5B,200,H,0.734,0.128,0.605,2453,3894,True
NP026A,NS5B,201,E,0.133,0.0,0.133,2249,3712,True
NP026A,NS5B,201,G,0.044,0.0,0.044,2249,3712,True
NP026A,NS5B,201,L,0.089,0.027,0.062,2249,3712,True
NP026A,NS5B,201,V,99.378,99.569,0.191,2249,3712,True
NP026A,NS5B,201,A,0.311,0.269,0.042,2249,3712,True
NP026A,NS5B,201,M,0.044,0.135,0.09,2249,3712,True
NP026A,NS5B,202,E,99.367,99.481,0.114,2212,3664,True
NP026A,NS5B,202,G,0.497,0.355,0.142,2212,3664,True
NP026A,NS5B,202,Q,0.045,0.0,0.045,2212,3664,True
NP026A,NS5B,202,K,0.045,0.027,0.018,2212,3664,True
NP026A,NS5B,202,D,0.0,0.082,0.082,2212,3664,True
NP026A,NS5B,202,V,0.045,0.055,0.009,2212,3664,True
NP026A,NS5B,203,R,99.798,99.794,0.004,2474,3875,True
NP026A,NS5B,203,C,0.081,0.103,0.022,2474,3875,True
NP026A,NS5B,203,S,0.04,0.0,0.04,2474,3875,True
NP026A,NS5B,203,H,0.081,0.077,0.003,2474,3875,True
NP026A,NS5B,203,L,0.0,0.026,0.026,2474,3875,True
NP026A,NS5B,204,R,0.086,0.0,0.086,2333,3636,True
NP026A,NS5B,204,P,0.129,0.495,0.366,2333,3636,True
NP026A,NS5B,204,F,0.086,0.22,0.134,2333,3636,True
NP026A,NS5B,204,L,99.4,99.202,0.197,2333,3636,True
NP026A,NS5B,204,I,0.043,0.028,0.015,2333,3636,True
NP026A,NS5B,204,H,0.129,0.0,0.129,2333,3636,True
NP026A,NS5B,204,V,0.129,0.028,0.101,2333,3636,True
NP026A,NS5B,204,Y,0.0,0.028,0.028,2333,3636,True
NP026A,NS5B,205,R,0.0,0.024,0.024,2486,4239,True
NP026A,NS5B,205,P,0.241,0.189,0.053,2486,4239,True
NP026A,NS5B,205,F,0.0,0.165,0.165,2486,4239,True
NP026A,NS5B,205,H,0.04,0.047,0.007,2486,4239,True
NP026A,NS5B,205,L,99.718,99.575,0.143,2486,4239,True
NP026A,NS5B,206,R,0.805,0.362,0.443,2484,4414,True
NP026A,NS5B,206,Q,99.034,99.298,0.264,2484,4414,True
NP026A,NS5B,206,P,0.0,0.023,0.023,2484,4414,True
NP026A,NS5B,206,*,0.04,0.249,0.209,2484,4414,True
NP026A,NS5B,206,K,0.0,0.023,0.023,2484,4414,True
NP026A,NS5B,206,H,0.0,0.045,0.045,2484,4414,True
NP026A,NS5B,206,L,0.121,0.0,0.121,2484,4414,True
NP026A,NS5B,207,L,0.0,0.091,0.091,2346,4418,True
NP026A,NS5B,207,T,0.213,0.226,0.013,2346,4418,True
NP026A,NS5B,207,I,0.171,0.136,0.035,2346,4418,True
NP026A,NS5B,207,V,0.298,0.34,0.041,2346,4418,True
NP026A,NS5B,207,K,0.128,0.045,0.083,2346,4418,True
NP026A,NS5B,207,M,99.19,99.163,0.028,2346,4418,True
NP026A,NS5B,208,R,0.293,0.316,0.023,2045,4109,True
NP026A,NS5B,208,G,0.049,0.073,0.024,2045,4109,True
NP026A,NS5B,208,*,0.049,0.097,0.048,2045,4109,True
NP026A,NS5B,208,C,0.0,0.049,0.049,2045,4109,True
NP026A,NS5B,208,W,99.609,99.465,0.144,2045,4109,True
NP026A,NS5B,209,R,99.652,99.267,0.384,2009,4367,True
NP026A,NS5B,209,G,0.0,0.527,0.527,2009,4367,True
NP026A,NS5B,209,P,0.0,0.046,0.046,2009,4367,True
NP026A,NS5B,209,C,0.199,0.046,0.153,2009,4367,True
NP026A,NS5B,209,S,0.1,0.069,0.031,2009,4367,True
NP026A,NS5B,209,H,0.05,0.046,0.004,2009,4367,True
NP026A,NS5B,210,E,0.0,0.093,0.093,1873,4293,True
NP026A,NS5B,210,P,0.0,0.023,0.023,1873,4293,True
NP026A,NS5B,210,A,99.786,99.534,0.252,1873,4293,True
NP026A,NS5B,210,S,0.0,0.023,0.023,1873,4293,True
NP026A,NS5B,210,T,0.107,0.233,0.126,1873,4293,True
NP026A,NS5B,210,V,0.107,0.093,0.014,1873,4293,True
NP026A,NS5B,211,R,0.872,0.321,0.551,1834,4355,True
NP026A,NS5B,211,E,1.799,0.321,1.478,1834,4355,True
NP026A,NS5B,211,Q,0.0,0.069,0.069,1834,4355,True
NP026A,NS5B,211,*,0.218,0.0,0.218,1834,4355,True
NP026A,NS5B,211,T,0.109,0.0,0.109,1834,4355,True
NP026A,NS5B,211,K,97.001,99.219,2.218,1834,4355,True
NP026A,NS5B,211,M,0.0,0.069,0.069,1834,4355,True
NP026B,NS5B,163,P,99.823,100.0,0.177,10198,108,True
NP026B,NS5B,163,S,0.02,0.0,0.02,10198,108,True
NP026B,NS5B,163,A,0.02,0.0,0.02,10198,108,True
NP026B,NS5B,163,H,0.049,0.0,0.049,10198,108,True
NP026B,NS5B,163,L,0.088,0.0,0.088,10198,108,True
NP026B,NS5B,164,N,0.059,0.0,0.059,10244,115,True
NP026B,NS5B,164,G,0.205,0.0,0.205,10244,115,True
NP026B,NS5B,164,A,0.01,0.0,0.01,10244,115,True
NP026B,NS5B,164,V,0.039,0.0,0.039,10244,115,True
NP026B,NS5B,164,H,0.01,0.0,0.01,10244,115,True
NP026B,NS5B,164,D,99.639,100.0,0.361,10244,115,True
NP026B,NS5B,164,Y,0.039,0.0,0.039,10244,115,True
NP026B,NS5B,165,R,0.069,0.0,0.069,10075,140,True
NP026B,NS5B,165,Q,0.069,0.0,0.069,10075,140,True
NP026B,NS5B,165,P,0.377,0.714,0.337,10075,140,True
NP026B,NS5B,165,L,99.484,99.286,0.198,10075,140,True
NP026B,NS5B,166,R,0.247,0.0,0.247,10135,191,True
NP026B,NS5B,166,E,0.049,0.0,0.049,10135,191,True
NP026B,NS5B,166,G,99.655,100.0,0.345,10135,191,True
NP026B,NS5B,166,A,0.02,0.0,0.02,10135,191,True
NP026B,NS5B,166,V,0.03,0.0,0.03,10135,191,True
NP026B,NS5B,167,E,0.01,0.0,0.01,10309,295,True
NP026B,NS5B,167,I,0.087,0.0,0.087,10309,295,True
NP026B,NS5B,167,A,0.146,0.339,0.193,10309,295,True
NP026B,NS5B,167,V,99.728,99.661,0.067,10309,295,True
NP026B,NS5B,167,L,0.029,0.0,0.029,10309,295,True
NP026B,NS5B,168,R,99.641,99.687,0.046,10021,319,True
NP026B,NS5B,168,T,0.02,0.0,0.02,10021,319,True
NP026B,NS5B,168,G,0.279,0.0,0.279,10021,319,True
NP026B,NS5B,168,W,0.01,0.313,0.304,10021,319,True
NP026B,NS5B,168,K,0.05,0.0,0.05,10021,319,True
NP026B,NS5B,169,E,0.011,0.0,0.011,9323,415,True
NP026B,NS5B,169,A,0.386,0.964,0.578,9323,415,True
NP026B,NS5B,169,V,99.507,98.795,0.711,9323,415,True
NP026B,NS5B,169,L,0.011,0.0,0.011,9323,415,True
NP026B,NS5B,169,M,0.086,0.241,0.155,9323,415,True
NP026B,NS5B,170,R,0.246,0.428,0.183,9364,467,True
NP026B,NS5B,170,W,0.021,0.0,0.021,9364,467,True
NP026B,NS5B,170,C,99.541,99.572,0.031,9364,467,True
NP026B,NS5B,170,*,0.021,0.0,0.021,9364,467,True
NP026B,NS5B,170,S,0.032,0.0,0.032,9364,467,True
NP026B,NS5B,170,Y,0.139,0.0,0.139,9364,467,True
NP026B,NS5B,171,E,99.375,99.793,0.418,9120,484,True
NP026B,NS5B,171,G,0.296,0.0,0.296,9120,484,True
NP026B,NS5B,171,Q,0.022,0.0,0.022,9120,484,True
NP026B,NS5B,171,*,0.022,0.0,0.022,9120,484,True
NP026B,NS5B,171,K,0.154,0.207,0.053,9120,484,True
NP026B,NS5B,171,V,0.11,0.0,0.11,9120,484,True
NP026B,NS5B,171,D,0.022,0.0,0.022,9120,484,True
NP026B,NS5B,172,R,0.266,0.0,0.266,9026,497,True
NP026B,NS5B,172,E,0.565,0.604,0.039,9026,497,True
NP026B,NS5B,172,*,0.078,0.0,0.078,9026,497,True
NP026B,NS5B,172,T,0.011,0.0,0.011,9026,497,True
NP026B,NS5B,172,N,0.033,0.0,0.033,9026,497,True
NP026B,NS5B,172,K,99.025,99.396,0.371,9026,497,True
NP026B,NS5B,172,M,0.022,0.0,0.022,9026,497,True
NP026B,NS5B,173,R,99.664,99.69,0.026,8920,645,True
NP026B,NS5B,173,Q,0.202,0.0,0.202,8920,645,True
NP026B,NS5B,173,P,0.045,0.31,0.265,8920,645,True
NP026B,NS5B,173,W,0.056,0.0,0.056,8920,645,True
NP026B,NS5B,173,L,0.034,0.0,0.034,8920,645,True
NP026B,NS5B,174,T,0.022,0.274,0.251,8929,731,True
NP026B,NS5B,174,G,0.056,0.0,0.056,8929,731,True
NP026B,NS5B,174,P,0.056,0.0,0.056,8929,731,True
NP026B,NS5B,174,V,0.168,0.0,0.168,8929,731,True
NP026B,NS5B,174,A,99.698,99.726,0.029,8929,731,True
NP026B,NS5B,175,R,0.045,0.0,0.045,8956,1832,True
NP026B,NS5B,175,P,0.469,0.164,0.305,8956,1832,True
NP026B,NS5B,175,F,0.045,0.0,0.045,8956,1832,True
NP026B,NS5B,175,L,99.308,99.836,0.529,8956,1832,True
NP026B,NS5B,175,I,0.022,0.0,0.022,8956,1832,True
NP026B,NS5B,175,H,0.078,0.0,0.078,8956,1832,True
NP026B,NS5B,175,V,0.033,0.0,0.033,8956,1832,True
NP026B,NS5B,176,*,0.011,0.0,0.011,9226,1898,True
NP026B,NS5B,176,C,0.141,0.158,0.017,9226,1898,True
NP026B,NS5B,176,F,0.033,0.053,0.02,9226,1898,True
NP026B,NS5B,176,N,0.033,0.0,0.033,9226,1898,True
NP026B,NS5B,176,H,0.087,0.211,0.124,9226,1898,True
NP026B,NS5B,176,D,0.011,0.0,0.011,9226,1898,True
NP026B,NS5B,176,Y,99.686,99.579,0.107,9226,1898,True
NP026B,NS5B,177,E,0.067,0.0,0.067,8957,1928,True
NP026B,NS5B,177,G,0.313,0.156,0.157,8957,1928,True
NP026B,NS5B,177,A,0.0,0.052,0.052,8957,1928,True
NP026B,NS5B,177,N,0.078,0.104,0.026,8957,1928,True
NP026B,NS5B,177,D,99.464,99.689,0.225,8957,1928,True
NP026B,NS5B,177,H,0.022,0.0,0.022,8957,1928,True
NP026B,NS5B,177,V,0.033,0.0,0.033,8957,1928,True
NP026B,NS5B,177,Y,0.022,0.0,0.022,8957,1928,True
NP026B,NS5B,178,G,0.037,0.0,0.037,8138,2074,True
NP026B,NS5B,178,A,0.393,0.434,0.041,8138,2074,True
NP026B,NS5B,178,L,0.0,0.096,0.096,8138,2074,True
NP026B,NS5B,178,T,0.172,0.0,0.172,8138,2074,True
NP026B,NS5B,178,N,0.037,0.0,0.037,8138,2074,True
NP026B,NS5B,178,I,34.701,8.631,26.071,8138,2074,True
NP026B,NS5B,178,V,64.635,90.839,26.204,8138,2074,True
NP026B,NS5B,178,D,0.025,0.0,0.025,8138,2074,True
NP026B,NS5B,179,T,99.58,99.593,0.013,8564,2209,True
NP026B,NS5B,179,R,0.035,0.0,0.035,8564,2209,True
NP026B,NS5B,179,P,0.035,0.0,0.035,8564,2209,True
NP026B,NS5B,179,A,0.234,0.272,0.038,8564,2209,True
NP026B,NS5B,179,M,0.117,0.136,0.019,8564,2209,True
NP026B,NS5B,180,R,99.506,99.268,0.238,8299,2321,True
NP026B,NS5B,180,G,0.036,0.0,0.036,8299,2321,True
NP026B,NS5B,180,P,0.0,0.129,0.129,8299,2321,True
NP026B,NS5B,180,C,0.169,0.302,0.133,8299,2321,True
NP026B,NS5B,180,H,0.205,0.302,0.097,8299,2321,True
NP026B,NS5B,180,L,0.084,0.0,0.084,8299,2321,True
NP026B,NS5B,181,R,0.435,0.174,0.261,8043,2293,True
NP026B,NS5B,181,E,0.149,0.262,0.112,8043,2293,True
NP026B,NS5B,181,*,0.025,0.044,0.019,8043,2293,True
NP026B,NS5B,181,T,0.249,0.0,0.249,8043,2293,True
NP026B,NS5B,181,N,0.062,0.0,0.062,8043,2293,True
NP026B,NS5B,181,K,99.018,99.433,0.415,8043,2293,True
NP026B,NS5B,181,M,0.062,0.087,0.025,8043,2293,True
NP026B,NS5B,182,R,0.012,0.0,0.012,8053,2467,True
NP026B,NS5B,182,Q,0.025,0.0,0.025,8053,2467,True
NP026B,NS5B,182,P,0.286,0.446,0.16,8053,2467,True
NP026B,NS5B,182,L,99.677,99.433,0.245,8053,2467,True
NP026B,NS5B,182,M,0.0,0.122,0.122,8053,2467,True
NP026B,NS5B,183,R,0.0,0.037,0.037,7672,2667,True
NP026B,NS5B,183,P,99.778,99.85,0.072,7672,2667,True
NP026B,NS5B,183,S,0.065,0.075,0.01,7672,2667,True
NP026B,NS5B,183,L,0.091,0.0,0.091,7672,2667,True
NP026B,NS5B,183,T,0.026,0.037,0.011,7672,2667,True
NP026B,NS5B,183,A,0.039,0.0,0.039,7672,2667,True
NP026B,NS5B,184,R,0.064,0.0,0.064,7763,2721,True
NP026B,NS5B,184,Q,0.077,0.11,0.033,7763,2721,True
NP026B,NS5B,184,P,0.464,0.698,0.235,7763,2721,True
NP026B,NS5B,184,V,0.0,0.037,0.037,7763,2721,True
NP026B,NS5B,184,L,99.343,99.155,0.188,7763,2721,True
NP026B,NS5B,184,M,0.052,0.0,0.052,7763,2721,True
NP026B,NS5B,185,T,0.106,0.0,0.106,7553,2866,True
NP026B,NS5B,185,E,0.079,0.0,0.079,7553,2866,True
NP026B,NS5B,185,G,0.026,0.0,0.026,7553,2866,True
NP026B,NS5B,185,V,0.119,0.14,0.02,7553,2866,True
NP026B,NS5B,185,S,0.026,0.0,0.026,7553,2866,True
NP026B,NS5B,185,A,99.643,99.86,0.218,7553,2866,True
NP026B,NS5B,186,E,0.0,0.103,0.103,7384,2903,True
NP026B,NS5B,186,I,0.298,0.0,0.298,7384,2903,True
NP026B,NS5B,186,V,99.472,99.759,0.287,7384,2903,True
NP026B,NS5B,186,A,0.23,0.138,0.092,7384,2903,True
NP026B,NS5B,187,R,0.041,0.0,0.041,7296,3050,True
NP026B,NS5B,187,T,0.164,0.164,0.001,7296,3050,True
NP026B,NS5B,187,I,0.123,0.066,0.058,7296,3050,True
NP026B,NS5B,187,K,0.0,0.066,0.066,7296,3050,True
NP026B,NS5B,187,V,0.288,0.492,0.204,7296,3050,True
NP026B,NS5B,187,M,99.383,99.213,0.17,7296,3050,True
NP026B,NS5B,188,R,0.128,0.032,0.096,7036,3122,True
NP026B,NS5B,188,E,0.028,0.064,0.036,7036,3122,True
NP026B,NS5B,188,G,99.844,99.84,0.004,7036,3122,True
NP026B,NS5B,188,V,0.0,0.064,0.064,7036,3122,True
NP026B,NS5B,189,Q,0.0,0.031,0.031,6685,3231,True
NP026B,NS5B,189,P,99.686,99.536,0.15,6685,3231,True
NP026B,NS5B,189,S,0.209,0.124,0.086,6685,3231,True
NP026B,NS5B,189,T,0.06,0.0,0.06,6685,3231,True
NP026B,NS5B,189,L,0.045,0.31,0.265,6685,3231,True
NP026B,NS5B,190,P,0.03,0.0,0.03,6633,3439,True
NP026B,NS5B,190,A,99.638,99.302,0.336,6633,3439,True
NP026B,NS5B,190,S,0.03,0.029,0.001,6633,3439,True
NP026B,NS5B,190,T,0.06,0.494,0.434,6633,3439,True
NP026B,NS5B,190,D,0.0,0.058,0.058,6633,3439,True
NP026B,NS5B,190,V,0.241,0.116,0.125,6633,3439,True
NP026B,NS5B,191,N,0.032,0.0,0.032,6315,3508,True
NP026B,NS5B,191,C,0.206,0.2,0.006,6315,3508,True
NP026B,NS5B,191,H,0.158,0.342,0.184,6315,3508,True
NP026B,NS5B,191,S,0.016,0.0,0.016,6315,3508,True
NP026B,NS5B,191,Y,99.588,99.458,0.13,6315,3508,True
NP026B,NS5B,192,E,0.034,0.0,0.034,5954,3970,True
NP026B,NS5B,192,G,99.748,99.723,0.025,5954,3970,True
NP026B,NS5B,192,S,0.134,0.202,0.067,5954,3970,True
NP026B,NS5B,192,D,0.067,0.05,0.017,5954,3970,True
NP026B,NS5B,192,A,0.017,0.025,0.008,5954,3970,True
NP026B,NS5B,193,F,99.424,99.401,0.023,5037,4340,True
NP026B,NS5B,193,S,0.338,0.346,0.008,5037,4340,True
NP026B,NS5B,193,I,0.0,0.069,0.069,5037,4340,True
NP026B,NS5B,193,L,0.199,0.184,0.014,5037,4340,True
NP026B,NS5B,193,Y,0.04,0.0,0.04,5037,4340,True
NP026B,NS5B,194,R,0.336,0.271,0.065,5059,4433,True
NP026B,NS5B,194,Q,99.031,99.594,0.563,5059,4433,True
NP026B,NS5B,194,P,0.0,0.045,0.045,5059,4433,True
NP026B,NS5B,194,*,0.455,0.023,0.432,5059,4433,True
NP026B,NS5B,194,L,0.059,0.023,0.037,5059,4433,True
NP026B,NS5B,194,H,0.079,0.0,0.079,5059,4433,True
NP026B,NS5B,194,K,0.04,0.045,0.006,5059,4433,True
NP026B,NS5B,195,S,0.041,0.0,0.041,4929,4530,True
NP026B,NS5B,195,C,0.325,0.199,0.126,4929,4530,True
NP026B,NS5B,195,H,0.203,0.088,0.115,4929,4530,True
NP026B,NS5B,195,F,0.041,0.0,0.041,4929,4530,True
NP026B,NS5B,195,Y,99.391,99.713,0.322,4929,4530,True
NP026B,NS5B,196,P,0.75,0.339,0.41,4535,4421,True
NP026B,NS5B,196,*,0.022,0.0,0.022,4535,4421,True
NP026B,NS5B,196,A,0.0,0.023,0.023,4535,4421,True
NP026B,NS5B,196,S,98.942,99.57,0.629,4535,4421,True
NP026B,NS5B,196,T,0.066,0.068,0.002,4535,4421,True
NP026B,NS5B,196,W,0.088,0.0,0.088,4535,4421,True
NP026B,NS5B,196,L,0.132,0.0,0.132,4535,4421,True
NP026B,NS5B,197,P,99.153,99.548,0.395,4132,5091,True
NP026B,NS5B,197,A,0.0,0.137,0.137,4132,5091,True
NP026B,NS5B,197,S,0.532,0.059,0.474,4132,5091,True
NP026B,NS5B,197,T,0.145,0.079,0.067,4132,5091,True
NP026B,NS5B,197,H,0.024,0.039,0.015,4132,5091,True
NP026B,NS5B,197,L,0.145,0.137,0.008,4132,5091,True
NP026B,NS5B,198,R,0.514,0.223,0.291,3890,4925,True
NP026B,NS5B,198,E,0.257,0.061,0.196,3890,4925,True
NP026B,NS5B,198,T,0.0,0.061,0.061,3890,4925,True
NP026B,NS5B,198,K,99.152,99.635,0.483,3890,4925,True
NP026B,NS5B,198,M,0.077,0.02,0.057,3890,4925,True
NP026B,NS5B,199,R,0.421,0.812,0.391,3799,5051,True
NP026B,NS5B,199,E,0.053,0.02,0.033,3799,5051,True
NP026B,NS5B,199,Q,99.237,99.01,0.227,3799,5051,True
NP026B,NS5B,199,*,0.0,0.04,0.04,3799,5051,True
NP026B,NS5B,199,K,0.0,0.079,0.079,3799,5051,True
NP026B,NS5B,199,H,0.184,0.0,0.184,3799,5051,True
NP026B,NS5B,199,L,0.105,0.04,0.066,3799,5051,True
NP026B,NS5B,200,R,98.859,99.747,0.889,3680,5148,True
NP026B,NS5B,200,G,0.462,0.0,0.462,3680,5148,True
NP026B,NS5B,200,P,0.027,0.0,0.027,3680,5148,True
NP026B,NS5B,200,C,0.082,0.039,0.043,3680,5148,True
NP026B,NS5B,200,S,0.109,0.0,0.109,3680,5148,True
NP026B,NS5B,200,H,0.408,0.214,0.194,3680,5148,True
NP026B,NS5B,200,L,0.054,0.0,0.054,3680,5148,True
NP026B,NS5B,201,G,0.088,0.058,0.03,3417,5171,True
NP026B,NS5B,201,L,0.059,0.0,0.059,3417,5171,True
NP026B,NS5B,201,I,0.263,0.039,0.225,3417,5171,True
NP026B,NS5B,201,D,0.0,0.039,0.039,3417,5171,True
NP026B,NS5B,201,V,99.356,99.575,0.218,3417,5171,True
NP026B,NS5B,201,A,0.234,0.213,0.021,3417,5171,True
NP026B,NS5B,201,M,0.0,0.077,0.077,3417,5171,True
NP026B,NS5B,202,E,99.446,99.486,0.04,3248,5249,True
NP026B,NS5B,202,G,0.462,0.267,0.195,3248,5249,True
NP026B,NS5B,202,L,0.062,0.0,0.062,3248,5249,True
NP026B,NS5B,202,K,0.0,0.152,0.152,3248,5249,True
NP026B,NS5B,202,D,0.0,0.095,0.095,3248,5249,True
NP026B,NS5B,202,A,0.031,0.0,0.031,3248,5249,True
NP026B,NS5B,203,R,99.751,99.548,0.203,3218,5312,True
NP026B,NS5B,203,C,0.124,0.264,0.139,3218,5312,True
NP026B,NS5B,203,S,0.0,0.019,0.019,3218,5312,True
NP026B,NS5B,203,H,0.124,0.132,0.007,3218,5312,True
NP026B,NS5B,203,L,0.0,0.038,0.038,3218,5312,True
NP026B,NS5B,204,R,0.032,0.019,0.013,3140,5213,True
NP026B,NS5B,204,P,0.318,0.499,0.18,3140,5213,True
NP026B,NS5B,204,F,0.0,0.058,0.058,3140,5213,True
NP026B,NS5B,204,I,0.064,0.038,0.025,3140,5213,True
NP026B,NS5B,204,H,0.0,0.038,0.038,3140,5213,True
NP026B,NS5B,204,L,99.586,99.348,0.238,3140,5213,True
NP026B,NS5B,205,R,0.0,0.017,0.017,3199,5778,True
NP026B,NS5B,205,P,0.125,0.606,0.481,3199,5778,True
NP026B,NS5B,205,F,0.188,0.052,0.136,3199,5778,True
NP026B,NS5B,205,V,0.0,0.035,0.035,3199,5778,True
NP026B,NS5B,205,H,0.031,0.017,0.014,3199,5778,True
NP026B,NS5B,205,L,99.656,99.273,0.383,3199,5778,True
NP026B,NS5B,206,R,0.501,0.247,0.254,3193,6467,True
NP026B,NS5B,206,E,0.031,0.0,0.031,3193,6467,True
NP026B,NS5B,206,Q,99.311,99.211,0.1,3193,6467,True
NP026B,NS5B,206,*,0.125,0.186,0.06,3193,6467,True
NP026B,NS5B,206,L,0.0,0.093,0.093,3193,6467,True
NP026B,NS5B,206,H,0.031,0.232,0.201,3193,6467,True
NP026B,NS5B,206,K,0.0,0.031,0.031,3193,6467,True
NP026B,NS5B,207,L,0.065,0.062,0.003,3076,6441,True
NP026B,NS5B,207,T,0.13,0.155,0.025,3076,6441,True
NP026B,NS5B,207,I,0.065,0.062,0.003,3076,6441,True
NP026B,NS5B,207,K,0.098,0.031,0.066,3076,6441,True
NP026B,NS5B,207,V,0.455,0.233,0.222,3076,6441,True
NP026B,NS5B,207,M,99.187,99.457,0.269,3076,6441,True
NP026B,NS5B,208,R,0.553,0.372,0.181,2533,5912,True
NP026B,NS5B,208,G,0.039,0.034,0.006,2533,5912,True
NP026B,NS5B,208,*,0.0,0.068,0.068,2533,5912,True
NP026B,NS5B,208,C,0.0,0.034,0.034,2533,5912,True
NP026B,NS5B,208,W,99.408,99.493,0.085,2533,5912,True
NP026B,NS5B,209,R,98.949,99.71,0.761,2475,6210,True
NP026B,NS5B,209,G,0.081,0.032,0.049,2475,6210,True
NP026B,NS5B,209,P,0.162,0.032,0.129,2475,6210,True
NP026B,NS5B,209,C,0.202,0.145,0.057,2475,6210,True
NP026B,NS5B,209,S,0.444,0.0,0.444,2475,6210,True
NP026B,NS5B,209,H,0.162,0.081,0.081,2475,6210,True
NP026B,NS5B,210,E,0.0,0.016,0.016,2362,6139,True
NP026B,NS5B,210,P,0.085,0.0,0.085,2362,6139,True
NP026B,NS5B,210,A,99.619,99.805,0.186,2362,6139,True
NP026B,NS5B,210,S,0.0,0.098,0.098,2362,6139,True
NP026B,NS5B,210,T,0.212,0.049,0.163,2362,6139,True
NP026B,NS5B,210,V,0.085,0.033,0.052,2362,6139,True
NP026B,NS5B,211,R,0.559,0.299,0.26,2324,6347,True
NP026B,NS5B,211,E,0.344,0.394,0.05,2324,6347,True
NP026B,NS5B,211,*,0.129,0.032,0.098,2324,6347,True
NP026B,NS5B,211,K,98.967,99.275,0.308,2324,6347,True
NP029A,NS5B,162,N,0.017,0.0,0.017,5772,112,True
NP029A,NS5B,162,H,0.173,0.0,0.173,5772,112,True
NP029A,NS5B,162,C,0.087,0.0,0.087,5772,112,True
NP029A,NS5B,162,*,0.069,0.0,0.069,5772,112,True
NP029A,NS5B,162,F,0.035,0.0,0.035,5772,112,True
NP029A,NS5B,162,Y,99.619,100.0,0.381,5772,112,True
NP029A,NS5B,163,P,99.819,100.0,0.181,4970,149,True
NP029A,NS5B,163,A,0.02,0.0,0.02,4970,149,True
NP029A,NS5B,163,S,0.101,0.0,0.101,4970,149,True
NP029A,NS5B,163,L,0.06,0.0,0.06,4970,149,True
NP029A,NS5B,164,E,0.04,0.0,0.04,5008,163,True
NP029A,NS5B,164,G,0.379,1.84,1.461,5008,163,True
NP029A,NS5B,164,N,0.04,0.0,0.04,5008,163,True
NP029A,NS5B,164,D,99.421,94.479,4.942,5008,163,True
NP029A,NS5B,164,V,0.06,0.0,0.06,5008,163,True
NP029A,NS5B,164,H,0.04,0.0,0.04,5008,163,True
NP029A,NS5B,164,A,0.02,0.0,0.02,5008,163,True
NP029A,NS5B,164,Y,0.0,3.681,3.681,5008,163,True
NP029A,NS5B,165,R,0.04,0.0,0.04,4959,174,True
NP029A,NS5B,165,Q,0.04,0.0,0.04,4959,174,True
NP029A,NS5B,165,P,0.202,1.724,1.522,4959,174,True
NP029A,NS5B,165,L,99.718,98.276,1.442,4959,174,True
NP029A,NS5B,166,R,0.04,0.806,0.767,5010,248,True
NP029A,NS5B,166,E,0.04,0.403,0.363,5010,248,True
NP029A,NS5B,166,G,99.84,98.79,1.05,5010,248,True
NP029A,NS5B,166,W,0.08,0.0,0.08,5010,248,True
NP029A,NS5B,167,I,0.093,0.0,0.093,5394,429,True
NP029A,NS5B,167,G,0.019,0.0,0.019,5394,429,True
NP029A,NS5B,167,A,0.204,0.0,0.204,5394,429,True
NP029A,NS5B,167,V,99.666,100.0,0.334,5394,429,True
NP029A,NS5B,167,L,0.019,0.0,0.019,5394,429,True
NP029A,NS5B,168,R,99.471,99.766,0.296,5290,428,True
NP029A,NS5B,168,G,0.302,0.0,0.302,5290,428,True
NP029A,NS5B,168,C,0.019,0.0,0.019,5290,428,True
NP029A,NS5B,168,S,0.038,0.0,0.038,5290,428,True
NP029A,NS5B,168,W,0.019,0.234,0.215,5290,428,True
NP029A,NS5B,168,K,0.095,0.0,0.095,5290,428,True
NP029A,NS5B,168,M,0.057,0.0,0.057,5290,428,True
NP029A,NS5B,169,E,0.041,0.0,0.041,4859,596,True
NP029A,NS5B,169,A,0.082,0.336,0.253,4859,596,True
NP029A,NS5B,169,V,99.794,99.664,0.13,4859,596,True
NP029A,NS5B,169,L,0.041,0.0,0.041,4859,596,True
NP029A,NS5B,169,M,0.041,0.0,0.041,4859,596,True
NP029A,NS5B,170,R,0.386,0.281,0.104,4927,711,True
NP029A,NS5B,170,G,0.041,0.141,0.1,4927,711,True
NP029A,NS5B,170,*,0.02,0.0,0.02,4927,711,True
NP029A,NS5B,170,C,99.188,99.015,0.173,4927,711,True
NP029A,NS5B,170,F,0.02,0.281,0.261,4927,711,True
NP029A,NS5B,170,S,0.122,0.0,0.122,4927,711,True
NP029A,NS5B,170,Y,0.223,0.281,0.058,4927,711,True
NP029A,NS5B,171,E,99.452,100.0,0.548,4748,733,True
NP029A,NS5B,171,K,0.126,0.0,0.126,4748,733,True
NP029A,NS5B,171,G,0.274,0.0,0.274,4748,733,True
NP029A,NS5B,171,*,0.021,0.0,0.021,4748,733,True
NP029A,NS5B,171,A,0.084,0.0,0.084,4748,733,True
NP029A,NS5B,171,V,0.042,0.0,0.042,4748,733,True
NP029A,NS5B,172,R,0.341,0.0,0.341,4693,718,True
NP029A,NS5B,172,E,0.32,0.279,0.041,4693,718,True
NP029A,NS5B,172,N,0.043,0.0,0.043,4693,718,True
NP029A,NS5B,172,Q,0.021,0.0,0.021,4693,718,True
NP029A,NS5B,172,K,99.276,99.721,0.446,4693,718,True
NP029A,NS5B,173,R,99.282,99.783,0.502,4593,923,True
NP029A,NS5B,173,G,0.044,0.0,0.044,4593,923,True
NP029A,NS5B,173,Q,0.544,0.217,0.328,4593,923,True
NP029A,NS5B,173,P,0.065,0.0,0.065,4593,923,True
NP029A,NS5B,173,*,0.065,0.0,0.065,4593,923,True
NP029A,NS5B,174,T,0.0,0.098,0.098,4739,1023,True
NP029A,NS5B,174,P,0.021,0.0,0.021,4739,1023,True
NP029A,NS5B,174,A,99.831,99.902,0.071,4739,1023,True
NP029A,NS5B,174,V,0.148,0.0,0.148,4739,1023,True
NP029A,NS5B,175,R,0.0,0.149,0.149,4744,1341,True
NP029A,NS5B,175,P,0.337,0.746,0.408,4744,1341,True
NP029A,NS5B,175,F,0.105,0.075,0.031,4744,1341,True
NP029A,NS5B,175,L,99.557,99.031,0.527,4744,1341,True
NP029A,NS5B,176,N,0.062,0.0,0.062,4830,1399,True
NP029A,NS5B,176,C,0.269,0.357,0.088,4830,1399,True
NP029A,NS5B,176,H,0.228,0.429,0.201,4830,1399,True
NP029A,NS5B,176,F,0.021,0.0,0.021,4830,1399,True
NP029A,NS5B,176,Y,99.42,99.214,0.207,4830,1399,True
NP029A,NS5B,177,G,0.298,0.147,0.151,4703,1359,True
NP029A,NS5B,177,N,0.234,0.147,0.087,4703,1359,True
NP029A,NS5B,177,D,99.213,99.632,0.419,4703,1359,True
NP029A,NS5B,177,V,0.17,0.0,0.17,4703,1359,True
NP029A,NS5B,177,H,0.021,0.0,0.021,4703,1359,True
NP029A,NS5B,177,A,0.021,0.074,0.052,4703,1359,True
NP029A,NS5B,177,Y,0.043,0.0,0.043,4703,1359,True
NP029A,NS5B,178,L,0.046,0.136,0.09,4373,1473,True
NP029A,NS5B,178,I,0.137,0.475,0.338,4373,1473,True
NP029A,NS5B,178,V,99.52,98.846,0.674,4373,1473,True
NP029A,NS5B,178,A,0.297,0.543,0.246,4373,1473,True
NP029A,NS5B,179,T,99.705,99.603,0.102,4412,1512,True
NP029A,NS5B,179,A,0.227,0.397,0.17,4412,1512,True
NP029A,NS5B,179,M,0.068,0.0,0.068,4412,1512,True
NP029A,NS5B,180,R,99.583,99.422,0.161,4313,1557,True
NP029A,NS5B,180,G,0.0,0.128,0.128,4313,1557,True
NP029A,NS5B,180,P,0.023,0.0,0.023,4313,1557,True
NP029A,NS5B,180,C,0.093,0.064,0.029,4313,1557,True
NP029A,NS5B,180,S,0.046,0.0,0.046,4313,1557,True
NP029A,NS5B,180,H,0.255,0.385,0.13,4313,1557,True
NP029A,NS5B,181,R,0.358,0.654,0.296,4187,1529,True
NP029A,NS5B,181,E,0.31,0.131,0.18,4187,1529,True
NP029A,NS5B,181,Q,0.096,0.0,0.096,4187,1529,True
NP029A,NS5B,181,K,99.164,99.084,0.08,4187,1529,True
NP029A,NS5B,181,M,0.072,0.131,0.059,4187,1529,True
NP029A,NS5B,182,Q,0.0,0.06,0.06,4145,1656,True
NP029A,NS5B,182,P,0.169,0.06,0.108,4145,1656,True
NP029A,NS5B,182,V,0.048,0.06,0.012,4145,1656,True
NP029A,NS5B,182,L,99.783,99.819,0.036,4145,1656,True
NP029A,NS5B,183,R,0.025,0.056,0.031,4012,1783,True
NP029A,NS5B,183,P,99.601,99.72,0.118,4012,1783,True
NP029A,NS5B,183,S,0.15,0.0,0.15,4012,1783,True
NP029A,NS5B,183,L,0.125,0.168,0.044,4012,1783,True
NP029A,NS5B,183,H,0.05,0.056,0.006,4012,1783,True
NP029A,NS5B,183,A,0.05,0.0,0.05,4012,1783,True
NP029A,NS5B,184,R,0.0,0.111,0.111,3994,1806,True
NP029A,NS5B,184,Q,0.075,0.166,0.091,3994,1806,True
NP029A,NS5B,184,P,0.3,0.554,0.253,3994,1806,True
NP029A,NS5B,184,L,99.624,99.169,0.455,3994,1806,True
NP029A,NS5B,185,E,0.05,0.053,0.003,3970,1889,True
NP029A,NS5B,185,P,0.076,0.0,0.076,3970,1889,True
NP029A,NS5B,185,A,99.547,99.629,0.083,3970,1889,True
NP029A,NS5B,185,S,0.025,0.053,0.028,3970,1889,True
NP029A,NS5B,185,T,0.151,0.0,0.151,3970,1889,True
NP029A,NS5B,185,V,0.151,0.265,0.114,3970,1889,True
NP029A,NS5B,186,G,0.0,0.054,0.054,3853,1863,True
NP029A,NS5B,186,L,0.026,0.054,0.028,3853,1863,True
NP029A,NS5B,186,I,0.0,0.054,0.054,3853,1863,True
NP029A,NS5B,186,V,99.403,99.517,0.114,3853,1863,True
NP029A,NS5B,186,A,0.571,0.322,0.249,3853,1863,True
NP029A,NS5B,187,T,0.208,0.593,0.385,3848,2023,True
NP029A,NS5B,187,I,0.104,0.099,0.005,3848,2023,True
NP029A,NS5B,187,V,0.26,0.297,0.037,3848,2023,True
NP029A,NS5B,187,M,99.428,99.011,0.417,3848,2023,True
NP029A,NS5B,188,R,0.08,0.249,0.169,3765,2009,True
NP029A,NS5B,188,G,99.92,99.751,0.169,3765,2009,True
NP029A,NS5B,189,Q,0.0,0.047,0.047,3696,2112,True
NP029A,NS5B,189,P,99.784,99.574,0.21,3696,2112,True
NP029A,NS5B,189,S,0.108,0.0,0.108,3696,2112,True
NP029A,NS5B,189,L,0.081,0.237,0.156,3696,2112,True
NP029A,NS5B,189,T,0.0,0.047,0.047,3696,2112,True
NP029A,NS5B,189,A,0.027,0.095,0.068,3696,2112,True
NP029A,NS5B,190,T,0.08,0.045,0.035,3729,2222,True
NP029A,NS5B,190,P,0.027,0.0,0.027,3729,2222,True
NP029A,NS5B,190,V,0.08,0.0,0.08,3729,2222,True
NP029A,NS5B,190,S,0.054,0.09,0.036,3729,2222,True
NP029A,NS5B,190,A,99.759,99.865,0.106,3729,2222,True
NP029A,NS5B,191,*,0.027,0.0,0.027,3705,2283,True
NP029A,NS5B,191,C,0.243,0.044,0.199,3705,2283,True
NP029A,NS5B,191,H,0.162,0.175,0.013,3705,2283,True
NP029A,NS5B,191,D,0.027,0.0,0.027,3705,2283,True
NP029A,NS5B,191,Y,99.541,99.781,0.24,3705,2283,True
NP029A,NS5B,192,G,99.683,99.914,0.232,3466,2334,True
NP029A,NS5B,192,D,0.0,0.043,0.043,3466,2334,True
NP029A,NS5B,192,S,0.317,0.043,0.275,3466,2334,True
NP029A,NS5B,193,C,0.03,0.0,0.03,3353,2749,True
NP029A,NS5B,193,F,98.956,99.127,0.171,3353,2749,True
NP029A,NS5B,193,S,0.447,0.4,0.047,3353,2749,True
NP029A,NS5B,193,L,0.358,0.4,0.042,3353,2749,True
NP029A,NS5B,193,I,0.119,0.0,0.119,3353,2749,True
NP029A,NS5B,193,V,0.03,0.0,0.03,3353,2749,True
NP029A,NS5B,193,Y,0.06,0.073,0.013,3353,2749,True
NP029A,NS5B,194,R,0.325,0.249,0.076,3386,2813,True
NP029A,NS5B,194,Q,99.616,99.573,0.043,3386,2813,True
NP029A,NS5B,194,*,0.059,0.178,0.119,3386,2813,True
NP029A,NS5B,195,*,0.067,0.071,0.005,3000,2800,True
NP029A,NS5B,195,C,0.033,0.107,0.074,3000,2800,True
NP029A,NS5B,195,S,0.067,0.0,0.067,3000,2800,True
NP029A,NS5B,195,H,0.267,0.071,0.195,3000,2800,True
NP029A,NS5B,195,D,0.033,0.0,0.033,3000,2800,True
NP029A,NS5B,195,Y,99.533,99.75,0.217,3000,2800,True
NP029A,NS5B,196,P,0.407,0.142,0.265,2951,2815,True
NP029A,NS5B,196,S,99.254,99.716,0.461,2951,2815,True
NP029A,NS5B,196,L,0.237,0.107,0.131,2951,2815,True
NP029A,NS5B,196,T,0.034,0.0,0.034,2951,2815,True
NP029A,NS5B,196,W,0.0,0.036,0.036,2951,2815,True
NP029A,NS5B,196,A,0.068,0.0,0.068,2951,2815,True
NP029A,NS5B,197,T,0.071,0.0,0.071,2832,3024,True
NP029A,NS5B,197,P,99.718,99.835,0.117,2832,3024,True
NP029A,NS5B,197,S,0.141,0.099,0.042,2832,3024,True
NP029A,NS5B,197,L,0.071,0.066,0.004,2832,3024,True
NP029A,NS5B,198,R,0.336,0.347,0.011,2680,2882,True
NP029A,NS5B,198,E,0.224,0.278,0.054,2680,2882,True
NP029A,NS5B,198,Q,0.075,0.069,0.005,2680,2882,True
NP029A,NS5B,198,*,0.037,0.0,0.037,2680,2882,True
NP029A,NS5B,198,T,0.0,0.104,0.104,2680,2882,True
NP029A,NS5B,198,K,99.328,99.167,0.161,2680,2882,True
NP029A,NS5B,198,M,0.0,0.035,0.035,2680,2882,True
NP029A,NS5B,199,R,0.154,0.066,0.089,2593,3050,True
NP029A,NS5B,199,Q,99.344,99.77,0.426,2593,3050,True
NP029A,NS5B,199,*,0.501,0.131,0.37,2593,3050,True
NP029A,NS5B,199,L,0.0,0.033,0.033,2593,3050,True
NP029A,NS5B,200,R,99.556,99.676,0.12,2479,3088,True
NP029A,NS5B,200,G,0.081,0.065,0.016,2479,3088,True
NP029A,NS5B,200,C,0.282,0.097,0.185,2479,3088,True
NP029A,NS5B,200,H,0.081,0.162,0.081,2479,3088,True
NP029A,NS5B,201,E,0.164,0.033,0.132,2435,3072,True
NP029A,NS5B,201,G,0.041,0.0,0.041,2435,3072,True
NP029A,NS5B,201,I,0.123,0.195,0.072,2435,3072,True
NP029A,NS5B,201,V,99.507,99.512,0.005,2435,3072,True
NP029A,NS5B,201,A,0.164,0.26,0.096,2435,3072,True
NP029A,NS5B,202,E,99.016,99.265,0.249,2235,2993,True
NP029A,NS5B,202,G,0.358,0.401,0.043,2235,2993,True
NP029A,NS5B,202,Q,0.134,0.033,0.101,2235,2993,True
NP029A,NS5B,202,A,0.045,0.0,0.045,2235,2993,True
NP029A,NS5B,202,K,0.358,0.067,0.291,2235,2993,True
NP029A,NS5B,202,V,0.0,0.134,0.134,2235,2993,True
NP029A,NS5B,202,D,0.089,0.1,0.011,2235,2993,True
NP029A,NS5B,203,R,99.902,99.866,0.036,2049,2986,True
NP029A,NS5B,203,P,0.098,0.0,0.098,2049,2986,True
NP029A,NS5B,203,C,0.0,0.1,0.1,2049,2986,True
NP029A,NS5B,203,H,0.0,0.033,0.033,2049,2986,True
NP029A,NS5B,204,R,0.05,0.0,0.05,1989,3107,True
NP029A,NS5B,204,P,0.302,0.612,0.31,1989,3107,True
NP029A,NS5B,204,H,0.101,0.032,0.068,1989,3107,True
NP029A,NS5B,204,F,0.201,0.0,0.201,1989,3107,True
NP029A,NS5B,204,L,99.346,99.356,0.01,1989,3107,True
NP029A,NS5B,205,P,0.349,0.208,0.142,2003,3367,True
NP029A,NS5B,205,F,0.15,0.0,0.15,2003,3367,True
NP029A,NS5B,205,L,99.351,99.703,0.352,2003,3367,True
NP029A,NS5B,205,I,0.0,0.03,0.03,2003,3367,True
NP029A,NS5B,205,H,0.1,0.059,0.04,2003,3367,True
NP029A,NS5B,205,V,0.05,0.0,0.05,2003,3367,True
NP029A,NS5B,206,R,0.152,0.083,0.069,1979,3630,True
NP029A,NS5B,206,E,0.0,0.028,0.028,1979,3630,True
NP029A,NS5B,206,Q,99.495,99.697,0.202,1979,3630,True
NP029A,NS5B,206,*,0.152,0.165,0.014,1979,3630,True
NP029A,NS5B,206,H,0.0,0.028,0.028,1979,3630,True
NP029A,NS5B,206,L,0.202,0.0,0.202,1979,3630,True
NP029A,NS5B,207,L,0.0,0.11,0.11,1862,3646,True
NP029A,NS5B,207,T,0.161,0.219,0.058,1862,3646,True
NP029A,NS5B,207,I,0.054,0.11,0.056,1862,3646,True
NP029A,NS5B,207,V,0.215,0.247,0.032,1862,3646,True
NP029A,NS5B,207,M,99.57,99.314,0.256,1862,3646,True
NP029A,NS5B,208,R,0.386,0.48,0.094,1554,3335,True
NP029A,NS5B,208,G,0.0,0.03,0.03,1554,3335,True
NP029A,NS5B,208,*,0.257,0.42,0.162,1554,3335,True
NP029A,NS5B,208,C,0.064,0.0,0.064,1554,3335,True
NP029A,NS5B,208,W,99.163,99.07,0.093,1554,3335,True
NP029A,NS5B,208,L,0.129,0.0,0.129,1554,3335,True
NP029A,NS5B,209,R,99.733,99.417,0.316,1499,3605,True
NP029A,NS5B,209,G,0.0,0.055,0.055,1499,3605,True
NP029A,NS5B,209,P,0.0,0.055,0.055,1499,3605,True
NP029A,NS5B,209,C,0.0,0.194,0.194,1499,3605,True
NP029A,NS5B,209,F,0.0,0.055,0.055,1499,3605,True
NP029A,NS5B,209,H,0.267,0.222,0.045,1499,3605,True
NP029A,NS5B,210,T,0.147,0.225,0.078,1363,3557,True
NP029A,NS5B,210,P,0.0,0.056,0.056,1363,3557,True
NP029A,NS5B,210,V,0.0,0.112,0.112,1363,3557,True
NP029A,NS5B,210,S,0.0,0.056,0.056,1363,3557,True
NP029A,NS5B,210,A,99.853,99.55,0.303,1363,3557,True
NP029A,NS5B,211,R,0.0,0.111,0.111,1318,3605,True
NP029A,NS5B,211,E,0.076,0.222,0.146,1318,3605,True
NP029A,NS5B,211,N,0.0,0.028,0.028,1318,3605,True
NP029A,NS5B,211,*,0.0,0.028,0.028,1318,3605,True
NP029A,NS5B,211,K,99.924,99.612,0.312,1318,3605,True
NP029B,NS5B,164,N,0.064,0.0,0.064,3148,100,True
NP029B,NS5B,164,G,0.318,2.0,1.682,3148,100,True
NP029B,NS5B,164,D,99.619,98.0,1.619,3148,100,True
NP029B,NS5B,165,R,0.032,0.0,0.032,3153,116,True
NP029B,NS5B,165,Q,0.063,0.0,0.063,3153,116,True
NP029B,NS5B,165,P,0.317,0.0,0.317,3153,116,True
NP029B,NS5B,165,L,99.588,100.0,0.412,3153,116,True
NP029B,NS5B,166,R,0.975,0.599,0.376,3180,167,True
NP029B,NS5B,166,E,0.031,1.198,1.166,3180,167,True
NP029B,NS5B,166,G,98.962,98.204,0.759,3180,167,True
NP029B,NS5B,166,V,0.031,0.0,0.031,3180,167,True
NP029B,NS5B,167,I,0.0,0.289,0.289,3426,346,True
NP029B,NS5B,167,G,0.058,0.0,0.058,3426,346,True
NP029B,NS5B,167,V,99.766,99.711,0.056,3426,346,True
NP029B,NS5B,167,A,0.175,0.0,0.175,3426,346,True
NP029B,NS5B,168,R,99.526,99.716,0.19,3372,352,True
NP029B,NS5B,168,G,0.297,0.284,0.012,3372,352,True
NP029B,NS5B,168,W,0.119,0.0,0.119,3372,352,True
NP029B,NS5B,168,S,0.059,0.0,0.059,3372,352,True
NP029B,NS5B,169,E,0.032,0.0,0.032,3108,502,True
NP029B,NS5B,169,G,0.0,0.199,0.199,3108,502,True
NP029B,NS5B,169,A,0.29,0.199,0.09,3108,502,True
NP029B,NS5B,169,V,99.582,99.602,0.02,3108,502,True
NP029B,NS5B,169,L,0.032,0.0,0.032,3108,502,True
NP029B,NS5B,169,M,0.064,0.0,0.064,3108,502,True
NP029B,NS5B,170,R,0.254,0.482,0.227,3144,623,True
NP029B,NS5B,170,G,0.159,0.0,0.159,3144,623,True
NP029B,NS5B,170,C,99.459,99.518,0.059,3144,623,True
NP029B,NS5B,170,Y,0.127,0.0,0.127,3144,623,True
NP029B,NS5B,171,E,99.112,99.376,0.264,3040,641,True
NP029B,NS5B,171,K,0.296,0.468,0.172,3040,641,True
NP029B,NS5B,171,G,0.329,0.156,0.173,3040,641,True
NP029B,NS5B,171,*,0.066,0.0,0.066,3040,641,True
NP029B,NS5B,171,V,0.197,0.0,0.197,3040,641,True
NP029B,NS5B,172,T,0.066,0.0,0.066,3015,653,True
NP029B,NS5B,172,E,0.464,0.0,0.464,3015,653,True
NP029B,NS5B,172,R,0.498,0.0,0.498,3015,653,True
NP029B,NS5B,172,*,0.0,0.153,0.153,3015,653,True
NP029B,NS5B,172,K,98.905,99.847,0.941,3015,653,True
NP029B,NS5B,172,M,0.066,0.0,0.066,3015,653,True
NP029B,NS5B,173,R,99.699,99.787,0.088,2994,940,True
NP029B,NS5B,173,Q,0.134,0.0,0.134,2994,940,True
NP029B,NS5B,173,P,0.033,0.0,0.033,2994,940,True
NP029B,NS5B,173,*,0.067,0.213,0.146,2994,940,True
NP029B,NS5B,173,L,0.067,0.0,0.067,2994,940,True
NP029B,NS5B,174,T,0.714,0.0,0.714,3080,1075,True
NP029B,NS5B,174,G,0.032,0.0,0.032,3080,1075,True
NP029B,NS5B,174,A,99.188,99.814,0.626,3080,1075,True
NP029B,NS5B,174,V,0.065,0.186,0.121,3080,1075,True
NP029B,NS5B,175,P,0.423,0.751,0.328,3076,1332,True
NP029B,NS5B,175,H,0.098,0.0,0.098,3076,1332,True
NP029B,NS5B,175,V,0.033,0.15,0.118,3076,1332,True
NP029B,NS5B,175,F,0.13,0.0,0.13,3076,1332,True
NP029B,NS5B,175,L,99.317,99.099,0.218,3076,1332,True
NP029B,NS5B,176,C,0.286,0.286,0.0,3151,1400,True
NP029B,NS5B,176,F,0.0,0.143,0.143,3151,1400,True
NP029B,NS5B,176,N,0.095,0.0,0.095,3151,1400,True
NP029B,NS5B,176,H,0.063,0.214,0.151,3151,1400,True
NP029B,NS5B,176,Y,99.556,99.357,0.199,3151,1400,True
NP029B,NS5B,177,N,0.163,0.0,0.163,3065,1362,True
NP029B,NS5B,177,E,0.065,0.0,0.065,3065,1362,True
NP029B,NS5B,177,G,0.457,0.22,0.237,3065,1362,True
NP029B,NS5B,177,V,0.065,0.073,0.008,3065,1362,True
NP029B,NS5B,177,D,99.25,99.706,0.457,3065,1362,True
NP029B,NS5B,178,G,0.17,0.0,0.17,2938,1495,True
NP029B,NS5B,178,A,0.374,0.468,0.094,2938,1495,True
NP029B,NS5B,178,I,0.136,0.468,0.332,2938,1495,True
NP029B,NS5B,178,V,99.251,98.997,0.255,2938,1495,True
NP029B,NS5B,178,D,0.068,0.067,0.001,2938,1495,True
NP029B,NS5B,179,T,99.866,99.612,0.255,2994,1545,True
NP029B,NS5B,179,I,0.0,0.065,0.065,2994,1545,True
NP029B,NS5B,179,A,0.067,0.129,0.063,2994,1545,True
NP029B,NS5B,179,S,0.067,0.0,0.067,2994,1545,True
NP029B,NS5B,179,M,0.0,0.194,0.194,2994,1545,True
NP029B,NS5B,180,R,99.76,99.496,0.264,2911,1587,True
NP029B,NS5B,180,G,0.0,0.063,0.063,2911,1587,True
NP029B,NS5B,180,C,0.069,0.252,0.183,2911,1587,True
NP029B,NS5B,180,S,0.034,0.0,0.034,2911,1587,True
NP029B,NS5B,180,H,0.137,0.189,0.052,2911,1587,True
NP029B,NS5B,181,R,0.531,0.632,0.102,2827,1582,True
NP029B,NS5B,181,E,0.318,0.063,0.255,2827,1582,True
NP029B,NS5B,181,K,99.01,99.178,0.169,2827,1582,True
NP029B,NS5B,181,M,0.141,0.126,0.015,2827,1582,True
NP029B,NS5B,182,P,0.357,0.06,0.298,2798,1679,True
NP029B,NS5B,182,L,99.643,99.881,0.238,2798,1679,True
NP029B,NS5B,182,M,0.0,0.06,0.06,2798,1679,True
NP029B,NS5B,183,P,99.926,99.773,0.153,2703,1765,True
NP029B,NS5B,183,A,0.0,0.113,0.113,2703,1765,True
NP029B,NS5B,183,S,0.0,0.057,0.057,2703,1765,True
NP029B,NS5B,183,L,0.074,0.057,0.017,2703,1765,True
NP029B,NS5B,184,Q,0.0,0.056,0.056,2717,1800,True
NP029B,NS5B,184,P,0.294,0.889,0.594,2717,1800,True
NP029B,NS5B,184,L,99.669,99.056,0.613,2717,1800,True
NP029B,NS5B,184,M,0.037,0.0,0.037,2717,1800,True
NP029B,NS5B,185,T,0.0,0.052,0.052,2701,1912,True
NP029B,NS5B,185,G,0.037,0.0,0.037,2701,1912,True
NP029B,NS5B,185,V,0.0,0.262,0.262,2701,1912,True
NP029B,NS5B,185,A,99.963,99.686,0.277,2701,1912,True
NP029B,NS5B,186,E,0.039,0.0,0.039,2597,1903,True
NP029B,NS5B,186,A,0.193,0.053,0.14,2597,1903,True
NP029B,NS5B,186,L,0.039,0.0,0.039,2597,1903,True
NP029B,NS5B,186,I,0.462,0.578,0.116,2597,1903,True
NP029B,NS5B,186,V,99.191,99.369,0.178,2597,1903,True
NP029B,NS5B,186,D,0.077,0.0,0.077,2597,1903,True
NP029B,NS5B,187,L,0.0,0.098,0.098,2617,2045,True
NP029B,NS5B,187,T,0.115,0.293,0.179,2617,2045,True
NP029B,NS5B,187,I,0.076,0.244,0.168,2617,2045,True
NP029B,NS5B,187,V,0.382,0.293,0.089,2617,2045,True
NP029B,NS5B,187,K,0.038,0.0,0.038,2617,2045,True
NP029B,NS5B,187,M,99.389,99.071,0.318,2617,2045,True
NP029B,NS5B,188,R,0.082,0.148,0.066,2444,2032,True
NP029B,NS5B,188,E,0.0,0.098,0.098,2444,2032,True
NP029B,NS5B,188,G,99.918,99.656,0.263,2444,2032,True
NP029B,NS5B,188,*,0.0,0.098,0.098,2444,2032,True
NP029B,NS5B,189,R,0.0,0.094,0.094,2402,2128,True
NP029B,NS5B,189,P,99.917,99.577,0.34,2402,2128,True
NP029B,NS5B,189,S,0.0,0.141,0.141,2402,2128,True
NP029B,NS5B,189,A,0.083,0.0,0.083,2402,2128,True
NP029B,NS5B,189,L,0.0,0.188,0.188,2402,2128,True
NP029B,NS5B,190,G,0.042,0.044,0.002,2377,2282,True
NP029B,NS5B,190,S,0.463,0.088,0.375,2377,2282,True
NP029B,NS5B,190,T,0.0,0.351,0.351,2377,2282,True
NP029B,NS5B,190,V,0.084,0.0,0.084,2377,2282,True
NP029B,NS5B,190,A,99.411,99.518,0.107,2377,2282,True
NP029B,NS5B,191,*,0.0,0.086,0.086,2336,2339,True
NP029B,NS5B,191,C,0.128,0.171,0.043,2336,2339,True
NP029B,NS5B,191,F,0.0,0.086,0.086,2336,2339,True
NP029B,NS5B,191,S,0.0,0.043,0.043,2336,2339,True
NP029B,NS5B,191,H,0.128,0.128,0.0,2336,2339,True
NP029B,NS5B,191,Y,99.743,99.487,0.256,2336,2339,True
NP029B,NS5B,192,G,99.866,99.765,0.102,2245,2549,True
NP029B,NS5B,192,V,0.0,0.078,0.078,2245,2549,True
NP029B,NS5B,192,S,0.134,0.157,0.023,2245,2549,True
NP029B,NS5B,193,F,99.038,98.558,0.479,2182,2705,True
NP029B,NS5B,193,S,0.458,1.109,0.651,2182,2705,True
NP029B,NS5B,193,L,0.367,0.148,0.219,2182,2705,True
NP029B,NS5B,193,I,0.0,0.074,0.074,2182,2705,True
NP029B,NS5B,193,V,0.046,0.0,0.046,2182,2705,True
NP029B,NS5B,193,Y,0.092,0.111,0.019,2182,2705,True
NP029B,NS5B,194,R,0.182,0.397,0.215,2198,2773,True
NP029B,NS5B,194,Q,99.409,99.531,0.123,2198,2773,True
NP029B,NS5B,194,*,0.409,0.072,0.337,2198,2773,True
NP029B,NS5B,195,C,0.381,0.071,0.31,2102,2826,True
NP029B,NS5B,195,H,0.095,0.495,0.4,2102,2826,True
NP029B,NS5B,195,F,0.0,0.035,0.035,2102,2826,True
NP029B,NS5B,195,Y,99.524,99.398,0.126,2102,2826,True
NP029B,NS5B,196,P,0.145,0.426,0.281,2072,2820,True
NP029B,NS5B,196,S,99.566,99.539,0.027,2072,2820,True
NP029B,NS5B,196,A,0.193,0.0,0.193,2072,2820,True
NP029B,NS5B,196,L,0.097,0.035,0.061,2072,2820,True
NP029B,NS5B,197,T,0.0,0.06,0.06,2012,3336,True
NP029B,NS5B,197,P,99.901,99.82,0.08,2012,3336,True
NP029B,NS5B,197,S,0.0,0.06,0.06,2012,3336,True
NP029B,NS5B,197,L,0.099,0.06,0.039,2012,3336,True
NP029B,NS5B,198,R,0.209,0.539,0.33,1911,3154,True
NP029B,NS5B,198,E,0.105,0.222,0.117,1911,3154,True
NP029B,NS5B,198,Q,0.105,0.0,0.105,1911,3154,True
NP029B,NS5B,198,T,0.105,0.0,0.105,1911,3154,True
NP029B,NS5B,198,K,99.267,99.176,0.092,1911,3154,True
NP029B,NS5B,198,M,0.209,0.063,0.146,1911,3154,True
NP029B,NS5B,199,R,0.219,0.125,0.094,1370,3201,True
NP029B,NS5B,199,E,0.073,0.0,0.073,1370,3201,True
NP029B,NS5B,199,Q,99.562,99.719,0.157,1370,3201,True
NP029B,NS5B,199,P,0.073,0.0,0.073,1370,3201,True
NP029B,NS5B,199,*,0.0,0.125,0.125,1370,3201,True
NP029B,NS5B,199,H,0.073,0.0,0.073,1370,3201,True
NP029B,NS5B,199,L,0.0,0.031,0.031,1370,3201,True
NP029B,NS5B,200,R,99.543,99.447,0.096,1312,3255,True
NP029B,NS5B,200,G,0.0,0.061,0.061,1312,3255,True
NP029B,NS5B,200,C,0.0,0.123,0.123,1312,3255,True
NP029B,NS5B,200,H,0.457,0.246,0.212,1312,3255,True
NP029B,NS5B,200,L,0.0,0.123,0.123,1312,3255,True
NP029B,NS5B,201,L,0.078,0.062,0.016,1277,3225,True
NP029B,NS5B,201,I,0.157,0.155,0.002,1277,3225,True
NP029B,NS5B,201,V,99.53,99.597,0.067,1277,3225,True
NP029B,NS5B,201,A,0.235,0.186,0.049,1277,3225,True
NP029B,NS5B,202,E,98.614,98.506,0.107,1154,3146,True
NP029B,NS5B,202,G,0.607,0.318,0.289,1154,3146,True
NP029B,NS5B,202,Q,0.0,0.254,0.254,1154,3146,True
NP029B,NS5B,202,D,0.607,0.668,0.061,1154,3146,True
NP029B,NS5B,202,V,0.087,0.064,0.023,1154,3146,True
NP029B,NS5B,202,K,0.087,0.191,0.104,1154,3146,True
NP029B,NS5B,203,C,0.0,0.126,0.126,1078,3179,True
NP029B,NS5B,203,R,100.0,99.78,0.22,1078,3179,True
NP029B,NS5B,203,H,0.0,0.094,0.094,1078,3179,True
NP029B,NS5B,204,P,0.569,0.4,0.169,1054,3246,True
NP029B,NS5B,204,H,0.0,0.031,0.031,1054,3246,True
NP029B,NS5B,204,F,0.095,0.031,0.064,1054,3246,True
NP029B,NS5B,204,L,99.336,99.538,0.202,1054,3246,True
NP029B,NS5B,205,R,0.0,0.029,0.029,1061,3502,True
NP029B,NS5B,205,I,0.0,0.057,0.057,1061,3502,True
NP029B,NS5B,205,P,0.0,0.485,0.485,1061,3502,True
NP029B,NS5B,205,F,0.094,0.057,0.037,1061,3502,True
NP029B,NS5B,205,L,99.906,99.372,0.534,1061,3502,True
NP029B,NS5B,206,R,0.76,0.561,0.198,1053,3741,True
NP029B,NS5B,206,Q,99.145,99.358,0.213,1053,3741,True
NP029B,NS5B,206,H,0.0,0.08,0.08,1053,3741,True
NP029B,NS5B,206,K,0.095,0.0,0.095,1053,3741,True
NP029B,NS5B,207,A,0.0,0.053,0.053,984,3788,True
NP029B,NS5B,207,L,0.102,0.0,0.102,984,3788,True
NP029B,NS5B,207,T,1.22,0.317,0.903,984,3788,True
NP029B,NS5B,207,I,0.0,0.158,0.158,984,3788,True
NP029B,NS5B,207,V,0.508,0.317,0.191,984,3788,True
NP029B,NS5B,207,K,0.203,0.132,0.071,984,3788,True
NP029B,NS5B,207,M,97.967,99.023,1.056,984,3788,True
NP029B,NS5B,208,R,0.253,0.373,0.12,791,3485,True
NP029B,NS5B,208,G,0.126,0.057,0.069,791,3485,True
NP029B,NS5B,208,*,0.379,0.057,0.322,791,3485,True
NP029B,NS5B,208,W,99.241,99.512,0.271,791,3485,True
NP029B,NS5B,209,R,99.87,99.498,0.372,771,3785,True
NP029B,NS5B,209,P,0.13,0.0,0.13,771,3785,True
NP029B,NS5B,209,C,0.0,0.185,0.185,771,3785,True
NP029B,NS5B,209,H,0.0,0.264,0.264,771,3785,True
NP029B,NS5B,209,S,0.0,0.053,0.053,771,3785,True
NP029B,NS5B,210,E,0.0,0.107,0.107,706,3751,True
NP029B,NS5B,210,P,0.0,0.133,0.133,706,3751,True
NP029B,NS5B,210,A,98.725,99.28,0.555,706,3751,True
NP029B,NS5B,210,S,0.992,0.0,0.992,706,3751,True
NP029B,NS5B,210,T,0.0,0.24,0.24,706,3751,True
NP029B,NS5B,210,V,0.283,0.24,0.043,706,3751,True
NP029B,NS5B,211,R,0.583,0.476,0.107,686,3778,True
NP029B,NS5B,211,E,0.583,0.212,0.371,686,3778,True
NP029B,NS5B,211,Q,1.458,0.026,1.431,686,3778,True
NP029B,NS5B,211,K,97.23,99.285,2.055,686,3778,True
NP029B,NS5B,211,M,0.146,0.0,0.146,686,3778,True
NP030A,NS5B,162,*,0.037,0.0,0.037,5457,122,True
NP030A,NS5B,162,C,0.165,0.82,0.655,5457,122,True
NP030A,NS5B,162,F,0.018,0.0,0.018,5457,122,True
NP030A,NS5B,162,N,0.0,0.82,0.82,5457,122,True
NP030A,NS5B,162,H,0.073,0.0,0.073,5457,122,True
NP030A,NS5B,162,D,0.0,0.82,0.82,5457,122,True
NP030A,NS5B,162,Y,99.707,97.541,2.166,5457,122,True
NP030A,NS5B,163,P,99.899,98.649,1.25,4950,148,True
NP030A,NS5B,163,A,0.02,0.0,0.02,4950,148,True
NP030A,NS5B,163,L,0.081,1.351,1.271,4950,148,True
NP030A,NS5B,164,N,0.141,0.0,0.141,4973,173,True
NP030A,NS5B,164,G,0.282,0.0,0.282,4973,173,True
NP030A,NS5B,164,D,99.538,93.642,5.896,4973,173,True
NP030A,NS5B,164,V,0.04,0.578,0.538,4973,173,True
NP030A,NS5B,164,Y,0.0,5.78,5.78,4973,173,True
NP030A,NS5B,165,L,99.715,100.0,0.285,4908,208,True
NP030A,NS5B,165,P,0.285,0.0,0.285,4908,208,True
NP030A,NS5B,166,E,0.041,3.974,3.933,4928,302,True
NP030A,NS5B,166,G,99.959,96.026,3.933,4928,302,True
NP030A,NS5B,167,A,0.056,0.0,0.056,5332,595,True
NP030A,NS5B,167,I,0.056,0.0,0.056,5332,595,True
NP030A,NS5B,167,V,99.887,100.0,0.113,5332,595,True
NP030A,NS5B,168,R,99.518,99.484,0.034,5187,581,True
NP030A,NS5B,168,G,0.231,0.172,0.059,5187,581,True
NP030A,NS5B,168,S,0.019,0.0,0.019,5187,581,True
NP030A,NS5B,168,W,0.077,0.0,0.077,5187,581,True
NP030A,NS5B,168,K,0.116,0.344,0.229,5187,581,True
NP030A,NS5B,168,M,0.039,0.0,0.039,5187,581,True
NP030A,NS5B,169,V,99.812,99.861,0.049,4785,720,True
NP030A,NS5B,169,A,0.125,0.0,0.125,4785,720,True
NP030A,NS5B,169,L,0.021,0.0,0.021,4785,720,True
NP030A,NS5B,169,M,0.042,0.139,0.097,4785,720,True
NP030A,NS5B,170,R,0.294,0.0,0.294,4767,724,True
NP030A,NS5B,170,G,0.042,0.0,0.042,4767,724,True
NP030A,NS5B,170,C,99.476,100.0,0.524,4767,724,True
NP030A,NS5B,170,S,0.105,0.0,0.105,4767,724,True
NP030A,NS5B,170,Y,0.084,0.0,0.084,4767,724,True
NP030A,NS5B,171,E,99.652,100.0,0.348,4599,789,True
NP030A,NS5B,171,D,0.065,0.0,0.065,4599,789,True
NP030A,NS5B,171,G,0.283,0.0,0.283,4599,789,True
NP030A,NS5B,172,R,0.348,0.129,0.219,4593,776,True
NP030A,NS5B,172,E,0.348,0.0,0.348,4593,776,True
NP030A,NS5B,172,*,0.065,0.0,0.065,4593,776,True
NP030A,NS5B,172,K,99.238,99.871,0.633,4593,776,True
NP030A,NS5B,173,R,99.911,99.67,0.241,4516,909,True
NP030A,NS5B,173,Q,0.044,0.11,0.066,4516,909,True
NP030A,NS5B,173,P,0.022,0.11,0.088,4516,909,True
NP030A,NS5B,173,W,0.0,0.11,0.11,4516,909,True
NP030A,NS5B,173,L,0.022,0.0,0.022,4516,909,True
NP030A,NS5B,174,T,0.089,0.0,0.089,4484,939,True
NP030A,NS5B,174,G,0.045,0.0,0.045,4484,939,True
NP030A,NS5B,174,P,0.045,0.0,0.045,4484,939,True
NP030A,NS5B,174,V,0.201,0.213,0.012,4484,939,True
NP030A,NS5B,174,A,99.621,99.787,0.166,4484,939,True
NP030A,NS5B,175,R,0.023,0.0,0.023,4374,1170,True
NP030A,NS5B,175,P,0.206,0.427,0.222,4374,1170,True
NP030A,NS5B,175,F,0.183,0.085,0.097,4374,1170,True
NP030A,NS5B,175,H,0.16,0.085,0.075,4374,1170,True
NP030A,NS5B,175,L,99.428,99.402,0.027,4374,1170,True
NP030A,NS5B,176,*,0.045,0.0,0.045,4472,1270,True
NP030A,NS5B,176,C,0.268,0.079,0.19,4472,1270,True
NP030A,NS5B,176,H,0.089,0.157,0.068,4472,1270,True
NP030A,NS5B,176,Y,99.597,99.764,0.166,4472,1270,True
NP030A,NS5B,177,E,0.046,0.0,0.046,4364,1228,True
NP030A,NS5B,177,G,0.71,0.489,0.222,4364,1228,True
NP030A,NS5B,177,N,0.183,0.081,0.102,4364,1228,True
NP030A,NS5B,177,V,0.0,0.163,0.163,4364,1228,True
NP030A,NS5B,177,D,99.06,99.267,0.207,4364,1228,True
NP030A,NS5B,178,G,0.027,0.0,0.027,3695,1323,True
NP030A,NS5B,178,A,0.325,0.454,0.129,3695,1323,True
NP030A,NS5B,178,F,0.0,0.076,0.076,3695,1323,True
NP030A,NS5B,178,I,1.57,0.378,1.192,3695,1323,True
NP030A,NS5B,178,V,97.943,99.093,1.15,3695,1323,True
NP030A,NS5B,178,D,0.135,0.0,0.135,3695,1323,True
NP030A,NS5B,179,T,99.634,99.498,0.136,3830,1395,True
NP030A,NS5B,179,P,0.104,0.0,0.104,3830,1395,True
NP030A,NS5B,179,A,0.131,0.502,0.371,3830,1395,True
NP030A,NS5B,179,M,0.131,0.0,0.131,3830,1395,True
NP030A,NS5B,180,R,99.644,99.184,0.46,3647,1470,True
NP030A,NS5B,180,G,0.0,0.068,0.068,3647,1470,True
NP030A,NS5B,180,P,0.027,0.0,0.027,3647,1470,True
NP030A,NS5B,180,C,0.11,0.408,0.298,3647,1470,True
NP030A,NS5B,180,H,0.219,0.34,0.121,3647,1470,True
NP030A,NS5B,181,R,0.384,0.214,0.17,3383,1399,True
NP030A,NS5B,181,E,0.207,0.143,0.064,3383,1399,True
NP030A,NS5B,181,T,0.03,0.0,0.03,3383,1399,True
NP030A,NS5B,181,N,0.266,0.071,0.195,3383,1399,True
NP030A,NS5B,181,I,0.059,0.0,0.059,3383,1399,True
NP030A,NS5B,181,K,99.054,99.571,0.517,3383,1399,True
NP030A,NS5B,182,L,99.687,99.545,0.142,3516,1539,True
NP030A,NS5B,182,P,0.313,0.455,0.142,3516,1539,True
NP030A,NS5B,183,R,0.03,0.0,0.03,3353,1552,True
NP030A,NS5B,183,P,99.761,99.871,0.11,3353,1552,True
NP030A,NS5B,183,A,0.03,0.0,0.03,3353,1552,True
NP030A,NS5B,183,L,0.179,0.129,0.05,3353,1552,True
NP030A,NS5B,184,Q,0.091,0.0,0.091,3295,1617,True
NP030A,NS5B,184,P,0.152,0.433,0.281,3295,1617,True
NP030A,NS5B,184,L,99.15,99.567,0.417,3295,1617,True
NP030A,NS5B,184,M,0.607,0.0,0.607,3295,1617,True
NP030A,NS5B,185,G,0.031,0.0,0.031,3239,1659,True
NP030A,NS5B,185,A,99.877,99.879,0.003,3239,1659,True
NP030A,NS5B,185,V,0.093,0.121,0.028,3239,1659,True
NP030A,NS5B,186,E,0.032,0.0,0.032,3117,1492,True
NP030A,NS5B,186,G,0.096,0.067,0.029,3117,1492,True
NP030A,NS5B,186,L,0.032,0.0,0.032,3117,1492,True
NP030A,NS5B,186,V,99.455,99.397,0.058,3117,1492,True
NP030A,NS5B,186,A,0.353,0.469,0.116,3117,1492,True
NP030A,NS5B,186,M,0.032,0.067,0.035,3117,1492,True
NP030A,NS5B,187,R,0.064,0.0,0.064,3105,1679,True
NP030A,NS5B,187,L,0.0,0.06,0.06,3105,1679,True
NP030A,NS5B,187,T,0.161,0.06,0.101,3105,1679,True
NP030A,NS5B,187,I,0.064,0.238,0.174,3105,1679,True
NP030A,NS5B,187,V,0.644,0.179,0.465,3105,1679,True
NP030A,NS5B,187,M,99.066,99.464,0.398,3105,1679,True
NP030A,NS5B,188,R,0.197,0.0,0.197,3045,1747,True
NP030A,NS5B,188,E,0.131,0.114,0.017,3045,1747,True
NP030A,NS5B,188,G,99.672,99.886,0.214,3045,1747,True
NP030A,NS5B,189,T,0.067,0.054,0.014,2975,1868,True
NP030A,NS5B,189,P,99.664,99.893,0.229,2975,1868,True
NP030A,NS5B,189,S,0.269,0.054,0.215,2975,1868,True
NP030A,NS5B,190,T,0.034,0.208,0.174,2920,1921,True
NP030A,NS5B,190,P,0.068,0.0,0.068,2920,1921,True
NP030A,NS5B,190,D,0.0,3.54,3.54,2920,1921,True
NP030A,NS5B,190,A,99.897,96.252,3.645,2920,1921,True
NP030A,NS5B,191,*,0.037,0.0,0.037,2692,1942,True
NP030A,NS5B,191,C,0.149,0.0,0.149,2692,1942,True
NP030A,NS5B,191,H,0.111,0.257,0.146,2692,1942,True
NP030A,NS5B,191,Y,99.703,99.743,0.04,2692,1942,True
NP030A,NS5B,192,R,0.0,0.05,0.05,2629,1996,True
NP030A,NS5B,192,G,99.81,99.749,0.06,2629,1996,True
NP030A,NS5B,192,C,0.0,0.05,0.05,2629,1996,True
NP030A,NS5B,192,S,0.076,0.05,0.026,2629,1996,True
NP030A,NS5B,192,D,0.076,0.1,0.024,2629,1996,True
NP030A,NS5B,192,A,0.038,0.0,0.038,2629,1996,True
NP030A,NS5B,193,F,94.985,99.452,4.467,2652,2556,True
NP030A,NS5B,193,S,0.415,0.352,0.063,2652,2556,True
NP030A,NS5B,193,I,0.038,0.0,0.038,2652,2556,True
NP030A,NS5B,193,L,4.563,0.117,4.445,2652,2556,True
NP030A,NS5B,193,Y,0.0,0.078,0.078,2652,2556,True
NP030A,NS5B,194,R,0.052,0.153,0.1,3830,2621,True
NP030A,NS5B,194,Q,99.869,99.733,0.137,3830,2621,True
NP030A,NS5B,194,*,0.052,0.114,0.062,3830,2621,True
NP030A,NS5B,194,L,0.026,0.0,0.026,3830,2621,True
NP030A,NS5B,195,*,0.0,0.11,0.11,3774,2738,True
NP030A,NS5B,195,C,0.053,0.073,0.02,3774,2738,True
NP030A,NS5B,195,S,0.026,0.0,0.026,3774,2738,True
NP030A,NS5B,195,H,0.079,0.11,0.03,3774,2738,True
NP030A,NS5B,195,Y,99.841,99.708,0.133,3774,2738,True
NP030A,NS5B,196,T,0.084,0.146,0.062,3587,2746,True
NP030A,NS5B,196,P,0.112,0.109,0.002,3587,2746,True
NP030A,NS5B,196,W,0.112,0.0,0.112,3587,2746,True
NP030A,NS5B,196,S,99.665,99.745,0.08,3587,2746,True
NP030A,NS5B,196,L,0.028,0.0,0.028,3587,2746,True
NP030A,NS5B,197,T,0.0,0.067,0.067,3589,2976,True
NP030A,NS5B,197,P,99.889,99.832,0.057,3589,2976,True
NP030A,NS5B,197,H,0.0,0.034,0.034,3589,2976,True
NP030A,NS5B,197,S,0.056,0.067,0.011,3589,2976,True
NP030A,NS5B,197,L,0.056,0.0,0.056,3589,2976,True
NP030A,NS5B,198,R,0.204,0.276,0.071,3425,2903,True
NP030A,NS5B,198,E,0.117,0.069,0.048,3425,2903,True
NP030A,NS5B,198,Q,0.058,0.0,0.058,3425,2903,True
NP030A,NS5B,198,T,0.0,0.034,0.034,3425,2903,True
NP030A,NS5B,198,K,99.591,99.587,0.005,3425,2903,True
NP030A,NS5B,198,M,0.029,0.034,0.005,3425,2903,True
NP030A,NS5B,199,R,0.214,0.259,0.045,3271,3088,True
NP030A,NS5B,199,Q,99.694,99.417,0.277,3271,3088,True
NP030A,NS5B,199,*,0.031,0.162,0.131,3271,3088,True
NP030A,NS5B,199,L,0.061,0.162,0.101,3271,3088,True
NP030A,NS5B,200,R,99.64,99.747,0.107,1943,3159,True
NP030A,NS5B,200,P,0.103,0.095,0.008,1943,3159,True
NP030A,NS5B,200,C,0.103,0.032,0.071,1943,3159,True
NP030A,NS5B,200,H,0.154,0.127,0.028,1943,3159,True
NP030A,NS5B,201,I,0.0,0.032,0.032,1849,3092,True
NP030A,NS5B,201,A,0.0,0.323,0.323,1849,3092,True
NP030A,NS5B,201,V,99.946,99.644,0.302,1849,3092,True
NP030A,NS5B,201,L,0.054,0.0,0.054,1849,3092,True
NP030A,NS5B,202,E,0.226,0.032,0.194,1769,3085,True
NP030A,NS5B,202,G,0.622,0.81,0.189,1769,3085,True
NP030A,NS5B,202,N,0.17,0.097,0.072,1769,3085,True
NP030A,NS5B,202,D,98.813,99.06,0.247,1769,3085,True
NP030A,NS5B,202,A,0.17,0.0,0.17,1769,3085,True
NP030A,NS5B,203,R,99.468,99.902,0.434,1504,3053,True
NP030A,NS5B,203,P,0.0,0.033,0.033,1504,3053,True
NP030A,NS5B,203,C,0.266,0.066,0.2,1504,3053,True
NP030A,NS5B,203,H,0.133,0.0,0.133,1504,3053,True
NP030A,NS5B,203,L,0.133,0.0,0.133,1504,3053,True
NP030A,NS5B,204,I,0.068,0.0,0.068,1480,3233,True
NP030A,NS5B,204,F,0.0,0.062,0.062,1480,3233,True
NP030A,NS5B,204,P,0.135,0.928,0.793,1480,3233,True
NP030A,NS5B,204,H,0.0,0.062,0.062,1480,3233,True
NP030A,NS5B,204,L,99.797,98.948,0.849,1480,3233,True
NP030A,NS5B,205,R,0.068,0.0,0.068,1474,3697,True
NP030A,NS5B,205,P,0.407,0.46,0.053,1474,3697,True
NP030A,NS5B,205,F,0.0,0.108,0.108,1474,3697,True
NP030A,NS5B,205,I,0.0,0.054,0.054,1474,3697,True
NP030A,NS5B,205,H,0.136,0.027,0.109,1474,3697,True
NP030A,NS5B,205,L,99.389,99.351,0.039,1474,3697,True
NP030A,NS5B,206,R,0.213,0.234,0.021,1406,3839,True
NP030A,NS5B,206,Q,99.431,99.531,0.1,1406,3839,True
NP030A,NS5B,206,*,0.142,0.052,0.09,1406,3839,True
NP030A,NS5B,206,K,0.0,0.052,0.052,1406,3839,True
NP030A,NS5B,206,H,0.0,0.052,0.052,1406,3839,True
NP030A,NS5B,206,L,0.213,0.078,0.135,1406,3839,True
NP030A,NS5B,207,T,0.0,0.182,0.182,1164,3837,True
NP030A,NS5B,207,I,0.086,0.026,0.06,1164,3837,True
NP030A,NS5B,207,V,0.43,0.052,0.377,1164,3837,True
NP030A,NS5B,207,M,99.485,99.739,0.255,1164,3837,True
NP030A,NS5B,208,R,0.58,0.055,0.525,862,3632,True
NP030A,NS5B,208,G,0.116,0.083,0.033,862,3632,True
NP030A,NS5B,208,*,0.116,0.33,0.214,862,3632,True
NP030A,NS5B,208,W,99.188,99.532,0.344,862,3632,True
NP030A,NS5B,209,R,99.88,99.719,0.161,836,3920,True
NP030A,NS5B,209,G,0.12,0.0,0.12,836,3920,True
NP030A,NS5B,209,P,0.0,0.051,0.051,836,3920,True
NP030A,NS5B,209,C,0.0,0.102,0.102,836,3920,True
NP030A,NS5B,209,H,0.0,0.077,0.077,836,3920,True
NP030A,NS5B,209,L,0.0,0.051,0.051,836,3920,True
NP030A,NS5B,210,P,0.149,0.281,0.132,670,3559,True
NP030A,NS5B,210,S,96.567,99.494,2.927,670,3559,True
NP030A,NS5B,210,L,2.537,0.056,2.481,670,3559,True
NP030A,NS5B,210,T,0.299,0.084,0.214,670,3559,True
NP030A,NS5B,210,A,0.448,0.084,0.363,670,3559,True
NP030A,NS5B,211,R,0.446,0.509,0.064,673,3927,True
NP030A,NS5B,211,E,0.149,0.255,0.106,673,3927,True
NP030A,NS5B,211,K,99.406,99.185,0.221,673,3927,True
NP030A,NS5B,211,M,0.0,0.051,0.051,673,3927,True
NP031A,NS5B,163,S,0.126,0.0,0.126,3967,117,True
NP031A,NS5B,163,L,0.126,0.0,0.126,3967,117,True
NP031A,NS5B,163,P,99.748,100.0,0.252,3967,117,True
NP031A,NS5B,164,E,0.051,0.0,0.051,3951,123,True
NP031A,NS5B,164,D,99.544,100.0,0.456,3951,123,True
NP031A,NS5B,164,G,0.405,0.0,0.405,3951,123,True
NP031A,NS5B,165,Q,0.101,0.0,0.101,3979,141,True
NP031A,NS5B,165,P,0.251,0.0,0.251,3979,141,True
NP031A,NS5B,165,L,99.623,100.0,0.377,3979,141,True
NP031A,NS5B,165,M,0.025,0.0,0.025,3979,141,True
NP031A,NS5B,166,R,0.1,0.0,0.1,4000,237,True
NP031A,NS5B,166,E,0.125,0.422,0.297,4000,237,True
NP031A,NS5B,166,G,99.7,99.578,0.122,4000,237,True
NP031A,NS5B,166,A,0.075,0.0,0.075,4000,237,True
NP031A,NS5B,167,A,0.185,0.0,0.185,4326,431,True
NP031A,NS5B,167,I,0.069,0.0,0.069,4326,431,True
NP031A,NS5B,167,V,99.746,100.0,0.254,4326,431,True
NP031A,NS5B,168,R,99.38,100.0,0.62,4193,452,True
NP031A,NS5B,168,G,0.382,0.0,0.382,4193,452,True
NP031A,NS5B,168,W,0.119,0.0,0.119,4193,452,True
NP031A,NS5B,168,K,0.119,0.0,0.119,4193,452,True
NP031A,NS5B,169,E,0.025,0.0,0.025,3972,624,True
NP031A,NS5B,169,G,0.05,0.0,0.05,3972,624,True
NP031A,NS5B,169,A,0.05,0.0,0.05,3972,624,True
NP031A,NS5B,169,V,99.824,100.0,0.176,3972,624,True
NP031A,NS5B,169,L,0.05,0.0,0.05,3972,624,True
NP031A,NS5B,170,R,0.225,0.531,0.306,4007,754,True
NP031A,NS5B,170,G,0.025,0.0,0.025,4007,754,True
NP031A,NS5B,170,W,0.025,0.0,0.025,4007,754,True
NP031A,NS5B,170,C,99.551,99.204,0.347,4007,754,True
NP031A,NS5B,170,S,0.0,0.265,0.265,4007,754,True
NP031A,NS5B,170,Y,0.175,0.0,0.175,4007,754,True
NP031A,NS5B,171,E,99.149,99.238,0.089,3878,787,True
NP031A,NS5B,171,G,0.438,0.381,0.057,3878,787,True
NP031A,NS5B,171,Q,0.026,0.0,0.026,3878,787,True
NP031A,NS5B,171,D,0.052,0.127,0.075,3878,787,True
NP031A,NS5B,171,V,0.284,0.127,0.157,3878,787,True
NP031A,NS5B,171,K,0.052,0.127,0.075,3878,787,True
NP031A,NS5B,172,R,0.707,0.369,0.338,3819,813,True
NP031A,NS5B,172,E,0.314,0.0,0.314,3819,813,True
NP031A,NS5B,172,T,0.052,0.0,0.052,3819,813,True
NP031A,NS5B,172,*,0.026,0.0,0.026,3819,813,True
NP031A,NS5B,172,K,98.9,99.385,0.485,3819,813,True
NP031A,NS5B,172,M,0.0,0.246,0.246,3819,813,True
NP031A,NS5B,173,R,99.735,99.781,0.045,3779,912,True
NP031A,NS5B,173,Q,0.185,0.11,0.076,3779,912,True
NP031A,NS5B,173,W,0.079,0.0,0.079,3779,912,True
NP031A,NS5B,173,L,0.0,0.11,0.11,3779,912,True
NP031A,NS5B,174,T,0.08,0.0,0.08,3746,943,True
NP031A,NS5B,174,G,0.053,0.0,0.053,3746,943,True
NP031A,NS5B,174,V,0.107,0.212,0.105,3746,943,True
NP031A,NS5B,174,S,0.08,0.0,0.08,3746,943,True
NP031A,NS5B,174,A,99.68,99.788,0.108,3746,943,True
NP031A,NS5B,175,R,0.15,0.096,0.054,3342,1042,True
NP031A,NS5B,175,P,0.539,0.864,0.325,3342,1042,True
NP031A,NS5B,175,F,0.239,0.0,0.239,3342,1042,True
NP031A,NS5B,175,H,0.12,0.096,0.024,3342,1042,True
NP031A,NS5B,175,L,98.953,98.944,0.008,3342,1042,True
NP031A,NS5B,176,C,0.103,0.0,0.103,3894,1335,True
NP031A,NS5B,176,H,0.051,0.15,0.098,3894,1335,True
NP031A,NS5B,176,F,0.026,0.0,0.026,3894,1335,True
NP031A,NS5B,176,Y,99.82,99.85,0.03,3894,1335,True
NP031A,NS5B,177,E,0.026,0.0,0.026,3797,1613,True
NP031A,NS5B,177,G,0.342,0.434,0.092,3797,1613,True
NP031A,NS5B,177,A,0.0,0.062,0.062,3797,1613,True
NP031A,NS5B,177,N,0.132,0.682,0.55,3797,1613,True
NP031A,NS5B,177,V,0.0,0.062,0.062,3797,1613,True
NP031A,NS5B,177,H,0.0,0.124,0.124,3797,1613,True
NP031A,NS5B,177,D,99.447,98.636,0.811,3797,1613,True
NP031A,NS5B,177,Y,0.053,0.0,0.053,3797,1613,True
NP031A,NS5B,178,I,3.554,0.205,3.349,3489,1954,True
NP031A,NS5B,178,G,0.115,0.0,0.115,3489,1954,True
NP031A,NS5B,178,D,0.086,0.0,0.086,3489,1954,True
NP031A,NS5B,178,A,0.201,0.768,0.567,3489,1954,True
NP031A,NS5B,178,V,96.045,99.028,2.983,3489,1954,True
NP031A,NS5B,179,T,99.725,99.749,0.024,3641,1996,True
NP031A,NS5B,179,I,0.027,0.0,0.027,3641,1996,True
NP031A,NS5B,179,K,0.082,0.0,0.082,3641,1996,True
NP031A,NS5B,179,A,0.165,0.251,0.086,3641,1996,True
NP031A,NS5B,180,R,99.859,99.631,0.228,3549,2168,True
NP031A,NS5B,180,C,0.056,0.046,0.01,3549,2168,True
NP031A,NS5B,180,H,0.0,0.277,0.277,3549,2168,True
NP031A,NS5B,180,L,0.085,0.046,0.038,3549,2168,True
NP031A,NS5B,181,R,0.435,0.397,0.038,3452,2267,True
NP031A,NS5B,181,E,0.521,0.088,0.433,3452,2267,True
NP031A,NS5B,181,T,0.0,0.044,0.044,3452,2267,True
NP031A,NS5B,181,K,98.957,99.427,0.469,3452,2267,True
NP031A,NS5B,181,M,0.087,0.044,0.043,3452,2267,True
NP031A,NS5B,182,Q,0.029,0.0,0.029,3428,2337,True
NP031A,NS5B,182,P,0.263,0.428,0.165,3428,2337,True
NP031A,NS5B,182,L,99.708,99.572,0.136,3428,2337,True
NP031A,NS5B,183,R,0.031,0.04,0.01,3273,2476,True
NP031A,NS5B,183,P,99.878,99.879,0.001,3273,2476,True
NP031A,NS5B,183,S,0.061,0.04,0.021,3273,2476,True
NP031A,NS5B,183,T,0.031,0.0,0.031,3273,2476,True
NP031A,NS5B,183,L,0.0,0.04,0.04,3273,2476,True
NP031A,NS5B,184,Q,0.031,0.079,0.048,3248,2524,True
NP031A,NS5B,184,P,0.185,0.436,0.251,3248,2524,True
NP031A,NS5B,184,L,99.784,99.406,0.379,3248,2524,True
NP031A,NS5B,184,M,0.0,0.079,0.079,3248,2524,True
NP031A,NS5B,185,E,0.0,0.076,0.076,3211,2622,True
NP031A,NS5B,185,G,0.0,0.038,0.038,3211,2622,True
NP031A,NS5B,185,P,0.0,0.038,0.038,3211,2622,True
NP031A,NS5B,185,A,99.689,99.695,0.006,3211,2622,True
NP031A,NS5B,185,S,0.062,0.0,0.062,3211,2622,True
NP031A,NS5B,185,T,0.062,0.076,0.014,3211,2622,True
NP031A,NS5B,185,V,0.187,0.076,0.111,3211,2622,True
NP031A,NS5B,186,I,0.0,0.039,0.039,3102,2576,True
NP031A,NS5B,186,G,0.516,0.039,0.477,3102,2576,True
NP031A,NS5B,186,V,99.065,99.612,0.547,3102,2576,True
NP031A,NS5B,186,A,0.419,0.311,0.109,3102,2576,True
NP031A,NS5B,187,R,0.064,0.0,0.064,3120,2772,True
NP031A,NS5B,187,L,0.0,0.072,0.072,3120,2772,True
NP031A,NS5B,187,T,0.096,0.18,0.084,3120,2772,True
NP031A,NS5B,187,I,0.032,0.108,0.076,3120,2772,True
NP031A,NS5B,187,V,0.288,0.216,0.072,3120,2772,True
NP031A,NS5B,187,K,0.064,0.0,0.064,3120,2772,True
NP031A,NS5B,187,M,99.455,99.423,0.032,3120,2772,True
NP031A,NS5B,188,R,0.0,0.072,0.072,3045,2785,True
NP031A,NS5B,188,E,0.066,0.0,0.066,3045,2785,True
NP031A,NS5B,188,G,99.77,99.892,0.122,3045,2785,True
NP031A,NS5B,188,*,0.066,0.0,0.066,3045,2785,True
NP031A,NS5B,188,V,0.0,0.036,0.036,3045,2785,True
NP031A,NS5B,188,A,0.099,0.0,0.099,3045,2785,True
NP031A,NS5B,189,Q,0.034,0.0,0.034,2960,2953,True
NP031A,NS5B,189,P,99.459,99.831,0.371,2960,2953,True
NP031A,NS5B,189,A,0.068,0.0,0.068,2960,2953,True
NP031A,NS5B,189,S,0.405,0.068,0.338,2960,2953,True
NP031A,NS5B,189,L,0.034,0.102,0.068,2960,2953,True
NP031A,NS5B,190,T,0.033,0.049,0.016,3031,4088,True
NP031A,NS5B,190,D,0.0,0.049,0.049,3031,4088,True
NP031A,NS5B,190,A,99.868,99.853,0.015,3031,4088,True
NP031A,NS5B,190,V,0.099,0.049,0.05,3031,4088,True
NP031A,NS5B,191,*,0.0,0.025,0.025,2930,4059,True
NP031A,NS5B,191,C,0.102,0.148,0.045,2930,4059,True
NP031A,NS5B,191,F,0.0,0.049,0.049,2930,4059,True
NP031A,NS5B,191,N,0.0,0.074,0.074,2930,4059,True
NP031A,NS5B,191,H,0.102,0.197,0.095,2930,4059,True
NP031A,NS5B,191,Y,99.795,99.507,0.288,2930,4059,True
NP031A,NS5B,192,R,0.0,0.023,0.023,2848,4276,True
NP031A,NS5B,192,G,99.965,99.86,0.105,2848,4276,True
NP031A,NS5B,192,D,0.0,0.047,0.047,2848,4276,True
NP031A,NS5B,192,S,0.0,0.07,0.07,2848,4276,True
NP031A,NS5B,192,A,0.035,0.0,0.035,2848,4276,True
NP031A,NS5B,193,P,0.0,0.022,0.022,2532,4563,True
NP031A,NS5B,193,F,98.855,99.08,0.225,2532,4563,True
NP031A,NS5B,193,S,0.434,0.482,0.048,2532,4563,True
NP031A,NS5B,193,I,0.197,0.0,0.197,2532,4563,True
NP031A,NS5B,193,L,0.513,0.416,0.097,2532,4563,True
NP031A,NS5B,194,R,0.197,0.467,0.27,2535,4707,True
NP031A,NS5B,194,E,0.039,0.021,0.018,2535,4707,True
NP031A,NS5B,194,Q,99.606,99.32,0.285,2535,4707,True
NP031A,NS5B,194,*,0.158,0.085,0.073,2535,4707,True
NP031A,NS5B,194,H,0.0,0.042,0.042,2535,4707,True
NP031A,NS5B,194,L,0.0,0.064,0.064,2535,4707,True
NP031A,NS5B,195,*,0.04,0.0,0.04,2494,4792,True
NP031A,NS5B,195,C,0.08,0.209,0.128,2494,4792,True
NP031A,NS5B,195,N,0.08,0.021,0.059,2494,4792,True
NP031A,NS5B,195,H,0.12,0.083,0.037,2494,4792,True
NP031A,NS5B,195,Y,99.679,99.687,0.008,2494,4792,True
NP031A,NS5B,196,P,0.51,0.381,0.128,2355,4722,True
NP031A,NS5B,196,*,0.042,0.0,0.042,2355,4722,True
NP031A,NS5B,196,S,99.321,99.386,0.065,2355,4722,True
NP031A,NS5B,196,T,0.0,0.085,0.085,2355,4722,True
NP031A,NS5B,196,L,0.127,0.148,0.021,2355,4722,True
NP031A,NS5B,197,P,99.656,99.47,0.186,2324,5659,True
NP031A,NS5B,197,H,0.0,0.035,0.035,2324,5659,True
NP031A,NS5B,197,S,0.086,0.053,0.033,2324,5659,True
NP031A,NS5B,197,L,0.258,0.442,0.184,2324,5659,True
NP031A,NS5B,198,R,0.046,0.473,0.427,2196,5497,True
NP031A,NS5B,198,E,0.273,0.109,0.164,2196,5497,True
NP031A,NS5B,198,K,99.681,99.4,0.282,2196,5497,True
NP031A,NS5B,198,M,0.0,0.018,0.018,2196,5497,True
NP031A,NS5B,199,R,0.265,0.715,0.45,1890,5595,True
NP031A,NS5B,199,Q,99.471,99.106,0.365,1890,5595,True
NP031A,NS5B,199,*,0.159,0.125,0.034,1890,5595,True
NP031A,NS5B,199,K,0.0,0.036,0.036,1890,5595,True
NP031A,NS5B,199,H,0.0,0.018,0.018,1890,5595,True
NP031A,NS5B,199,L,0.106,0.0,0.106,1890,5595,True
NP031A,NS5B,200,R,99.437,99.741,0.304,1776,5792,True
NP031A,NS5B,200,G,0.056,0.0,0.056,1776,5792,True
NP031A,NS5B,200,P,0.0,0.035,0.035,1776,5792,True
NP031A,NS5B,200,C,0.113,0.052,0.061,1776,5792,True
NP031A,NS5B,200,S,0.113,0.0,0.113,1776,5792,True
NP031A,NS5B,200,H,0.225,0.155,0.07,1776,5792,True
NP031A,NS5B,200,L,0.056,0.017,0.039,1776,5792,True
NP031A,NS5B,201,E,0.0,0.035,0.035,1695,5789,True
NP031A,NS5B,201,G,0.0,0.069,0.069,1695,5789,True
NP031A,NS5B,201,L,0.0,0.035,0.035,1695,5789,True
NP031A,NS5B,201,I,0.118,0.138,0.02,1695,5789,True
NP031A,NS5B,201,V,99.764,99.447,0.317,1695,5789,True
NP031A,NS5B,201,A,0.118,0.276,0.158,1695,5789,True
NP031A,NS5B,202,E,0.06,0.069,0.009,1660,5770,True
NP031A,NS5B,202,N,0.0,0.121,0.121,1660,5770,True
NP031A,NS5B,202,G,0.241,0.711,0.47,1660,5770,True
NP031A,NS5B,202,D,99.699,99.099,0.6,1660,5770,True
NP031A,NS5B,203,R,99.798,99.628,0.17,1483,5638,True
NP031A,NS5B,203,C,0.202,0.035,0.167,1483,5638,True
NP031A,NS5B,203,H,0.0,0.302,0.302,1483,5638,True
NP031A,NS5B,203,S,0.0,0.035,0.035,1483,5638,True
NP031A,NS5B,204,F,0.0,0.051,0.051,1477,5873,True
NP031A,NS5B,204,P,0.135,0.528,0.392,1477,5873,True
NP031A,NS5B,204,V,0.0,0.034,0.034,1477,5873,True
NP031A,NS5B,204,H,0.271,0.0,0.271,1477,5873,True
NP031A,NS5B,204,L,99.594,99.387,0.207,1477,5873,True
NP031A,NS5B,205,P,0.272,0.382,0.109,1469,6290,True
NP031A,NS5B,205,F,0.0,0.048,0.048,1469,6290,True
NP031A,NS5B,205,I,0.068,0.016,0.052,1469,6290,True
NP031A,NS5B,205,H,0.136,0.016,0.12,1469,6290,True
NP031A,NS5B,205,L,99.523,99.539,0.015,1469,6290,True
NP031A,NS5B,206,R,0.137,0.342,0.205,1455,6716,True
NP031A,NS5B,206,Q,99.519,99.315,0.204,1455,6716,True
NP031A,NS5B,206,P,0.0,0.06,0.06,1455,6716,True
NP031A,NS5B,206,*,0.0,0.119,0.119,1455,6716,True
NP031A,NS5B,206,L,0.275,0.06,0.215,1455,6716,True
NP031A,NS5B,206,K,0.069,0.104,0.036,1455,6716,True
NP031A,NS5B,207,L,0.0,0.029,0.029,1362,6803,True
NP031A,NS5B,207,T,0.147,5.512,5.365,1362,6803,True
NP031A,NS5B,207,I,0.294,0.103,0.191,1362,6803,True
NP031A,NS5B,207,V,0.367,0.529,0.162,1362,6803,True
NP031A,NS5B,207,M,99.192,93.826,5.366,1362,6803,True
NP031A,NS5B,208,R,0.0,0.346,0.346,1118,6356,True
NP031A,NS5B,208,*,0.268,0.142,0.127,1118,6356,True
NP031A,NS5B,208,C,0.0,0.11,0.11,1118,6356,True
NP031A,NS5B,208,S,0.0,0.063,0.063,1118,6356,True
NP031A,NS5B,208,W,99.732,99.339,0.392,1118,6356,True
NP031A,NS5B,209,R,99.346,99.643,0.296,1071,6716,True
NP031A,NS5B,209,G,0.0,0.015,0.015,1071,6716,True
NP031A,NS5B,209,P,0.28,0.0,0.28,1071,6716,True
NP031A,NS5B,209,C,0.187,0.194,0.007,1071,6716,True
NP031A,NS5B,209,H,0.187,0.149,0.038,1071,6716,True
NP031A,NS5B,210,T,0.101,0.165,0.064,995,6675,True
NP031A,NS5B,210,P,0.0,0.03,0.03,995,6675,True
NP031A,NS5B,210,A,99.598,99.775,0.177,995,6675,True
NP031A,NS5B,210,V,0.302,0.03,0.272,995,6675,True
NP031A,NS5B,211,R,10.586,12.954,2.369,973,6739,True
NP031A,NS5B,211,E,0.206,0.223,0.017,973,6739,True
NP031A,NS5B,211,G,0.103,0.03,0.073,973,6739,True
NP031A,NS5B,211,*,0.0,0.045,0.045,973,6739,True
NP031A,NS5B,211,T,0.0,0.045,0.045,973,6739,True
NP031A,NS5B,211,N,0.206,0.0,0.206,973,6739,True
NP031A,NS5B,211,K,88.9,86.704,2.196,973,6739,True
NP031B,NS5B,167,A,0.192,0.0,0.192,5215,105,True
NP031B,NS5B,167,G,0.019,0.0,0.019,5215,105,True
NP031B,NS5B,167,V,99.789,100.0,0.211,5215,105,True
NP031B,NS5B,168,R,99.763,100.0,0.237,5054,105,True
NP031B,NS5B,168,K,0.059,0.0,0.059,5054,105,True
NP031B,NS5B,168,G,0.178,0.0,0.178,5054,105,True
NP031B,NS5B,169,G,0.0,0.629,0.629,5050,318,True
NP031B,NS5B,169,V,99.802,99.371,0.431,5050,318,True
NP031B,NS5B,169,A,0.158,0.0,0.158,5050,318,True
NP031B,NS5B,169,L,0.04,0.0,0.04,5050,318,True
NP031B,NS5B,170,R,0.158,0.641,0.483,5051,468,True
NP031B,NS5B,170,G,0.02,0.214,0.194,5051,468,True
NP031B,NS5B,170,C,99.644,98.932,0.712,5051,468,True
NP031B,NS5B,170,S,0.079,0.214,0.134,5051,468,True
NP031B,NS5B,170,W,0.04,0.0,0.04,5051,468,True
NP031B,NS5B,170,H,0.02,0.0,0.02,5051,468,True
NP031B,NS5B,170,Y,0.04,0.0,0.04,5051,468,True
NP031B,NS5B,171,E,99.25,100.0,0.75,4934,510,True
NP031B,NS5B,171,K,0.101,0.0,0.101,4934,510,True
NP031B,NS5B,171,G,0.385,0.0,0.385,4934,510,True
NP031B,NS5B,171,D,0.041,0.0,0.041,4934,510,True
NP031B,NS5B,171,V,0.223,0.0,0.223,4934,510,True
NP031B,NS5B,172,R,0.435,0.382,0.053,4832,524,True
NP031B,NS5B,172,E,0.373,0.0,0.373,4832,524,True
NP031B,NS5B,172,W,0.021,0.0,0.021,4832,524,True
NP031B,NS5B,172,*,0.041,0.0,0.041,4832,524,True
NP031B,NS5B,172,K,99.11,99.618,0.508,4832,524,True
NP031B,NS5B,172,M,0.021,0.0,0.021,4832,524,True
NP031B,NS5B,173,R,99.666,99.503,0.163,4794,604,True
NP031B,NS5B,173,Q,0.167,0.166,0.001,4794,604,True
NP031B,NS5B,173,P,0.042,0.166,0.124,4794,604,True
NP031B,NS5B,173,W,0.125,0.0,0.125,4794,604,True
NP031B,NS5B,173,L,0.0,0.166,0.166,4794,604,True
NP031B,NS5B,174,T,0.021,0.0,0.021,4765,639,True
NP031B,NS5B,174,P,0.063,0.0,0.063,4765,639,True
NP031B,NS5B,174,A,99.748,100.0,0.252,4765,639,True
NP031B,NS5B,174,V,0.168,0.0,0.168,4765,639,True
NP031B,NS5B,175,R,0.089,0.117,0.028,4509,858,True
NP031B,NS5B,175,P,0.421,1.981,1.56,4509,858,True
NP031B,NS5B,175,F,0.133,0.0,0.133,4509,858,True
NP031B,NS5B,175,I,0.0,0.233,0.233,4509,858,True
NP031B,NS5B,175,H,0.067,0.0,0.067,4509,858,True
NP031B,NS5B,175,L,99.29,97.669,1.621,4509,858,True
NP031B,NS5B,176,*,0.061,0.0,0.061,4952,986,True
NP031B,NS5B,176,C,0.141,0.406,0.264,4952,986,True
NP031B,NS5B,176,F,0.04,0.0,0.04,4952,986,True
NP031B,NS5B,176,N,0.0,0.101,0.101,4952,986,True
NP031B,NS5B,176,H,0.0,0.406,0.406,4952,986,True
NP031B,NS5B,176,Y,99.758,99.087,0.67,4952,986,True
NP031B,NS5B,177,G,0.25,0.31,0.06,4796,968,True
NP031B,NS5B,177,N,0.042,0.207,0.165,4796,968,True
NP031B,NS5B,177,D,99.604,99.277,0.327,4796,968,True
NP031B,NS5B,177,V,0.063,0.0,0.063,4796,968,True
NP031B,NS5B,177,Y,0.042,0.207,0.165,4796,968,True
NP031B,NS5B,178,I,0.068,0.186,0.117,4392,1078,True
NP031B,NS5B,178,G,0.091,0.0,0.091,4392,1078,True
NP031B,NS5B,178,D,0.137,0.0,0.137,4392,1078,True
NP031B,NS5B,178,A,0.137,0.464,0.327,4392,1078,True
NP031B,NS5B,178,V,99.567,99.351,0.217,4392,1078,True
NP031B,NS5B,179,R,0.021,0.0,0.021,4654,1215,True
NP031B,NS5B,179,P,0.021,0.0,0.021,4654,1215,True
NP031B,NS5B,179,A,0.279,0.329,0.05,4654,1215,True
NP031B,NS5B,179,S,0.0,0.165,0.165,4654,1215,True
NP031B,NS5B,179,T,99.613,99.506,0.107,4654,1215,True
NP031B,NS5B,179,I,0.043,0.0,0.043,4654,1215,True
NP031B,NS5B,179,K,0.021,0.0,0.021,4654,1215,True
NP031B,NS5B,180,R,99.732,99.453,0.279,4479,1279,True
NP031B,NS5B,180,C,0.156,0.391,0.235,4479,1279,True
NP031B,NS5B,180,H,0.089,0.156,0.067,4479,1279,True
NP031B,NS5B,180,L,0.022,0.0,0.022,4479,1279,True
NP031B,NS5B,181,R,0.435,0.383,0.052,4365,1305,True
NP031B,NS5B,181,E,0.115,0.23,0.115,4365,1305,True
NP031B,NS5B,181,*,0.023,0.0,0.023,4365,1305,True
NP031B,NS5B,181,N,0.046,0.0,0.046,4365,1305,True
NP031B,NS5B,181,K,99.29,99.31,0.021,4365,1305,True
NP031B,NS5B,181,M,0.092,0.077,0.015,4365,1305,True
NP031B,NS5B,182,P,0.254,0.212,0.043,4324,1418,True
NP031B,NS5B,182,L,99.699,99.788,0.089,4324,1418,True
NP031B,NS5B,182,M,0.046,0.0,0.046,4324,1418,True
NP031B,NS5B,183,R,0.0,0.13,0.13,4122,1542,True
NP031B,NS5B,183,P,99.685,99.611,0.074,4122,1542,True
NP031B,NS5B,183,S,0.049,0.0,0.049,4122,1542,True
NP031B,NS5B,183,A,0.049,0.0,0.049,4122,1542,True
NP031B,NS5B,183,L,0.218,0.259,0.041,4122,1542,True
NP031B,NS5B,184,Q,0.024,0.064,0.039,4083,1564,True
NP031B,NS5B,184,P,0.171,0.384,0.212,4083,1564,True
NP031B,NS5B,184,S,0.0,0.064,0.064,4083,1564,True
NP031B,NS5B,184,L,99.804,99.425,0.38,4083,1564,True
NP031B,NS5B,184,M,0.0,0.064,0.064,4083,1564,True
NP031B,NS5B,185,T,0.0,0.121,0.121,4058,1658,True
NP031B,NS5B,185,E,0.049,0.0,0.049,4058,1658,True
NP031B,NS5B,185,P,0.074,0.0,0.074,4058,1658,True
NP031B,NS5B,185,A,99.803,99.759,0.044,4058,1658,True
NP031B,NS5B,185,V,0.074,0.121,0.047,4058,1658,True
NP031B,NS5B,186,G,0.0,0.118,0.118,3937,1694,True
NP031B,NS5B,186,L,0.051,0.0,0.051,3937,1694,True
NP031B,NS5B,186,I,0.051,0.059,0.008,3937,1694,True
NP031B,NS5B,186,V,99.873,99.174,0.699,3937,1694,True
NP031B,NS5B,186,A,0.025,0.649,0.624,3937,1694,True
NP031B,NS5B,187,T,0.227,0.595,0.368,3969,1850,True
NP031B,NS5B,187,I,0.076,0.27,0.195,3969,1850,True
NP031B,NS5B,187,V,0.126,0.216,0.09,3969,1850,True
NP031B,NS5B,187,M,99.572,98.919,0.653,3969,1850,True
NP031B,NS5B,188,R,0.052,0.201,0.149,3874,1989,True
NP031B,NS5B,188,E,0.103,0.251,0.148,3874,1989,True
NP031B,NS5B,188,G,99.845,99.447,0.398,3874,1989,True
NP031B,NS5B,188,*,0.0,0.101,0.101,3874,1989,True
NP031B,NS5B,189,P,99.841,99.656,0.185,3770,2035,True
NP031B,NS5B,189,S,0.053,0.098,0.045,3770,2035,True
NP031B,NS5B,189,L,0.106,0.246,0.14,3770,2035,True
NP031B,NS5B,190,T,0.0,0.081,0.081,3958,2469,True
NP031B,NS5B,190,A,99.975,99.757,0.218,3958,2469,True
NP031B,NS5B,190,V,0.025,0.162,0.137,3958,2469,True
NP031B,NS5B,191,*,0.0,0.081,0.081,3685,2459,True
NP031B,NS5B,191,C,0.109,0.041,0.068,3685,2459,True
NP031B,NS5B,191,F,0.054,0.041,0.014,3685,2459,True
NP031B,NS5B,191,N,0.0,0.081,0.081,3685,2459,True
NP031B,NS5B,191,H,0.136,0.163,0.027,3685,2459,True
NP031B,NS5B,191,D,0.027,0.0,0.027,3685,2459,True
NP031B,NS5B,191,Y,99.674,99.593,0.081,3685,2459,True
NP031B,NS5B,192,G,99.833,99.874,0.041,3595,3186,True
NP031B,NS5B,192,D,0.056,0.063,0.007,3595,3186,True
NP031B,NS5B,192,C,0.0,0.063,0.063,3595,3186,True
NP031B,NS5B,192,S,0.083,0.0,0.083,3595,3186,True
NP031B,NS5B,192,A,0.028,0.0,0.028,3595,3186,True
NP031B,NS5B,193,P,0.0,0.088,0.088,3171,3412,True
NP031B,NS5B,193,C,0.063,0.029,0.034,3171,3412,True
NP031B,NS5B,193,F,99.306,65.123,34.183,3171,3412,True
NP031B,NS5B,193,S,0.221,34.349,34.129,3171,3412,True
NP031B,NS5B,193,L,0.252,0.234,0.018,3171,3412,True
NP031B,NS5B,193,T,0.0,0.059,0.059,3171,3412,True
NP031B,NS5B,193,I,0.095,0.117,0.023,3171,3412,True
NP031B,NS5B,193,V,0.063,0.0,0.063,3171,3412,True
NP031B,NS5B,194,R,0.314,0.171,0.143,3187,3514,True
NP031B,NS5B,194,E,0.031,0.0,0.031,3187,3514,True
NP031B,NS5B,194,Q,99.529,99.516,0.013,3187,3514,True
NP031B,NS5B,194,*,0.094,0.085,0.009,3187,3514,True
NP031B,NS5B,194,L,0.0,0.199,0.199,3187,3514,True
NP031B,NS5B,194,H,0.031,0.0,0.031,3187,3514,True
NP031B,NS5B,194,K,0.0,0.028,0.028,3187,3514,True
NP031B,NS5B,195,*,0.032,0.0,0.032,3120,3629,True
NP031B,NS5B,195,C,0.16,0.193,0.033,3120,3629,True
NP031B,NS5B,195,N,0.0,0.055,0.055,3120,3629,True
NP031B,NS5B,195,H,0.064,3.141,3.077,3120,3629,True
NP031B,NS5B,195,Y,99.744,96.611,3.133,3120,3629,True
NP031B,NS5B,196,P,0.235,0.482,0.247,2975,3526,True
NP031B,NS5B,196,A,0.0,0.057,0.057,2975,3526,True
NP031B,NS5B,196,S,99.597,99.404,0.192,2975,3526,True
NP031B,NS5B,196,T,0.0,0.028,0.028,2975,3526,True
NP031B,NS5B,196,W,0.034,0.028,0.005,2975,3526,True
NP031B,NS5B,196,L,0.134,0.0,0.134,2975,3526,True
NP031B,NS5B,197,T,0.033,0.0,0.033,3005,4548,True
NP031B,NS5B,197,P,99.967,99.868,0.099,3005,4548,True
NP031B,NS5B,197,S,0.0,0.066,0.066,3005,4548,True
NP031B,NS5B,197,L,0.0,0.066,0.066,3005,4548,True
NP031B,NS5B,198,R,0.142,0.387,0.245,2823,4392,True
NP031B,NS5B,198,E,0.461,0.137,0.324,2823,4392,True
NP031B,NS5B,198,Q,0.106,0.0,0.106,2823,4392,True
NP031B,NS5B,198,*,0.0,0.046,0.046,2823,4392,True
NP031B,NS5B,198,T,0.071,0.0,0.071,2823,4392,True
NP031B,NS5B,198,N,0.071,0.023,0.048,2823,4392,True
NP031B,NS5B,198,K,99.15,99.408,0.258,2823,4392,True
NP031B,NS5B,199,R,0.233,0.421,0.188,2572,4515,True
NP031B,NS5B,199,E,0.0,0.022,0.022,2572,4515,True
NP031B,NS5B,199,Q,99.533,99.468,0.065,2572,4515,True
NP031B,NS5B,199,P,0.078,0.0,0.078,2572,4515,True
NP031B,NS5B,199,*,0.117,0.089,0.028,2572,4515,True
NP031B,NS5B,199,K,0.039,0.0,0.039,2572,4515,True
NP031B,NS5B,200,R,99.754,99.716,0.039,2443,4570,True
NP031B,NS5B,200,C,0.164,0.153,0.011,2443,4570,True
NP031B,NS5B,200,H,0.082,0.131,0.049,2443,4570,True
NP031B,NS5B,201,E,0.043,0.019,0.023,2335,5132,True
NP031B,NS5B,201,I,0.0,0.097,0.097,2335,5132,True
NP031B,NS5B,201,V,99.786,99.63,0.156,2335,5132,True
NP031B,NS5B,201,A,0.171,0.175,0.004,2335,5132,True
NP031B,NS5B,201,M,0.0,0.078,0.078,2335,5132,True
NP031B,NS5B,202,E,0.22,63.798,63.578,2270,5113,False
NP031B,NS5B,202,G,0.705,0.332,0.372,2270,5113,False
NP031B,NS5B,202,Q,0.0,0.039,0.039,2270,5113,False
NP031B,NS5B,202,N,0.0,0.039,0.039,2270,5113,False
NP031B,NS5B,202,D,98.899,35.693,63.205,2270,5113,False
NP031B,NS5B,202,V,0.0,0.078,0.078,2270,5113,False
NP031B,NS5B,202,A,0.176,0.02,0.157,2270,5113,False
NP031B,NS5B,203,R,99.809,99.691,0.117,2091,5184,True
NP031B,NS5B,203,C,0.191,0.231,0.04,2091,5184,True
NP031B,NS5B,203,H,0.0,0.039,0.039,2091,5184,True
NP031B,NS5B,203,S,0.0,0.039,0.039,2091,5184,True
NP031B,NS5B,204,P,0.335,0.213,0.122,2090,5165,True
NP031B,NS5B,204,F,0.191,0.039,0.153,2090,5165,True
NP031B,NS5B,204,L,99.282,99.69,0.408,2090,5165,True
NP031B,NS5B,204,I,0.0,0.039,0.039,2090,5165,True
NP031B,NS5B,204,H,0.144,0.0,0.144,2090,5165,True
NP031B,NS5B,204,V,0.048,0.019,0.028,2090,5165,True
NP031B,NS5B,205,R,0.048,0.036,0.013,2067,5585,True
NP031B,NS5B,205,P,0.532,0.304,0.228,2067,5585,True
NP031B,NS5B,205,F,0.387,0.161,0.226,2067,5585,True
NP031B,NS5B,205,I,0.048,0.0,0.048,2067,5585,True
NP031B,NS5B,205,H,0.097,0.0,0.097,2067,5585,True
NP031B,NS5B,205,L,98.887,99.499,0.611,2067,5585,True
NP031B,NS5B,206,R,0.294,0.152,0.142,2038,5905,True
NP031B,NS5B,206,Q,99.46,99.594,0.133,2038,5905,True
NP031B,NS5B,206,P,0.0,0.034,0.034,2038,5905,True
NP031B,NS5B,206,*,0.098,0.051,0.047,2038,5905,True
NP031B,NS5B,206,K,0.0,0.034,0.034,2038,5905,True
NP031B,NS5B,206,H,0.0,0.034,0.034,2038,5905,True
NP031B,NS5B,206,L,0.147,0.102,0.046,2038,5905,True
NP031B,NS5B,207,R,0.0,0.017,0.017,1890,5973,True
NP031B,NS5B,207,L,0.159,0.1,0.058,1890,5973,True
NP031B,NS5B,207,T,0.106,0.268,0.162,1890,5973,True
NP031B,NS5B,207,I,0.159,0.033,0.125,1890,5973,True
NP031B,NS5B,207,V,0.317,0.502,0.185,1890,5973,True
NP031B,NS5B,207,K,0.106,0.0,0.106,1890,5973,True
NP031B,NS5B,207,M,99.153,99.079,0.074,1890,5973,True
NP031B,NS5B,208,R,0.449,0.401,0.047,1560,5729,True
NP031B,NS5B,208,G,0.0,0.017,0.017,1560,5729,True
NP031B,NS5B,208,*,0.385,0.227,0.158,1560,5729,True
NP031B,NS5B,208,C,0.0,0.017,0.017,1560,5729,True
NP031B,NS5B,208,W,99.167,99.337,0.17,1560,5729,True
NP031B,NS5B,209,R,99.805,99.699,0.106,1535,5974,True
NP031B,NS5B,209,G,0.065,0.0,0.065,1535,5974,True
NP031B,NS5B,209,P,0.0,0.033,0.033,1535,5974,True
NP031B,NS5B,209,C,0.0,0.184,0.184,1535,5974,True
NP031B,NS5B,209,H,0.13,0.05,0.08,1535,5974,True
NP031B,NS5B,209,L,0.0,0.033,0.033,1535,5974,True
NP031B,NS5B,210,P,0.143,0.034,0.109,1398,5903,True
NP031B,NS5B,210,S,0.143,0.0,0.143,1398,5903,True
NP031B,NS5B,210,T,0.429,0.136,0.294,1398,5903,True
NP031B,NS5B,210,V,0.0,0.136,0.136,1398,5903,True
NP031B,NS5B,210,A,99.285,99.695,0.41,1398,5903,True
NP031B,NS5B,211,R,0.218,0.348,0.13,1379,6036,True
NP031B,NS5B,211,E,0.218,0.464,0.246,1379,6036,True
NP031B,NS5B,211,*,0.0,0.033,0.033,1379,6036,True
NP031B,NS5B,211,N,0.0,0.033,0.033,1379,6036,True
NP031B,NS5B,211,K,99.565,99.072,0.493,1379,6036,True
NP031B,NS5B,211,M,0.0,0.05,0.05,1379,6036,True
NP032A,NS5B,166,E,0.095,4.412,4.317,5254,136,True
NP032A,NS5B,166,G,99.772,94.853,4.919,5254,136,True
NP032A,NS5B,166,*,0.019,0.0,0.019,5254,136,True
NP032A,NS5B,166,V,0.076,0.735,0.659,5254,136,True
NP032A,NS5B,166,A,0.038,0.0,0.038,5254,136,True
NP032A,NS5B,167,A,0.23,0.0,0.23,5641,233,True
NP032A,NS5B,167,I,0.071,0.0,0.071,5641,233,True
NP032A,NS5B,167,V,99.699,100.0,0.301,5641,233,True
NP032A,NS5B,168,R,99.636,99.153,0.483,5487,236,True
NP032A,NS5B,168,T,0.018,0.0,0.018,5487,236,True
NP032A,NS5B,168,G,0.164,0.847,0.683,5487,236,True
NP032A,NS5B,168,W,0.036,0.0,0.036,5487,236,True
NP032A,NS5B,168,S,0.018,0.0,0.018,5487,236,True
NP032A,NS5B,168,K,0.128,0.0,0.128,5487,236,True
NP032A,NS5B,169,E,0.038,0.633,0.595,5232,316,True
NP032A,NS5B,169,G,0.038,0.0,0.038,5232,316,True
NP032A,NS5B,169,A,0.229,0.0,0.229,5232,316,True
NP032A,NS5B,169,V,99.618,99.367,0.251,5232,316,True
NP032A,NS5B,169,L,0.019,0.0,0.019,5232,316,True
NP032A,NS5B,169,M,0.057,0.0,0.057,5232,316,True
NP032A,NS5B,170,R,0.342,0.0,0.342,5263,357,True
NP032A,NS5B,170,G,0.019,0.0,0.019,5263,357,True
NP032A,NS5B,170,*,0.038,0.0,0.038,5263,357,True
NP032A,NS5B,170,C,99.335,100.0,0.665,5263,357,True
NP032A,NS5B,170,S,0.038,0.0,0.038,5263,357,True
NP032A,NS5B,170,Y,0.095,0.0,0.095,5263,357,True
NP032A,NS5B,170,W,0.133,0.0,0.133,5263,357,True
NP032A,NS5B,171,E,99.509,100.0,0.491,5088,384,True
NP032A,NS5B,171,G,0.393,0.0,0.393,5088,384,True
NP032A,NS5B,171,D,0.02,0.0,0.02,5088,384,True
NP032A,NS5B,171,K,0.079,0.0,0.079,5088,384,True
NP032A,NS5B,172,R,0.379,0.0,0.379,5010,395,True
NP032A,NS5B,172,E,0.619,0.0,0.619,5010,395,True
NP032A,NS5B,172,T,0.08,0.0,0.08,5010,395,True
NP032A,NS5B,172,I,0.02,0.0,0.02,5010,395,True
NP032A,NS5B,172,*,0.1,0.0,0.1,5010,395,True
NP032A,NS5B,172,K,98.762,100.0,1.238,5010,395,True
NP032A,NS5B,172,M,0.04,0.0,0.04,5010,395,True
NP032A,NS5B,173,R,99.538,99.686,0.148,4983,637,True
NP032A,NS5B,173,G,0.08,0.0,0.08,4983,637,True
NP032A,NS5B,173,Q,0.04,0.157,0.117,4983,637,True
NP032A,NS5B,173,P,0.08,0.0,0.08,4983,637,True
NP032A,NS5B,173,*,0.08,0.0,0.08,4983,637,True
NP032A,NS5B,173,W,0.08,0.157,0.077,4983,637,True
NP032A,NS5B,173,L,0.1,0.0,0.1,4983,637,True
NP032A,NS5B,174,T,0.04,0.0,0.04,5045,708,True
NP032A,NS5B,174,P,0.079,0.0,0.079,5045,708,True
NP032A,NS5B,174,A,99.802,100.0,0.198,5045,708,True
NP032A,NS5B,174,V,0.079,0.0,0.079,5045,708,True
NP032A,NS5B,175,F,0.059,0.0,0.059,5096,898,True
NP032A,NS5B,175,P,1.04,0.668,0.372,5096,898,True
NP032A,NS5B,175,V,0.059,0.111,0.052,5096,898,True
NP032A,NS5B,175,H,0.039,0.0,0.039,5096,898,True
NP032A,NS5B,175,L,98.803,99.22,0.418,5096,898,True
NP032A,NS5B,176,*,0.0,0.103,0.103,5238,968,True
NP032A,NS5B,176,C,0.344,0.103,0.24,5238,968,True
NP032A,NS5B,176,N,0.153,0.0,0.153,5238,968,True
NP032A,NS5B,176,H,0.153,1.55,1.397,5238,968,True
NP032A,NS5B,176,Y,99.351,98.244,1.107,5238,968,True
NP032A,NS5B,177,N,0.119,0.538,0.419,5059,930,True
NP032A,NS5B,177,E,0.02,0.0,0.02,5059,930,True
NP032A,NS5B,177,G,0.217,0.0,0.217,5059,930,True
NP032A,NS5B,177,V,0.02,0.0,0.02,5059,930,True
NP032A,NS5B,177,D,99.565,99.462,0.103,5059,930,True
NP032A,NS5B,177,Y,0.059,0.0,0.059,5059,930,True
NP032A,NS5B,178,I,0.476,0.0,0.476,4833,1005,True
NP032A,NS5B,178,D,0.021,0.0,0.021,4833,1005,True
NP032A,NS5B,178,A,0.331,0.299,0.033,4833,1005,True
NP032A,NS5B,178,F,0.041,0.0,0.041,4833,1005,True
NP032A,NS5B,178,V,99.131,99.701,0.571,4833,1005,True
NP032A,NS5B,179,T,99.712,99.431,0.281,4861,1054,True
NP032A,NS5B,179,K,0.021,0.0,0.021,4861,1054,True
NP032A,NS5B,179,S,0.062,0.0,0.062,4861,1054,True
NP032A,NS5B,179,A,0.144,0.285,0.141,4861,1054,True
NP032A,NS5B,179,M,0.062,0.285,0.223,4861,1054,True
NP032A,NS5B,180,R,0.338,0.274,0.065,4729,1096,True
NP032A,NS5B,180,C,99.535,99.361,0.173,4729,1096,True
NP032A,NS5B,180,F,0.021,0.0,0.021,4729,1096,True
NP032A,NS5B,180,S,0.063,0.182,0.119,4729,1096,True
NP032A,NS5B,180,W,0.0,0.182,0.182,4729,1096,True
NP032A,NS5B,180,Y,0.042,0.0,0.042,4729,1096,True
NP032A,NS5B,181,R,0.228,0.46,0.232,4388,1087,True
NP032A,NS5B,181,E,0.273,0.0,0.273,4388,1087,True
NP032A,NS5B,181,T,0.023,0.0,0.023,4388,1087,True
NP032A,NS5B,181,I,0.0,0.092,0.092,4388,1087,True
NP032A,NS5B,181,K,99.476,99.448,0.028,4388,1087,True
NP032A,NS5B,182,R,0.044,0.0,0.044,4531,1188,True
NP032A,NS5B,182,Q,0.066,0.0,0.066,4531,1188,True
NP032A,NS5B,182,P,0.177,0.337,0.16,4531,1188,True
NP032A,NS5B,182,V,0.044,0.0,0.044,4531,1188,True
NP032A,NS5B,182,L,99.669,99.663,0.006,4531,1188,True
NP032A,NS5B,183,R,0.023,0.078,0.055,4372,1282,True
NP032A,NS5B,183,P,99.68,99.532,0.148,4372,1282,True
NP032A,NS5B,183,S,0.046,0.156,0.11,4372,1282,True
NP032A,NS5B,183,H,0.069,0.0,0.069,4372,1282,True
NP032A,NS5B,183,L,0.183,0.234,0.051,4372,1282,True
NP032A,NS5B,184,R,0.365,0.076,0.289,4388,1317,True
NP032A,NS5B,184,E,0.0,0.076,0.076,4388,1317,True
NP032A,NS5B,184,Q,99.339,99.393,0.053,4388,1317,True
NP032A,NS5B,184,*,0.114,0.152,0.038,4388,1317,True
NP032A,NS5B,184,S,0.023,0.0,0.023,4388,1317,True
NP032A,NS5B,184,H,0.0,0.152,0.152,4388,1317,True
NP032A,NS5B,184,L,0.16,0.152,0.008,4388,1317,True
NP032A,NS5B,185,G,0.047,0.0,0.047,4295,1343,True
NP032A,NS5B,185,P,0.047,0.0,0.047,4295,1343,True
NP032A,NS5B,185,A,99.674,99.777,0.103,4295,1343,True
NP032A,NS5B,185,S,0.093,0.0,0.093,4295,1343,True
NP032A,NS5B,185,T,0.023,0.074,0.051,4295,1343,True
NP032A,NS5B,185,V,0.116,0.149,0.033,4295,1343,True
NP032A,NS5B,186,E,0.025,0.0,0.025,4055,1217,True
NP032A,NS5B,186,V,99.778,99.343,0.435,4055,1217,True
NP032A,NS5B,186,A,0.197,0.575,0.378,4055,1217,True
NP032A,NS5B,186,M,0.0,0.082,0.082,4055,1217,True
NP032A,NS5B,187,T,0.12,0.0,0.12,4168,1430,True
NP032A,NS5B,187,I,0.048,0.07,0.022,4168,1430,True
NP032A,NS5B,187,V,0.144,0.42,0.276,4168,1430,True
NP032A,NS5B,187,M,99.688,99.51,0.178,4168,1430,True
NP032A,NS5B,188,R,0.097,0.069,0.028,4126,1441,True
NP032A,NS5B,188,E,0.024,0.0,0.024,4126,1441,True
NP032A,NS5B,188,G,99.879,99.931,0.052,4126,1441,True
NP032A,NS5B,189,R,0.0,0.067,0.067,3996,1501,True
NP032A,NS5B,189,Q,0.0,0.067,0.067,3996,1501,True
NP032A,NS5B,189,P,99.65,99.8,0.15,3996,1501,True
NP032A,NS5B,189,S,0.125,0.067,0.059,3996,1501,True
NP032A,NS5B,189,L,0.2,0.0,0.2,3996,1501,True
NP032A,NS5B,189,A,0.025,0.0,0.025,3996,1501,True
NP032A,NS5B,190,V,0.025,0.0,0.025,4076,1796,True
NP032A,NS5B,190,A,99.975,100.0,0.025,4076,1796,True
NP032A,NS5B,191,*,0.077,0.054,0.022,3910,1841,True
NP032A,NS5B,191,C,0.051,0.109,0.057,3910,1841,True
NP032A,NS5B,191,N,0.0,0.054,0.054,3910,1841,True
NP032A,NS5B,191,H,0.128,0.217,0.089,3910,1841,True
NP032A,NS5B,191,Y,99.744,99.565,0.179,3910,1841,True
NP032A,NS5B,192,G,99.834,99.738,0.096,3625,1910,True
NP032A,NS5B,192,D,0.0,0.209,0.209,3625,1910,True
NP032A,NS5B,192,C,0.028,0.0,0.028,3625,1910,True
NP032A,NS5B,192,S,0.138,0.052,0.086,3625,1910,True
NP032A,NS5B,193,F,99.301,99.192,0.109,3290,2103,True
NP032A,NS5B,193,S,0.334,0.238,0.097,3290,2103,True
NP032A,NS5B,193,L,0.365,0.476,0.111,3290,2103,True
NP032A,NS5B,193,Y,0.0,0.095,0.095,3290,2103,True
NP032A,NS5B,194,R,0.305,0.231,0.074,3277,2162,True
NP032A,NS5B,194,E,0.092,0.0,0.092,3277,2162,True
NP032A,NS5B,194,Q,99.39,99.63,0.24,3277,2162,True
NP032A,NS5B,194,*,0.092,0.046,0.045,3277,2162,True
NP032A,NS5B,194,L,0.0,0.093,0.093,3277,2162,True
NP032A,NS5B,194,H,0.061,0.0,0.061,3277,2162,True
NP032A,NS5B,194,K,0.061,0.0,0.061,3277,2162,True
NP032A,NS5B,195,C,0.277,0.136,0.141,3248,2206,True
NP032A,NS5B,195,H,0.154,0.363,0.209,3248,2206,True
NP032A,NS5B,195,S,0.062,0.0,0.062,3248,2206,True
NP032A,NS5B,195,Y,99.507,99.501,0.006,3248,2206,True
NP032A,NS5B,196,P,0.224,0.542,0.318,3120,2212,True
NP032A,NS5B,196,*,0.064,0.0,0.064,3120,2212,True
NP032A,NS5B,196,S,99.263,99.096,0.167,3120,2212,True
NP032A,NS5B,196,T,0.096,0.045,0.051,3120,2212,True
NP032A,NS5B,196,W,0.192,0.0,0.192,3120,2212,True
NP032A,NS5B,196,L,0.16,0.316,0.156,3120,2212,True
NP032A,NS5B,197,S,0.0,0.098,0.098,3050,3071,True
NP032A,NS5B,197,L,0.164,0.0,0.164,3050,3071,True
NP032A,NS5B,197,P,99.836,99.902,0.066,3050,3071,True
NP032A,NS5B,198,R,1.118,0.37,0.747,2952,2969,True
NP032A,NS5B,198,E,0.102,0.135,0.033,2952,2969,True
NP032A,NS5B,198,T,0.0,0.067,0.067,2952,2969,True
NP032A,NS5B,198,K,98.78,99.36,0.58,2952,2969,True
NP032A,NS5B,198,M,0.0,0.067,0.067,2952,2969,True
NP032A,NS5B,199,R,0.423,0.675,0.252,2366,2965,True
NP032A,NS5B,199,Q,99.451,99.258,0.193,2366,2965,True
NP032A,NS5B,199,*,0.127,0.0,0.127,2366,2965,True
NP032A,NS5B,199,H,0.0,0.067,0.067,2366,2965,True
NP032A,NS5B,200,R,99.513,99.734,0.221,2258,3003,True
NP032A,NS5B,200,P,0.266,0.0,0.266,2258,3003,True
NP032A,NS5B,200,C,0.089,0.133,0.045,2258,3003,True
NP032A,NS5B,200,H,0.133,0.133,0.0,2258,3003,True
NP032A,NS5B,201,E,0.045,0.034,0.011,2211,2926,True
NP032A,NS5B,201,L,0.045,0.034,0.011,2211,2926,True
NP032A,NS5B,201,I,0.0,0.034,0.034,2211,2926,True
NP032A,NS5B,201,V,99.774,99.624,0.15,2211,2926,True
NP032A,NS5B,201,A,0.136,0.273,0.138,2211,2926,True
NP032A,NS5B,202,E,90.05,78.979,11.07,2020,2959,True
NP032A,NS5B,202,G,0.347,0.406,0.059,2020,2959,True
NP032A,NS5B,202,*,0.0,0.034,0.034,2020,2959,True
NP032A,NS5B,202,A,0.05,0.0,0.05,2020,2959,True
NP032A,NS5B,202,D,9.307,20.412,11.105,2020,2959,True
NP032A,NS5B,202,V,0.099,0.068,0.031,2020,2959,True
NP032A,NS5B,202,K,0.149,0.101,0.047,2020,2959,True
NP032A,NS5B,203,R,99.947,99.83,0.117,1901,2948,True
NP032A,NS5B,203,C,0.053,0.034,0.019,1901,2948,True
NP032A,NS5B,203,H,0.0,0.136,0.136,1901,2948,True
NP032A,NS5B,204,P,0.214,0.492,0.277,1867,3051,True
NP032A,NS5B,204,H,0.321,0.0,0.321,1867,3051,True
NP032A,NS5B,204,L,99.464,99.508,0.044,1867,3051,True
NP032A,NS5B,205,P,0.432,0.958,0.527,1853,3235,True
NP032A,NS5B,205,F,0.162,0.124,0.038,1853,3235,True
NP032A,NS5B,205,I,0.054,0.031,0.023,1853,3235,True
NP032A,NS5B,205,L,99.352,98.887,0.465,1853,3235,True
NP032A,NS5B,206,R,0.272,0.418,0.146,1839,3353,True
NP032A,NS5B,206,Q,99.456,99.493,0.037,1839,3353,True
NP032A,NS5B,206,*,0.054,0.03,0.025,1839,3353,True
NP032A,NS5B,206,H,0.109,0.03,0.079,1839,3353,True
NP032A,NS5B,206,K,0.109,0.03,0.079,1839,3353,True
NP032A,NS5B,207,T,0.117,0.533,0.416,1711,3375,True
NP032A,NS5B,207,I,0.058,0.0,0.058,1711,3375,True
NP032A,NS5B,207,K,0.0,0.03,0.03,1711,3375,True
NP032A,NS5B,207,V,0.584,0.237,0.347,1711,3375,True
NP032A,NS5B,207,M,99.24,99.2,0.04,1711,3375,True
NP032A,NS5B,208,R,0.274,0.223,0.051,1462,3144,True
NP032A,NS5B,208,G,0.0,0.032,0.032,1462,3144,True
NP032A,NS5B,208,*,0.205,0.159,0.046,1462,3144,True
NP032A,NS5B,208,W,99.521,99.587,0.065,1462,3144,True
NP032A,NS5B,209,R,98.857,99.588,0.731,1400,3400,True
NP032A,NS5B,209,P,0.071,0.0,0.071,1400,3400,True
NP032A,NS5B,209,C,0.286,0.176,0.109,1400,3400,True
NP032A,NS5B,209,H,0.786,0.235,0.55,1400,3400,True
NP032A,NS5B,210,T,0.39,0.181,0.21,1281,3322,True
NP032A,NS5B,210,V,0.0,0.03,0.03,1281,3322,True
NP032A,NS5B,210,A,99.61,99.789,0.18,1281,3322,True
NP032A,NS5B,211,R,0.483,0.396,0.087,1242,3535,True
NP032A,NS5B,211,E,0.644,0.311,0.333,1242,3535,True
NP032A,NS5B,211,Q,0.081,0.0,0.081,1242,3535,True
NP032A,NS5B,211,N,0.161,0.057,0.104,1242,3535,True
NP032A,NS5B,211,K,98.551,99.236,0.685,1242,3535,True
NP032A,NS5B,211,M,0.081,0.0,0.081,1242,3535,True
NP032B,NS5B,163,R,0.035,0.0,0.035,5731,109,True
NP032B,NS5B,163,P,99.738,100.0,0.262,5731,109,True
NP032B,NS5B,163,S,0.122,0.0,0.122,5731,109,True
NP032B,NS5B,163,A,0.07,0.0,0.07,5731,109,True
NP032B,NS5B,163,L,0.035,0.0,0.035,5731,109,True
NP032B,NS5B,164,N,0.07,0.0,0.07,5680,111,True
NP032B,NS5B,164,G,0.581,0.0,0.581,5680,111,True
NP032B,NS5B,164,V,0.106,0.0,0.106,5680,111,True
NP032B,NS5B,164,D,99.208,95.495,3.712,5680,111,True
NP032B,NS5B,164,Y,0.035,4.505,4.469,5680,111,True
NP032B,NS5B,165,Q,0.018,0.0,0.018,5519,152,True
NP032B,NS5B,165,P,0.181,0.0,0.181,5519,152,True
NP032B,NS5B,165,L,99.728,100.0,0.272,5519,152,True
NP032B,NS5B,165,M,0.072,0.0,0.072,5519,152,True
NP032B,NS5B,166,R,0.095,0.0,0.095,5240,193,True
NP032B,NS5B,166,E,0.019,1.554,1.535,5240,193,True
NP032B,NS5B,166,G,72.958,85.492,12.534,5240,193,True
NP032B,NS5B,166,P,0.076,0.0,0.076,5240,193,True
NP032B,NS5B,166,*,0.019,0.0,0.019,5240,193,True
NP032B,NS5B,166,A,0.0,0.518,0.518,5240,193,True
NP032B,NS5B,166,S,26.794,9.845,16.949,5240,193,True
NP032B,NS5B,166,L,0.038,2.591,2.553,5240,193,True
NP032B,NS5B,167,I,0.017,0.0,0.017,6013,516,True
NP032B,NS5B,167,V,99.751,100.0,0.249,6013,516,True
NP032B,NS5B,167,A,0.166,0.0,0.166,6013,516,True
NP032B,NS5B,167,L,0.067,0.0,0.067,6013,516,True
NP032B,NS5B,168,R,99.72,99.25,0.47,5709,533,True
NP032B,NS5B,168,G,0.175,0.188,0.012,5709,533,True
NP032B,NS5B,168,S,0.018,0.0,0.018,5709,533,True
NP032B,NS5B,168,W,0.018,0.188,0.17,5709,533,True
NP032B,NS5B,168,K,0.07,0.375,0.305,5709,533,True
NP032B,NS5B,169,A,0.16,0.0,0.16,5637,648,True
NP032B,NS5B,169,V,99.645,100.0,0.355,5637,648,True
NP032B,NS5B,169,M,0.195,0.0,0.195,5637,648,True
NP032B,NS5B,170,R,0.353,0.696,0.343,5658,718,True
NP032B,NS5B,170,*,0.071,0.0,0.071,5658,718,True
NP032B,NS5B,170,C,99.346,99.164,0.182,5658,718,True
NP032B,NS5B,170,S,0.071,0.0,0.071,5658,718,True
NP032B,NS5B,170,W,0.018,0.0,0.018,5658,718,True
NP032B,NS5B,170,Y,0.141,0.139,0.002,5658,718,True
NP032B,NS5B,171,E,99.206,99.586,0.38,5544,725,True
NP032B,NS5B,171,G,0.361,0.276,0.085,5544,725,True
NP032B,NS5B,171,*,0.108,0.0,0.108,5544,725,True
NP032B,NS5B,171,K,0.234,0.0,0.234,5544,725,True
NP032B,NS5B,171,V,0.054,0.138,0.084,5544,725,True
NP032B,NS5B,171,A,0.036,0.0,0.036,5544,725,True
NP032B,NS5B,172,R,0.624,0.131,0.493,5448,764,True
NP032B,NS5B,172,E,0.477,0.131,0.346,5448,764,True
NP032B,NS5B,172,*,0.11,0.0,0.11,5448,764,True
NP032B,NS5B,172,K,98.789,99.346,0.557,5448,764,True
NP032B,NS5B,172,M,0.0,0.393,0.393,5448,764,True
NP032B,NS5B,173,R,99.406,99.682,0.276,5386,1259,True
NP032B,NS5B,173,G,0.019,0.0,0.019,5386,1259,True
NP032B,NS5B,173,Q,0.464,0.079,0.385,5386,1259,True
NP032B,NS5B,173,P,0.019,0.0,0.019,5386,1259,True
NP032B,NS5B,173,W,0.037,0.079,0.042,5386,1259,True
NP032B,NS5B,173,L,0.056,0.159,0.103,5386,1259,True
NP032B,NS5B,174,T,0.073,0.066,0.007,5453,1509,True
NP032B,NS5B,174,P,0.018,0.0,0.018,5453,1509,True
NP032B,NS5B,174,V,0.055,0.0,0.055,5453,1509,True
NP032B,NS5B,174,S,0.018,0.0,0.018,5453,1509,True
NP032B,NS5B,174,A,99.835,99.934,0.099,5453,1509,True
NP032B,NS5B,175,R,0.018,0.049,0.031,5542,2037,True
NP032B,NS5B,175,P,0.271,0.491,0.22,5542,2037,True
NP032B,NS5B,175,V,0.036,0.0,0.036,5542,2037,True
NP032B,NS5B,175,H,0.036,0.0,0.036,5542,2037,True
NP032B,NS5B,175,L,99.639,99.46,0.179,5542,2037,True
NP032B,NS5B,176,N,0.035,0.0,0.035,5684,2168,True
NP032B,NS5B,176,*,0.018,0.0,0.018,5684,2168,True
NP032B,NS5B,176,C,0.211,0.231,0.02,5684,2168,True
NP032B,NS5B,176,H,0.053,0.0,0.053,5684,2168,True
NP032B,NS5B,176,Y,99.683,99.769,0.086,5684,2168,True
NP032B,NS5B,177,E,0.074,0.136,0.062,5441,2206,True
NP032B,NS5B,177,G,0.423,0.181,0.241,5441,2206,True
NP032B,NS5B,177,N,0.147,0.181,0.034,5441,2206,True
NP032B,NS5B,177,D,99.21,99.411,0.201,5441,2206,True
NP032B,NS5B,177,V,0.037,0.091,0.054,5441,2206,True
NP032B,NS5B,177,A,0.074,0.0,0.074,5441,2206,True
NP032B,NS5B,177,Y,0.037,0.0,0.037,5441,2206,True
NP032B,NS5B,178,G,0.078,0.0,0.078,5106,2350,True
NP032B,NS5B,178,A,0.274,0.213,0.061,5106,2350,True
NP032B,NS5B,178,F,0.039,0.0,0.039,5106,2350,True
NP032B,NS5B,178,T,0.0,0.085,0.085,5106,2350,True
NP032B,NS5B,178,I,2.096,35.404,33.309,5106,2350,True
NP032B,NS5B,178,V,97.474,64.298,33.176,5106,2350,True
NP032B,NS5B,178,D,0.039,0.0,0.039,5106,2350,True
NP032B,NS5B,179,P,0.02,0.0,0.02,5118,2416,True
NP032B,NS5B,179,S,0.059,0.041,0.017,5118,2416,True
NP032B,NS5B,179,T,99.375,99.627,0.253,5118,2416,True
NP032B,NS5B,179,A,0.41,0.29,0.121,5118,2416,True
NP032B,NS5B,179,M,0.137,0.041,0.095,5118,2416,True
NP032B,NS5B,180,R,0.366,0.41,0.044,4919,2442,True
NP032B,NS5B,180,G,0.02,0.0,0.02,4919,2442,True
NP032B,NS5B,180,C,99.593,99.509,0.085,4919,2442,True
NP032B,NS5B,180,S,0.02,0.041,0.021,4919,2442,True
NP032B,NS5B,180,Y,0.0,0.041,0.041,4919,2442,True
NP032B,NS5B,181,R,0.456,0.396,0.059,4828,3027,True
NP032B,NS5B,181,E,0.311,0.132,0.179,4828,3027,True
NP032B,NS5B,181,G,0.041,0.0,0.041,4828,3027,True
NP032B,NS5B,181,*,0.083,0.0,0.083,4828,3027,True
NP032B,NS5B,181,T,0.021,0.0,0.021,4828,3027,True
NP032B,NS5B,181,N,0.083,0.0,0.083,4828,3027,True
NP032B,NS5B,181,K,99.006,99.471,0.466,4828,3027,True
NP032B,NS5B,182,P,0.085,0.292,0.208,4732,3077,True
NP032B,NS5B,182,V,0.021,0.0,0.021,4732,3077,True
NP032B,NS5B,182,S,0.148,0.227,0.08,4732,3077,True
NP032B,NS5B,182,L,99.725,99.48,0.245,4732,3077,True
NP032B,NS5B,182,M,0.021,0.0,0.021,4732,3077,True
NP032B,NS5B,183,T,0.022,0.0,0.022,4500,3302,True
NP032B,NS5B,183,P,99.889,99.939,0.051,4500,3302,True
NP032B,NS5B,183,H,0.0,0.03,0.03,4500,3302,True
NP032B,NS5B,183,S,0.044,0.03,0.014,4500,3302,True
NP032B,NS5B,183,L,0.044,0.0,0.044,4500,3302,True
NP032B,NS5B,184,R,0.306,0.235,0.071,4577,3410,True
NP032B,NS5B,184,Q,99.432,99.531,0.099,4577,3410,True
NP032B,NS5B,184,*,0.066,0.059,0.007,4577,3410,True
NP032B,NS5B,184,L,0.197,0.176,0.021,4577,3410,True
NP032B,NS5B,185,T,0.066,0.027,0.039,4551,3710,True
NP032B,NS5B,185,P,0.0,0.054,0.054,4551,3710,True
NP032B,NS5B,185,A,99.758,99.677,0.082,4551,3710,True
NP032B,NS5B,185,V,0.176,0.243,0.067,4551,3710,True
NP032B,NS5B,186,G,0.069,0.0,0.069,4350,3859,True
NP032B,NS5B,186,L,0.023,0.0,0.023,4350,3859,True
NP032B,NS5B,186,I,0.253,0.026,0.227,4350,3859,True
NP032B,NS5B,186,V,99.195,99.223,0.027,4350,3859,True
NP032B,NS5B,186,A,0.46,0.726,0.266,4350,3859,True
NP032B,NS5B,186,M,0.0,0.026,0.026,4350,3859,True
NP032B,NS5B,187,L,0.023,0.0,0.023,4416,4270,True
NP032B,NS5B,187,T,0.091,0.07,0.02,4416,4270,True
NP032B,NS5B,187,I,0.159,0.047,0.112,4416,4270,True
NP032B,NS5B,187,K,0.0,0.023,0.023,4416,4270,True
NP032B,NS5B,187,V,0.34,0.234,0.105,4416,4270,True
NP032B,NS5B,187,M,99.389,99.625,0.237,4416,4270,True
NP032B,NS5B,188,R,0.0,0.047,0.047,4209,4285,True
NP032B,NS5B,188,E,0.048,0.047,0.001,4209,4285,True
NP032B,NS5B,188,G,99.952,99.907,0.046,4209,4285,True
NP032B,NS5B,189,R,0.0,0.044,0.044,4108,4521,True
NP032B,NS5B,189,Q,0.0,0.044,0.044,4108,4521,True
NP032B,NS5B,189,P,99.927,99.624,0.303,4108,4521,True
NP032B,NS5B,189,S,0.024,0.155,0.13,4108,4521,True
NP032B,NS5B,189,L,0.024,0.133,0.108,4108,4521,True
NP032B,NS5B,189,A,0.024,0.0,0.024,4108,4521,True
NP032B,NS5B,190,T,0.073,0.04,0.033,4124,4987,True
NP032B,NS5B,190,A,99.564,99.88,0.316,4124,4987,True
NP032B,NS5B,190,S,0.145,0.0,0.145,4124,4987,True
NP032B,NS5B,190,V,0.218,0.08,0.138,4124,4987,True
NP032B,NS5B,191,*,0.102,0.0,0.102,3940,5005,True
NP032B,NS5B,191,C,0.305,0.1,0.205,3940,5005,True
NP032B,NS5B,191,F,0.0,0.02,0.02,3940,5005,True
NP032B,NS5B,191,H,0.127,0.08,0.047,3940,5005,True
NP032B,NS5B,191,D,0.0,0.02,0.02,3940,5005,True
NP032B,NS5B,191,Y,99.467,99.78,0.313,3940,5005,True
NP032B,NS5B,192,G,99.894,99.842,0.052,3776,5685,True
NP032B,NS5B,192,A,0.0,0.035,0.035,3776,5685,True
NP032B,NS5B,192,S,0.053,0.07,0.017,3776,5685,True
NP032B,NS5B,192,V,0.0,0.018,0.018,3776,5685,True
NP032B,NS5B,192,D,0.053,0.035,0.018,3776,5685,True
NP032B,NS5B,193,F,99.541,99.221,0.321,3489,6030,True
NP032B,NS5B,193,S,0.172,0.365,0.193,3489,6030,True
NP032B,NS5B,193,I,0.029,0.033,0.005,3489,6030,True
NP032B,NS5B,193,L,0.258,0.381,0.123,3489,6030,True
NP032B,NS5B,194,R,0.517,0.207,0.31,3479,6280,True
NP032B,NS5B,194,Q,99.425,99.761,0.336,3479,6280,True
NP032B,NS5B,194,*,0.057,0.032,0.026,3479,6280,True
NP032B,NS5B,195,C,0.058,0.155,0.096,3425,6458,True
NP032B,NS5B,195,F,0.058,0.0,0.058,3425,6458,True
NP032B,NS5B,195,N,0.0,0.015,0.015,3425,6458,True
NP032B,NS5B,195,H,0.146,0.093,0.053,3425,6458,True
NP032B,NS5B,195,D,0.0,0.031,0.031,3425,6458,True
NP032B,NS5B,195,Y,99.737,99.706,0.031,3425,6458,True
NP032B,NS5B,196,P,0.459,0.266,0.194,3266,6401,True
NP032B,NS5B,196,S,99.388,99.656,0.269,3266,6401,True
NP032B,NS5B,196,L,0.031,0.062,0.032,3266,6401,True
NP032B,NS5B,196,W,0.092,0.016,0.076,3266,6401,True
NP032B,NS5B,196,A,0.031,0.0,0.031,3266,6401,True
NP032B,NS5B,197,P,99.936,99.888,0.048,3131,7123,True
NP032B,NS5B,197,S,0.0,0.056,0.056,3131,7123,True
NP032B,NS5B,197,L,0.064,0.056,0.008,3131,7123,True
NP032B,NS5B,198,R,0.364,0.188,0.175,3025,6901,True
NP032B,NS5B,198,E,0.198,0.188,0.01,3025,6901,True
NP032B,NS5B,198,Q,0.066,0.014,0.052,3025,6901,True
NP032B,NS5B,198,N,0.066,0.029,0.037,3025,6901,True
NP032B,NS5B,198,K,99.306,99.565,0.259,3025,6901,True
NP032B,NS5B,198,M,0.0,0.014,0.014,3025,6901,True
NP032B,NS5B,199,R,0.817,0.35,0.467,2692,7143,True
NP032B,NS5B,199,E,0.074,0.0,0.074,2692,7143,True
NP032B,NS5B,199,Q,98.886,99.51,0.624,2692,7143,True
NP032B,NS5B,199,*,0.0,0.042,0.042,2692,7143,True
NP032B,NS5B,199,L,0.074,0.0,0.074,2692,7143,True
NP032B,NS5B,199,H,0.074,0.042,0.032,2692,7143,True
NP032B,NS5B,199,K,0.074,0.056,0.018,2692,7143,True
NP032B,NS5B,200,R,99.805,99.695,0.11,2558,7203,True
NP032B,NS5B,200,G,0.156,0.0,0.156,2558,7203,True
NP032B,NS5B,200,P,0.039,0.014,0.025,2558,7203,True
NP032B,NS5B,200,C,0.0,0.153,0.153,2558,7203,True
NP032B,NS5B,200,H,0.0,0.139,0.139,2558,7203,True
NP032B,NS5B,201,E,0.04,0.0,0.04,2515,7161,True
NP032B,NS5B,201,L,0.08,0.028,0.052,2515,7161,True
NP032B,NS5B,201,I,0.0,0.07,0.07,2515,7161,True
NP032B,NS5B,201,V,99.801,99.483,0.318,2515,7161,True
NP032B,NS5B,201,A,0.04,0.419,0.379,2515,7161,True
NP032B,NS5B,201,M,0.04,0.0,0.04,2515,7161,True
NP032B,NS5B,202,Q,0.0,0.014,0.014,2330,7306,True
NP032B,NS5B,202,A,0.0,0.027,0.027,2330,7306,True
NP032B,NS5B,202,K,0.386,0.014,0.373,2330,7306,True
NP032B,NS5B,202,D,19.399,44.922,25.523,2330,7306,True
NP032B,NS5B,202,E,79.571,54.585,24.986,2330,7306,True
NP032B,NS5B,202,G,0.429,0.274,0.155,2330,7306,True
NP032B,NS5B,202,*,0.086,0.027,0.058,2330,7306,True
NP032B,NS5B,202,N,0.086,0.082,0.004,2330,7306,True
NP032B,NS5B,202,V,0.043,0.055,0.012,2330,7306,True
NP032B,NS5B,203,R,99.82,99.796,0.024,2219,7353,True
NP032B,NS5B,203,G,0.0,0.027,0.027,2219,7353,True
NP032B,NS5B,203,C,0.0,0.095,0.095,2219,7353,True
NP032B,NS5B,203,S,0.0,0.027,0.027,2219,7353,True
NP032B,NS5B,203,H,0.18,0.027,0.153,2219,7353,True
NP032B,NS5B,203,L,0.0,0.027,0.027,2219,7353,True
NP032B,NS5B,204,R,0.046,0.04,0.006,2152,7462,True
NP032B,NS5B,204,P,0.604,0.335,0.269,2152,7462,True
NP032B,NS5B,204,F,0.093,0.482,0.39,2152,7462,True
NP032B,NS5B,204,L,99.071,99.075,0.005,2152,7462,True
NP032B,NS5B,204,I,0.093,0.0,0.093,2152,7462,True
NP032B,NS5B,204,H,0.0,0.067,0.067,2152,7462,True
NP032B,NS5B,204,V,0.093,0.0,0.093,2152,7462,True
NP032B,NS5B,205,R,0.0,0.023,0.023,2144,8714,True
NP032B,NS5B,205,P,0.047,0.275,0.229,2144,8714,True
NP032B,NS5B,205,F,0.093,0.069,0.024,2144,8714,True
NP032B,NS5B,205,I,0.0,0.011,0.011,2144,8714,True
NP032B,NS5B,205,V,0.0,0.023,0.023,2144,8714,True
NP032B,NS5B,205,H,0.047,0.0,0.047,2144,8714,True
NP032B,NS5B,205,L,99.813,99.598,0.215,2144,8714,True
NP032B,NS5B,206,R,0.189,0.347,0.158,2120,9223,True
NP032B,NS5B,206,E,0.0,0.022,0.022,2120,9223,True
NP032B,NS5B,206,Q,99.057,99.393,0.336,2120,9223,True
NP032B,NS5B,206,P,0.0,0.022,0.022,2120,9223,True
NP032B,NS5B,206,*,0.425,0.087,0.338,2120,9223,True
NP032B,NS5B,206,K,0.0,0.043,0.043,2120,9223,True
NP032B,NS5B,206,H,0.094,0.043,0.051,2120,9223,True
NP032B,NS5B,206,L,0.236,0.043,0.192,2120,9223,True
NP032B,NS5B,207,T,0.297,0.218,0.079,2018,9166,True
NP032B,NS5B,207,I,0.347,0.295,0.052,2018,9166,True
NP032B,NS5B,207,V,0.496,0.24,0.256,2018,9166,True
NP032B,NS5B,207,M,98.86,99.247,0.387,2018,9166,True
NP032B,NS5B,208,R,0.124,0.49,0.366,1611,8373,True
NP032B,NS5B,208,W,99.752,99.26,0.492,1611,8373,True
NP032B,NS5B,208,C,0.0,0.048,0.048,1611,8373,True
NP032B,NS5B,208,*,0.0,0.203,0.203,1611,8373,True
NP032B,NS5B,208,S,0.124,0.0,0.124,1611,8373,True
NP032B,NS5B,209,R,99.604,99.697,0.092,1517,8902,True
NP032B,NS5B,209,G,0.0,0.011,0.011,1517,8902,True
NP032B,NS5B,209,P,0.066,0.034,0.032,1517,8902,True
NP032B,NS5B,209,C,0.198,0.124,0.074,1517,8902,True
NP032B,NS5B,209,H,0.132,0.135,0.003,1517,8902,True
NP032B,NS5B,210,E,0.0,0.023,0.023,1416,8884,True
NP032B,NS5B,210,G,0.282,0.36,0.078,1416,8884,True
NP032B,NS5B,210,P,0.0,0.034,0.034,1416,8884,True
NP032B,NS5B,210,A,99.223,99.223,0.0,1416,8884,True
NP032B,NS5B,210,S,0.0,0.023,0.023,1416,8884,True
NP032B,NS5B,210,T,0.353,0.191,0.162,1416,8884,True
NP032B,NS5B,210,V,0.141,0.146,0.005,1416,8884,True
NP032B,NS5B,211,R,1.033,5.682,4.648,1355,9346,True
NP032B,NS5B,211,E,0.443,0.567,0.124,1355,9346,True
NP032B,NS5B,211,G,0.0,0.107,0.107,1355,9346,True
NP032B,NS5B,211,Q,0.0,0.011,0.011,1355,9346,True
NP032B,NS5B,211,*,0.0,0.011,0.011,1355,9346,True
NP032B,NS5B,211,N,0.0,0.032,0.032,1355,9346,True
NP032B,NS5B,211,K,98.524,93.569,4.955,1355,9346,True
NP032B,NS5B,211,M,0.0,0.021,0.021,1355,9346,True
NP033A,NS5B,165,I,0.017,0.0,0.017,5783,110,True
NP033A,NS5B,165,P,0.138,0.0,0.138,5783,110,True
NP033A,NS5B,165,H,0.017,0.0,0.017,5783,110,True
NP033A,NS5B,165,F,0.104,0.0,0.104,5783,110,True
NP033A,NS5B,165,L,99.723,100.0,0.277,5783,110,True
NP033A,NS5B,166,R,0.204,0.0,0.204,5868,119,True
NP033A,NS5B,166,E,0.051,0.0,0.051,5868,119,True
NP033A,NS5B,166,G,99.693,100.0,0.307,5868,119,True
NP033A,NS5B,166,W,0.034,0.0,0.034,5868,119,True
NP033A,NS5B,166,A,0.017,0.0,0.017,5868,119,True
NP033A,NS5B,167,A,0.343,0.0,0.343,6120,189,True
NP033A,NS5B,167,V,99.624,100.0,0.376,6120,189,True
NP033A,NS5B,167,M,0.033,0.0,0.033,6120,189,True
NP033A,NS5B,168,R,99.439,98.947,0.492,6064,190,True
NP033A,NS5B,168,G,0.396,1.053,0.657,6064,190,True
NP033A,NS5B,168,W,0.033,0.0,0.033,6064,190,True
NP033A,NS5B,168,S,0.033,0.0,0.033,6064,190,True
NP033A,NS5B,168,K,0.099,0.0,0.099,6064,190,True
NP033A,NS5B,169,E,0.017,0.0,0.017,5878,306,True
NP033A,NS5B,169,I,0.034,0.0,0.034,5878,306,True
NP033A,NS5B,169,G,0.017,0.0,0.017,5878,306,True
NP033A,NS5B,169,A,0.187,0.654,0.466,5878,306,True
NP033A,NS5B,169,V,99.711,99.346,0.364,5878,306,True
NP033A,NS5B,169,L,0.034,0.0,0.034,5878,306,True
NP033A,NS5B,170,R,0.353,0.0,0.353,5944,370,True
NP033A,NS5B,170,W,0.05,0.0,0.05,5944,370,True
NP033A,NS5B,170,C,99.394,99.73,0.335,5944,370,True
NP033A,NS5B,170,S,0.084,0.27,0.186,5944,370,True
NP033A,NS5B,170,Y,0.118,0.0,0.118,5944,370,True
NP033A,NS5B,171,E,99.459,98.684,0.774,5727,380,True
NP033A,NS5B,171,G,0.279,0.526,0.247,5727,380,True
NP033A,NS5B,171,A,0.017,0.0,0.017,5727,380,True
NP033A,NS5B,171,D,0.035,0.0,0.035,5727,380,True
NP033A,NS5B,171,V,0.105,0.526,0.422,5727,380,True
NP033A,NS5B,171,K,0.105,0.263,0.158,5727,380,True
NP033A,NS5B,172,R,0.591,0.0,0.591,5582,394,True
NP033A,NS5B,172,E,0.466,0.0,0.466,5582,394,True
NP033A,NS5B,172,N,0.036,0.0,0.036,5582,394,True
NP033A,NS5B,172,T,0.036,0.0,0.036,5582,394,True
NP033A,NS5B,172,K,98.871,100.0,1.129,5582,394,True
NP033A,NS5B,173,R,99.707,100.0,0.293,5456,539,True
NP033A,NS5B,173,Q,0.11,0.0,0.11,5456,539,True
NP033A,NS5B,173,P,0.037,0.0,0.037,5456,539,True
NP033A,NS5B,173,*,0.11,0.0,0.11,5456,539,True
NP033A,NS5B,173,L,0.037,0.0,0.037,5456,539,True
NP033A,NS5B,174,V,0.248,0.0,0.248,5654,594,True
NP033A,NS5B,174,S,0.035,0.0,0.035,5654,594,True
NP033A,NS5B,174,A,99.717,100.0,0.283,5654,594,True
NP033A,NS5B,175,P,0.41,0.683,0.273,5614,879,True
NP033A,NS5B,175,H,0.071,0.0,0.071,5614,879,True
NP033A,NS5B,175,F,0.036,0.114,0.078,5614,879,True
NP033A,NS5B,175,L,99.483,99.204,0.28,5614,879,True
NP033A,NS5B,176,N,0.052,0.0,0.052,5794,917,True
NP033A,NS5B,176,C,0.138,0.109,0.029,5794,917,True
NP033A,NS5B,176,H,0.121,0.545,0.424,5794,917,True
NP033A,NS5B,176,D,0.017,0.0,0.017,5794,917,True
NP033A,NS5B,176,Y,99.672,99.346,0.326,5794,917,True
NP033A,NS5B,177,N,0.141,0.893,0.752,5666,896,True
NP033A,NS5B,177,E,0.018,0.0,0.018,5666,896,True
NP033A,NS5B,177,G,0.529,0.446,0.083,5666,896,True
NP033A,NS5B,177,V,0.088,0.0,0.088,5666,896,True
NP033A,NS5B,177,D,99.223,98.661,0.563,5666,896,True
NP033A,NS5B,178,G,0.019,0.0,0.019,5181,981,True
NP033A,NS5B,178,A,0.116,0.612,0.496,5181,981,True
NP033A,NS5B,178,F,0.077,0.0,0.077,5181,981,True
NP033A,NS5B,178,L,0.116,0.0,0.116,5181,981,True
NP033A,NS5B,178,I,0.154,0.612,0.457,5181,981,True
NP033A,NS5B,178,V,99.344,98.675,0.669,5181,981,True
NP033A,NS5B,178,D,0.174,0.102,0.072,5181,981,True
NP033A,NS5B,179,T,99.053,99.312,0.259,5386,1017,True
NP033A,NS5B,179,R,0.019,0.0,0.019,5386,1017,True
NP033A,NS5B,179,P,0.019,0.0,0.019,5386,1017,True
NP033A,NS5B,179,A,0.241,0.688,0.447,5386,1017,True
NP033A,NS5B,179,M,0.668,0.0,0.668,5386,1017,True
NP033A,NS5B,180,R,99.238,99.346,0.108,5117,1070,True
NP033A,NS5B,180,C,0.059,0.28,0.222,5117,1070,True
NP033A,NS5B,180,H,0.664,0.374,0.291,5117,1070,True
NP033A,NS5B,180,S,0.039,0.0,0.039,5117,1070,True
NP033A,NS5B,181,R,0.83,0.283,0.547,4939,1059,True
NP033A,NS5B,181,E,1.944,0.189,1.755,4939,1059,True
NP033A,NS5B,181,*,0.02,0.0,0.02,4939,1059,True
NP033A,NS5B,181,T,0.02,0.0,0.02,4939,1059,True
NP033A,NS5B,181,N,0.0,0.189,0.189,4939,1059,True
NP033A,NS5B,181,K,97.125,99.339,2.214,4939,1059,True
NP033A,NS5B,181,M,0.061,0.0,0.061,4939,1059,True
NP033A,NS5B,182,P,0.306,0.17,0.136,4908,1179,True
NP033A,NS5B,182,V,0.081,0.0,0.081,4908,1179,True
NP033A,NS5B,182,L,99.613,99.83,0.217,4908,1179,True
NP033A,NS5B,183,R,0.021,0.0,0.021,4689,1212,True
NP033A,NS5B,183,P,99.829,100.0,0.171,4689,1212,True
NP033A,NS5B,183,S,0.021,0.0,0.021,4689,1212,True
NP033A,NS5B,183,L,0.128,0.0,0.128,4689,1212,True
NP033A,NS5B,184,Q,0.0,0.16,0.16,4728,1252,True
NP033A,NS5B,184,P,0.19,0.16,0.031,4728,1252,True
NP033A,NS5B,184,S,0.085,0.0,0.085,4728,1252,True
NP033A,NS5B,184,L,99.704,99.681,0.023,4728,1252,True
NP033A,NS5B,184,M,0.021,0.0,0.021,4728,1252,True
NP033A,NS5B,185,T,0.107,0.455,0.347,4666,1320,True
NP033A,NS5B,185,E,0.086,0.0,0.086,4666,1320,True
NP033A,NS5B,185,P,0.064,0.0,0.064,4666,1320,True
NP033A,NS5B,185,V,1.307,0.985,0.322,4666,1320,True
NP033A,NS5B,185,A,98.435,98.561,0.125,4666,1320,True
NP033A,NS5B,186,E,0.044,0.0,0.044,4570,1296,True
NP033A,NS5B,186,I,0.722,2.546,1.824,4570,1296,True
NP033A,NS5B,186,G,0.044,0.0,0.044,4570,1296,True
NP033A,NS5B,186,A,0.197,0.309,0.112,4570,1296,True
NP033A,NS5B,186,V,98.993,97.145,1.848,4570,1296,True
NP033A,NS5B,187,L,0.066,0.0,0.066,4555,1414,True
NP033A,NS5B,187,T,0.22,0.424,0.205,4555,1414,True
NP033A,NS5B,187,I,0.066,0.141,0.076,4555,1414,True
NP033A,NS5B,187,K,0.0,0.071,0.071,4555,1414,True
NP033A,NS5B,187,V,0.154,0.141,0.012,4555,1414,True
NP033A,NS5B,187,M,99.495,99.222,0.273,4555,1414,True
NP033A,NS5B,188,R,0.156,0.069,0.087,4485,1441,True
NP033A,NS5B,188,E,0.022,0.139,0.116,4485,1441,True
NP033A,NS5B,188,G,99.799,99.514,0.285,4485,1441,True
NP033A,NS5B,188,*,0.022,0.0,0.022,4485,1441,True
NP033A,NS5B,188,V,0.0,0.278,0.278,4485,1441,True
NP033A,NS5B,189,T,0.023,0.0,0.023,4295,1497,True
NP033A,NS5B,189,P,99.86,99.866,0.006,4295,1497,True
NP033A,NS5B,189,S,0.0,0.067,0.067,4295,1497,True
NP033A,NS5B,189,A,0.023,0.0,0.023,4295,1497,True
NP033A,NS5B,189,L,0.093,0.067,0.026,4295,1497,True
NP033A,NS5B,190,T,0.0,0.269,0.269,4466,1859,True
NP033A,NS5B,190,D,0.045,0.0,0.045,4466,1859,True
NP033A,NS5B,190,A,99.888,99.139,0.749,4466,1859,True
NP033A,NS5B,190,S,0.0,0.592,0.592,4466,1859,True
NP033A,NS5B,190,V,0.067,0.0,0.067,4466,1859,True
NP033A,NS5B,191,*,0.024,0.0,0.024,4237,1886,True
NP033A,NS5B,191,C,0.283,0.106,0.177,4237,1886,True
NP033A,NS5B,191,F,0.165,0.0,0.165,4237,1886,True
NP033A,NS5B,191,N,0.094,0.106,0.012,4237,1886,True
NP033A,NS5B,191,H,0.071,0.053,0.018,4237,1886,True
NP033A,NS5B,191,Y,99.363,99.735,0.372,4237,1886,True
NP033A,NS5B,192,G,99.871,99.801,0.07,3863,2008,True
NP033A,NS5B,192,D,0.026,0.149,0.124,3863,2008,True
NP033A,NS5B,192,C,0.052,0.0,0.052,3863,2008,True
NP033A,NS5B,192,S,0.052,0.05,0.002,3863,2008,True
NP033A,NS5B,193,F,99.318,98.561,0.757,3518,2154,True
NP033A,NS5B,193,S,0.426,0.65,0.224,3518,2154,True
NP033A,NS5B,193,I,0.0,0.046,0.046,3518,2154,True
NP033A,NS5B,193,V,0.0,0.046,0.046,3518,2154,True
NP033A,NS5B,193,L,0.256,0.696,0.441,3518,2154,True
NP033A,NS5B,194,R,0.172,0.321,0.149,3482,2181,True
NP033A,NS5B,194,E,0.029,0.0,0.029,3482,2181,True
NP033A,NS5B,194,Q,99.397,99.633,0.236,3482,2181,True
NP033A,NS5B,194,P,0.029,0.0,0.029,3482,2181,True
NP033A,NS5B,194,*,0.057,0.046,0.012,3482,2181,True
NP033A,NS5B,194,K,0.086,0.0,0.086,3482,2181,True
NP033A,NS5B,194,H,0.086,0.0,0.086,3482,2181,True
NP033A,NS5B,194,L,0.144,0.0,0.144,3482,2181,True
NP033A,NS5B,195,C,0.264,0.088,0.175,3410,2260,True
NP033A,NS5B,195,H,0.088,0.133,0.045,3410,2260,True
NP033A,NS5B,195,F,0.0,0.088,0.088,3410,2260,True
NP033A,NS5B,195,Y,99.648,99.69,0.042,3410,2260,True
NP033A,NS5B,196,P,0.219,0.494,0.275,3201,2227,True
NP033A,NS5B,196,*,0.0,0.09,0.09,3201,2227,True
NP033A,NS5B,196,S,99.469,99.282,0.187,3201,2227,True
NP033A,NS5B,196,L,0.062,0.135,0.072,3201,2227,True
NP033A,NS5B,196,T,0.156,0.0,0.156,3201,2227,True
NP033A,NS5B,196,A,0.094,0.0,0.094,3201,2227,True
NP033A,NS5B,197,T,0.0,0.038,0.038,3262,2630,True
NP033A,NS5B,197,P,99.785,99.886,0.101,3262,2630,True
NP033A,NS5B,197,S,0.092,0.0,0.092,3262,2630,True
NP033A,NS5B,197,L,0.123,0.076,0.047,3262,2630,True
NP033A,NS5B,198,R,0.263,0.911,0.648,3040,2525,True
NP033A,NS5B,198,E,0.526,0.119,0.408,3040,2525,True
NP033A,NS5B,198,*,0.066,0.0,0.066,3040,2525,True
NP033A,NS5B,198,S,0.033,0.0,0.033,3040,2525,True
NP033A,NS5B,198,N,0.066,0.0,0.066,3040,2525,True
NP033A,NS5B,198,K,99.046,98.97,0.076,3040,2525,True
NP033A,NS5B,199,R,0.37,0.19,0.179,2705,2629,True
NP033A,NS5B,199,Q,99.556,99.772,0.215,2705,2629,True
NP033A,NS5B,199,*,0.0,0.038,0.038,2705,2629,True
NP033A,NS5B,199,L,0.074,0.0,0.074,2705,2629,True
NP033A,NS5B,200,R,99.647,99.813,0.166,2551,2679,True
NP033A,NS5B,200,G,0.039,0.0,0.039,2551,2679,True
NP033A,NS5B,200,C,0.118,0.149,0.032,2551,2679,True
NP033A,NS5B,200,H,0.196,0.0,0.196,2551,2679,True
NP033A,NS5B,200,S,0.0,0.037,0.037,2551,2679,True
NP033A,NS5B,201,E,0.0,0.038,0.038,2458,2631,True
NP033A,NS5B,201,G,0.0,0.076,0.076,2458,2631,True
NP033A,NS5B,201,L,0.0,0.038,0.038,2458,2631,True
NP033A,NS5B,201,I,0.285,0.152,0.133,2458,2631,True
NP033A,NS5B,201,V,99.471,99.354,0.117,2458,2631,True
NP033A,NS5B,201,A,0.244,0.342,0.098,2458,2631,True
NP033A,NS5B,202,E,0.379,0.152,0.226,2377,2629,True
NP033A,NS5B,202,G,0.252,0.114,0.138,2377,2629,True
NP033A,NS5B,202,N,0.0,0.038,0.038,2377,2629,True
NP033A,NS5B,202,D,99.285,99.696,0.411,2377,2629,True
NP033A,NS5B,202,V,0.084,0.0,0.084,2377,2629,True
NP033A,NS5B,203,R,99.773,99.544,0.23,2207,2630,True
NP033A,NS5B,203,P,0.0,0.076,0.076,2207,2630,True
NP033A,NS5B,203,C,0.181,0.304,0.123,2207,2630,True
NP033A,NS5B,203,H,0.045,0.076,0.031,2207,2630,True
NP033A,NS5B,204,P,0.14,0.37,0.23,2144,2701,True
NP033A,NS5B,204,F,0.0,0.037,0.037,2144,2701,True
NP033A,NS5B,204,I,0.0,0.037,0.037,2144,2701,True
NP033A,NS5B,204,V,0.0,0.037,0.037,2144,2701,True
NP033A,NS5B,204,H,0.14,0.222,0.082,2144,2701,True
NP033A,NS5B,204,L,99.72,99.297,0.424,2144,2701,True
NP033A,NS5B,205,I,0.0,0.469,0.469,2124,2985,True
NP033A,NS5B,205,P,0.33,0.369,0.039,2124,2985,True
NP033A,NS5B,205,H,0.0,0.067,0.067,2124,2985,True
NP033A,NS5B,205,F,0.0,0.101,0.101,2124,2985,True
NP033A,NS5B,205,L,99.67,98.995,0.675,2124,2985,True
NP033A,NS5B,206,R,0.234,0.157,0.076,2138,3175,True
NP033A,NS5B,206,Q,98.831,99.087,0.256,2138,3175,True
NP033A,NS5B,206,P,0.0,0.031,0.031,2138,3175,True
NP033A,NS5B,206,*,0.094,0.094,0.001,2138,3175,True
NP033A,NS5B,206,L,0.094,0.063,0.031,2138,3175,True
NP033A,NS5B,206,H,0.702,0.378,0.324,2138,3175,True
NP033A,NS5B,206,K,0.047,0.189,0.142,2138,3175,True
NP033A,NS5B,207,L,0.0,0.031,0.031,2008,3202,True
NP033A,NS5B,207,T,0.1,0.125,0.025,2008,3202,True
NP033A,NS5B,207,I,0.149,0.437,0.288,2008,3202,True
NP033A,NS5B,207,K,0.0,0.062,0.062,2008,3202,True
NP033A,NS5B,207,V,0.647,0.219,0.429,2008,3202,True
NP033A,NS5B,207,M,99.104,99.126,0.022,2008,3202,True
NP033A,NS5B,208,R,0.058,0.441,0.383,1730,2951,True
NP033A,NS5B,208,*,0.347,0.068,0.279,1730,2951,True
NP033A,NS5B,208,W,99.595,99.492,0.104,1730,2951,True
NP033A,NS5B,209,R,99.526,99.745,0.219,1688,3138,True
NP033A,NS5B,209,G,0.178,0.032,0.146,1688,3138,True
NP033A,NS5B,209,C,0.118,0.0,0.118,1688,3138,True
NP033A,NS5B,209,H,0.118,0.223,0.105,1688,3138,True
NP033A,NS5B,209,S,0.059,0.0,0.059,1688,3138,True
NP033A,NS5B,210,T,0.0,0.161,0.161,1573,3099,True
NP033A,NS5B,210,E,0.127,0.0,0.127,1573,3099,True
NP033A,NS5B,210,P,0.191,0.0,0.191,1573,3099,True
NP033A,NS5B,210,V,0.0,0.161,0.161,1573,3099,True
NP033A,NS5B,210,A,99.682,99.677,0.005,1573,3099,True
NP033A,NS5B,211,R,0.393,0.128,0.264,1527,3114,True
NP033A,NS5B,211,E,0.393,0.514,0.121,1527,3114,True
NP033A,NS5B,211,*,0.0,0.096,0.096,1527,3114,True
NP033A,NS5B,211,T,0.131,0.0,0.131,1527,3114,True
NP033A,NS5B,211,N,0.0,0.064,0.064,1527,3114,True
NP033A,NS5B,211,K,99.083,99.133,0.05,1527,3114,True
NP033A,NS5B,211,M,0.0,0.064,0.064,1527,3114,True
NP033B,NS5B,169,E,0.046,0.0,0.046,6499,224,True
NP033B,NS5B,169,I,0.031,0.0,0.031,6499,224,True
NP033B,NS5B,169,A,0.077,0.0,0.077,6499,224,True
NP033B,NS5B,169,V,99.723,100.0,0.277,6499,224,True
NP033B,NS5B,169,L,0.092,0.0,0.092,6499,224,True
NP033B,NS5B,169,M,0.031,0.0,0.031,6499,224,True
NP033B,NS5B,170,R,0.321,0.355,0.034,6541,282,True
NP033B,NS5B,170,C,99.541,98.936,0.605,6541,282,True
NP033B,NS5B,170,S,0.061,0.709,0.648,6541,282,True
NP033B,NS5B,170,Y,0.076,0.0,0.076,6541,282,True
NP033B,NS5B,171,E,99.471,98.667,0.804,6234,300,True
NP033B,NS5B,171,K,0.032,0.0,0.032,6234,300,True
NP033B,NS5B,171,G,0.321,1.333,1.013,6234,300,True
NP033B,NS5B,171,Q,0.016,0.0,0.016,6234,300,True
NP033B,NS5B,171,V,0.16,0.0,0.16,6234,300,True
NP033B,NS5B,172,R,0.526,0.702,0.176,6086,285,True
NP033B,NS5B,172,E,0.296,0.0,0.296,6086,285,True
NP033B,NS5B,172,Q,0.049,0.0,0.049,6086,285,True
NP033B,NS5B,172,*,0.016,0.0,0.016,6086,285,True
NP033B,NS5B,172,T,0.033,0.0,0.033,6086,285,True
NP033B,NS5B,172,K,99.063,99.298,0.235,6086,285,True
NP033B,NS5B,172,M,0.016,0.0,0.016,6086,285,True
NP033B,NS5B,173,R,99.678,100.0,0.322,5909,420,True
NP033B,NS5B,173,Q,0.085,0.0,0.085,5909,420,True
NP033B,NS5B,173,P,0.017,0.0,0.017,5909,420,True
NP033B,NS5B,173,*,0.152,0.0,0.152,5909,420,True
NP033B,NS5B,173,S,0.034,0.0,0.034,5909,420,True
NP033B,NS5B,173,L,0.034,0.0,0.034,5909,420,True
NP033B,NS5B,174,T,0.13,0.0,0.13,6141,465,True
NP033B,NS5B,174,G,0.016,0.0,0.016,6141,465,True
NP033B,NS5B,174,P,0.033,0.0,0.033,6141,465,True
NP033B,NS5B,174,V,0.065,0.0,0.065,6141,465,True
NP033B,NS5B,174,A,99.756,100.0,0.244,6141,465,True
NP033B,NS5B,175,P,0.323,0.455,0.132,6188,659,True
NP033B,NS5B,175,F,0.065,0.303,0.239,6188,659,True
NP033B,NS5B,175,L,99.515,99.241,0.274,6188,659,True
NP033B,NS5B,175,I,0.032,0.0,0.032,6188,659,True
NP033B,NS5B,175,H,0.032,0.0,0.032,6188,659,True
NP033B,NS5B,175,V,0.032,0.0,0.032,6188,659,True
NP033B,NS5B,176,*,0.063,0.0,0.063,6333,694,True
NP033B,NS5B,176,C,0.316,0.432,0.116,6333,694,True
NP033B,NS5B,176,F,0.032,0.0,0.032,6333,694,True
NP033B,NS5B,176,N,0.095,0.0,0.095,6333,694,True
NP033B,NS5B,176,H,0.047,0.144,0.097,6333,694,True
NP033B,NS5B,176,D,0.016,0.0,0.016,6333,694,True
NP033B,NS5B,176,Y,99.432,99.424,0.008,6333,694,True
NP033B,NS5B,177,E,0.082,0.0,0.082,6134,691,True
NP033B,NS5B,177,G,0.228,0.289,0.061,6134,691,True
NP033B,NS5B,177,N,0.033,0.579,0.546,6134,691,True
NP033B,NS5B,177,D,99.592,98.987,0.605,6134,691,True
NP033B,NS5B,177,H,0.033,0.0,0.033,6134,691,True
NP033B,NS5B,177,V,0.033,0.145,0.112,6134,691,True
NP033B,NS5B,178,G,0.053,0.0,0.053,5709,728,True
NP033B,NS5B,178,A,0.525,0.137,0.388,5709,728,True
NP033B,NS5B,178,F,0.035,0.0,0.035,5709,728,True
NP033B,NS5B,178,L,0.07,0.0,0.07,5709,728,True
NP033B,NS5B,178,I,0.193,0.137,0.055,5709,728,True
NP033B,NS5B,178,V,99.072,99.725,0.654,5709,728,True
NP033B,NS5B,178,D,0.053,0.0,0.053,5709,728,True
NP033B,NS5B,179,R,0.033,0.0,0.033,5991,749,True
NP033B,NS5B,179,P,0.05,0.0,0.05,5991,749,True
NP033B,NS5B,179,A,0.317,0.401,0.083,5991,749,True
NP033B,NS5B,179,S,0.0,0.401,0.401,5991,749,True
NP033B,NS5B,179,T,99.483,99.199,0.284,5991,749,True
NP033B,NS5B,179,K,0.033,0.0,0.033,5991,749,True
NP033B,NS5B,179,M,0.083,0.0,0.083,5991,749,True
NP033B,NS5B,180,R,99.721,99.744,0.023,5728,780,True
NP033B,NS5B,180,P,0.0,0.128,0.128,5728,780,True
NP033B,NS5B,180,C,0.087,0.128,0.041,5728,780,True
NP033B,NS5B,180,H,0.175,0.0,0.175,5728,780,True
NP033B,NS5B,180,L,0.017,0.0,0.017,5728,780,True
NP033B,NS5B,181,R,0.145,0.785,0.64,5510,764,True
NP033B,NS5B,181,E,0.272,0.0,0.272,5510,764,True
NP033B,NS5B,181,T,0.073,0.0,0.073,5510,764,True
NP033B,NS5B,181,Q,0.036,0.0,0.036,5510,764,True
NP033B,NS5B,181,K,99.474,99.215,0.259,5510,764,True
NP033B,NS5B,182,L,99.855,99.761,0.095,5534,836,True
NP033B,NS5B,182,P,0.145,0.239,0.095,5534,836,True
NP033B,NS5B,183,P,99.814,99.768,0.046,5363,861,True
NP033B,NS5B,183,H,0.0,0.232,0.232,5363,861,True
NP033B,NS5B,183,S,0.075,0.0,0.075,5363,861,True
NP033B,NS5B,183,L,0.112,0.0,0.112,5363,861,True
NP033B,NS5B,184,R,0.038,0.0,0.038,5326,882,True
NP033B,NS5B,184,Q,0.038,0.113,0.076,5326,882,True
NP033B,NS5B,184,P,0.075,0.113,0.038,5326,882,True
NP033B,NS5B,184,L,99.85,99.773,0.077,5326,882,True
NP033B,NS5B,185,T,0.019,0.108,0.09,5331,922,True
NP033B,NS5B,185,E,0.019,0.0,0.019,5331,922,True
NP033B,NS5B,185,A,99.925,99.241,0.684,5331,922,True
NP033B,NS5B,185,V,0.038,0.651,0.613,5331,922,True
NP033B,NS5B,186,E,0.058,0.0,0.058,5166,879,True
NP033B,NS5B,186,G,0.0,0.228,0.228,5166,879,True
NP033B,NS5B,186,I,0.019,0.228,0.208,5166,879,True
NP033B,NS5B,186,V,99.884,98.976,0.908,5166,879,True
NP033B,NS5B,186,A,0.039,0.569,0.53,5166,879,True
NP033B,NS5B,187,L,0.039,0.0,0.039,5158,956,True
NP033B,NS5B,187,T,0.116,0.418,0.302,5158,956,True
NP033B,NS5B,187,I,0.078,0.105,0.027,5158,956,True
NP033B,NS5B,187,V,0.155,0.105,0.05,5158,956,True
NP033B,NS5B,187,M,99.612,99.372,0.24,5158,956,True
NP033B,NS5B,188,R,0.02,0.208,0.189,5043,960,True
NP033B,NS5B,188,E,0.178,0.208,0.03,5043,960,True
NP033B,NS5B,188,G,99.802,99.583,0.218,5043,960,True
NP033B,NS5B,189,T,0.041,0.0,0.041,4860,993,True
NP033B,NS5B,189,Q,0.021,0.0,0.021,4860,993,True
NP033B,NS5B,189,P,99.753,99.899,0.146,4860,993,True
NP033B,NS5B,189,A,0.041,0.0,0.041,4860,993,True
NP033B,NS5B,189,S,0.082,0.0,0.082,4860,993,True
NP033B,NS5B,189,L,0.062,0.101,0.039,4860,993,True
NP033B,NS5B,190,T,0.039,0.0,0.039,5125,1291,True
NP033B,NS5B,190,P,0.039,0.0,0.039,5125,1291,True
NP033B,NS5B,190,A,99.844,100.0,0.156,5125,1291,True
NP033B,NS5B,190,V,0.078,0.0,0.078,5125,1291,True
NP033B,NS5B,191,R,0.0,0.154,0.154,4827,1302,True
NP033B,NS5B,191,C,0.269,1.152,0.883,4827,1302,True
NP033B,NS5B,191,F,0.021,0.0,0.021,4827,1302,True
NP033B,NS5B,191,S,0.062,0.0,0.062,4827,1302,True
NP033B,NS5B,191,N,0.083,0.0,0.083,4827,1302,True
NP033B,NS5B,191,H,0.062,0.077,0.015,4827,1302,True
NP033B,NS5B,191,D,0.021,0.0,0.021,4827,1302,True
NP033B,NS5B,191,Y,99.482,98.618,0.865,4827,1302,True
NP033B,NS5B,192,G,99.887,99.705,0.182,4415,1354,True
NP033B,NS5B,192,D,0.045,0.148,0.102,4415,1354,True
NP033B,NS5B,192,S,0.068,0.148,0.08,4415,1354,True
NP033B,NS5B,193,F,99.508,98.761,0.747,4069,1453,True
NP033B,NS5B,193,S,0.074,0.275,0.202,4069,1453,True
NP033B,NS5B,193,L,0.295,0.964,0.669,4069,1453,True
NP033B,NS5B,193,I,0.025,0.0,0.025,4069,1453,True
NP033B,NS5B,193,V,0.074,0.0,0.074,4069,1453,True
NP033B,NS5B,193,Y,0.025,0.0,0.025,4069,1453,True
NP033B,NS5B,194,R,0.373,0.204,0.169,4021,1467,True
NP033B,NS5B,194,Q,99.453,99.114,0.339,4021,1467,True
NP033B,NS5B,194,P,0.075,0.0,0.075,4021,1467,True
NP033B,NS5B,194,*,0.0,0.545,0.545,4021,1467,True
NP033B,NS5B,194,H,0.05,0.0,0.05,4021,1467,True
NP033B,NS5B,194,L,0.05,0.136,0.087,4021,1467,True
NP033B,NS5B,195,*,0.051,0.0,0.051,3958,1483,True
NP033B,NS5B,195,C,0.101,0.067,0.034,3958,1483,True
NP033B,NS5B,195,H,0.328,0.27,0.059,3958,1483,True
NP033B,NS5B,195,Y,99.52,99.663,0.143,3958,1483,True
NP033B,NS5B,196,P,0.16,0.276,0.116,3745,1450,True
NP033B,NS5B,196,*,0.027,0.0,0.027,3745,1450,True
NP033B,NS5B,196,S,99.626,99.655,0.029,3745,1450,True
NP033B,NS5B,196,T,0.027,0.069,0.042,3745,1450,True
NP033B,NS5B,196,W,0.027,0.0,0.027,3745,1450,True
NP033B,NS5B,196,L,0.134,0.0,0.134,3745,1450,True
NP033B,NS5B,197,R,0.026,0.0,0.026,3791,1718,True
NP033B,NS5B,197,P,99.815,99.593,0.223,3791,1718,True
NP033B,NS5B,197,A,0.0,0.116,0.116,3791,1718,True
NP033B,NS5B,197,S,0.079,0.0,0.079,3791,1718,True
NP033B,NS5B,197,T,0.0,0.058,0.058,3791,1718,True
NP033B,NS5B,197,L,0.079,0.233,0.154,3791,1718,True
NP033B,NS5B,198,R,0.958,0.184,0.774,3548,1629,True
NP033B,NS5B,198,E,0.282,0.246,0.036,3548,1629,True
NP033B,NS5B,198,Q,0.028,0.0,0.028,3548,1629,True
NP033B,NS5B,198,*,0.056,0.184,0.128,3548,1629,True
NP033B,NS5B,198,K,98.619,99.202,0.583,3548,1629,True
NP033B,NS5B,198,M,0.056,0.184,0.128,3548,1629,True
NP033B,NS5B,199,R,0.441,0.117,0.324,3176,1714,True
NP033B,NS5B,199,Q,99.307,99.767,0.459,3176,1714,True
NP033B,NS5B,199,*,0.189,0.117,0.072,3176,1714,True
NP033B,NS5B,199,K,0.063,0.0,0.063,3176,1714,True
NP033B,NS5B,200,R,99.702,99.653,0.049,3017,1729,True
NP033B,NS5B,200,C,0.133,0.058,0.075,3017,1729,True
NP033B,NS5B,200,S,0.033,0.0,0.033,3017,1729,True
NP033B,NS5B,200,H,0.066,0.231,0.165,3017,1729,True
NP033B,NS5B,200,L,0.066,0.058,0.008,3017,1729,True
NP033B,NS5B,201,E,0.103,0.0,0.103,2901,1700,True
NP033B,NS5B,201,I,0.276,0.0,0.276,2901,1700,True
NP033B,NS5B,201,G,0.034,0.0,0.034,2901,1700,True
NP033B,NS5B,201,A,0.103,0.176,0.073,2901,1700,True
NP033B,NS5B,201,V,99.448,99.824,0.375,2901,1700,True
NP033B,NS5B,201,L,0.034,0.0,0.034,2901,1700,True
NP033B,NS5B,202,E,0.108,0.293,0.185,2769,1704,True
NP033B,NS5B,202,G,0.433,0.293,0.14,2769,1704,True
NP033B,NS5B,202,N,0.072,0.0,0.072,2769,1704,True
NP033B,NS5B,202,V,0.0,0.059,0.059,2769,1704,True
NP033B,NS5B,202,D,99.35,99.354,0.005,2769,1704,True
NP033B,NS5B,202,Y,0.036,0.0,0.036,2769,1704,True
NP033B,NS5B,203,R,99.501,99.346,0.156,2606,1681,True
NP033B,NS5B,203,Q,0.038,0.0,0.038,2606,1681,True
NP033B,NS5B,203,P,0.0,0.119,0.119,2606,1681,True
NP033B,NS5B,203,C,0.23,0.0,0.23,2606,1681,True
NP033B,NS5B,203,H,0.192,0.535,0.344,2606,1681,True
NP033B,NS5B,203,L,0.038,0.0,0.038,2606,1681,True
NP033B,NS5B,204,R,0.0,0.175,0.175,2566,1718,True
NP033B,NS5B,204,G,0.0,0.058,0.058,2566,1718,True
NP033B,NS5B,204,P,0.312,0.349,0.037,2566,1718,True
NP033B,NS5B,204,F,0.039,0.0,0.039,2566,1718,True
NP033B,NS5B,204,H,0.117,0.058,0.059,2566,1718,True
NP033B,NS5B,204,L,99.532,99.36,0.173,2566,1718,True
NP033B,NS5B,205,I,0.039,0.0,0.039,2553,1877,True
NP033B,NS5B,205,P,0.0,0.479,0.479,2553,1877,True
NP033B,NS5B,205,H,0.039,0.053,0.014,2553,1877,True
NP033B,NS5B,205,F,0.118,0.0,0.118,2553,1877,True
NP033B,NS5B,205,L,99.804,99.467,0.337,2553,1877,True
NP033B,NS5B,206,R,0.157,0.29,0.133,2548,2066,True
NP033B,NS5B,206,Q,99.725,99.613,0.112,2548,2066,True
NP033B,NS5B,206,*,0.078,0.097,0.018,2548,2066,True
NP033B,NS5B,206,L,0.039,0.0,0.039,2548,2066,True
NP033B,NS5B,207,T,0.083,0.096,0.013,2416,2093,True
NP033B,NS5B,207,V,0.414,0.287,0.127,2416,2093,True
NP033B,NS5B,207,L,0.083,0.0,0.083,2416,2093,True
NP033B,NS5B,207,M,99.421,99.618,0.197,2416,2093,True
NP033B,NS5B,208,R,0.441,0.316,0.125,2040,1899,True
NP033B,NS5B,208,G,0.049,0.0,0.049,2040,1899,True
NP033B,NS5B,208,*,0.245,0.158,0.087,2040,1899,True
NP033B,NS5B,208,W,99.265,99.526,0.261,2040,1899,True
NP033B,NS5B,209,R,99.647,99.759,0.112,1982,2076,True
NP033B,NS5B,209,P,0.0,0.048,0.048,1982,2076,True
NP033B,NS5B,209,C,0.101,0.193,0.092,1982,2076,True
NP033B,NS5B,209,H,0.252,0.0,0.252,1982,2076,True
NP033B,NS5B,210,T,0.054,0.098,0.044,1846,2041,True
NP033B,NS5B,210,P,0.0,0.049,0.049,1846,2041,True
NP033B,NS5B,210,A,99.837,99.706,0.131,1846,2041,True
NP033B,NS5B,210,S,0.0,0.147,0.147,1846,2041,True
NP033B,NS5B,210,V,0.108,0.0,0.108,1846,2041,True
NP033B,NS5B,211,R,3.693,1.969,1.724,1787,2184,True
NP033B,NS5B,211,E,0.224,0.458,0.234,1787,2184,True
NP033B,NS5B,211,G,0.0,0.092,0.092,1787,2184,True
NP033B,NS5B,211,*,0.112,0.0,0.112,1787,2184,True
NP033B,NS5B,211,T,0.0,0.046,0.046,1787,2184,True
NP033B,NS5B,211,K,95.971,95.833,0.138,1787,2184,True
NP033B,NS5B,211,M,0.0,1.603,1.603,1787,2184,True
NP035A,NS5B,166,E,0.0,2.703,2.703,1233,148,True
NP035A,NS5B,166,G,99.838,96.622,3.216,1233,148,True
NP035A,NS5B,166,V,0.162,0.676,0.513,1233,148,True
NP035A,NS5B,167,A,0.256,0.0,0.256,1172,286,True
NP035A,NS5B,167,I,0.341,0.0,0.341,1172,286,True
NP035A,NS5B,167,V,99.403,100.0,0.597,1172,286,True
NP035A,NS5B,168,R,99.062,99.08,0.018,1066,326,True
NP035A,NS5B,168,G,0.938,0.92,0.018,1066,326,True
NP035A,NS5B,169,V,100.0,100.0,0.0,426,462,True
NP035A,NS5B,170,R,0.0,0.541,0.541,383,555,True
NP035A,NS5B,170,G,0.261,0.0,0.261,383,555,True
NP035A,NS5B,170,C,99.739,99.099,0.64,383,555,True
NP035A,NS5B,170,Y,0.0,0.36,0.36,383,555,True
NP035A,NS5B,171,E,99.383,100.0,0.617,162,600,True
NP035A,NS5B,171,G,0.617,0.0,0.617,162,600,True
NP035A,NS5B,172,K,100.0,100.0,0.0,137,609,True
NP039A,NS5B,166,R,0.143,0.0,0.143,5590,224,True
NP039A,NS5B,166,E,0.143,1.339,1.196,5590,224,True
NP039A,NS5B,166,G,99.553,98.214,1.338,5590,224,True
NP039A,NS5B,166,W,0.143,0.0,0.143,5590,224,True
NP039A,NS5B,166,V,0.0,0.446,0.446,5590,224,True
NP039A,NS5B,166,A,0.018,0.0,0.018,5590,224,True
NP039A,NS5B,167,E,0.035,0.0,0.035,5705,416,True
NP039A,NS5B,167,G,0.018,0.0,0.018,5705,416,True
NP039A,NS5B,167,A,0.21,0.24,0.03,5705,416,True
NP039A,NS5B,167,V,99.667,99.76,0.093,5705,416,True
NP039A,NS5B,167,L,0.018,0.0,0.018,5705,416,True
NP039A,NS5B,167,M,0.053,0.0,0.053,5705,416,True
NP039A,NS5B,168,R,99.642,100.0,0.358,5590,415,True
NP039A,NS5B,168,G,0.304,0.0,0.304,5590,415,True
NP039A,NS5B,168,W,0.054,0.0,0.054,5590,415,True
NP039A,NS5B,169,E,3.393,0.0,3.393,5599,567,True
NP039A,NS5B,169,G,0.036,0.0,0.036,5599,567,True
NP039A,NS5B,169,A,0.125,0.882,0.757,5599,567,True
NP039A,NS5B,169,V,96.267,99.118,2.851,5599,567,True
NP039A,NS5B,169,L,0.107,0.0,0.107,5599,567,True
NP039A,NS5B,169,M,0.071,0.0,0.071,5599,567,True
NP039A,NS5B,170,R,0.179,0.0,0.179,5589,627,True
NP039A,NS5B,170,W,0.036,0.0,0.036,5589,627,True
NP039A,NS5B,170,C,99.535,99.681,0.146,5589,627,True
NP039A,NS5B,170,*,0.089,0.0,0.089,5589,627,True
NP039A,NS5B,170,S,0.089,0.0,0.089,5589,627,True
NP039A,NS5B,170,Y,0.072,0.319,0.247,5589,627,True
NP039A,NS5B,171,E,99.47,99.843,0.373,5468,636,True
NP039A,NS5B,171,G,0.329,0.0,0.329,5468,636,True
NP039A,NS5B,171,*,0.037,0.0,0.037,5468,636,True
NP039A,NS5B,171,A,0.037,0.0,0.037,5468,636,True
NP039A,NS5B,171,T,0.037,0.0,0.037,5468,636,True
NP039A,NS5B,171,K,0.0,0.157,0.157,5468,636,True
NP039A,NS5B,171,V,0.018,0.0,0.018,5468,636,True
NP039A,NS5B,171,D,0.073,0.0,0.073,5468,636,True
NP039A,NS5B,172,R,0.242,0.0,0.242,5373,652,True
NP039A,NS5B,172,E,0.298,0.0,0.298,5373,652,True
NP039A,NS5B,172,T,0.0,0.307,0.307,5373,652,True
NP039A,NS5B,172,Q,0.019,0.0,0.019,5373,652,True
NP039A,NS5B,172,*,0.093,0.0,0.093,5373,652,True
NP039A,NS5B,172,K,99.33,99.693,0.363,5373,652,True
NP039A,NS5B,172,M,0.019,0.0,0.019,5373,652,True
NP039A,NS5B,173,R,99.548,99.739,0.191,5305,765,True
NP039A,NS5B,173,G,0.057,0.0,0.057,5305,765,True
NP039A,NS5B,173,Q,0.264,0.0,0.264,5305,765,True
NP039A,NS5B,173,P,0.057,0.261,0.205,5305,765,True
NP039A,NS5B,173,W,0.038,0.0,0.038,5305,765,True
NP039A,NS5B,173,L,0.038,0.0,0.038,5305,765,True
NP039A,NS5B,174,T,0.076,0.487,0.411,5265,822,True
NP039A,NS5B,174,G,0.019,0.0,0.019,5265,822,True
NP039A,NS5B,174,P,0.057,0.0,0.057,5265,822,True
NP039A,NS5B,174,V,0.095,0.0,0.095,5265,822,True
NP039A,NS5B,174,S,0.019,0.0,0.019,5265,822,True
NP039A,NS5B,174,A,99.734,99.513,0.221,5265,822,True
NP039A,NS5B,175,R,0.037,0.0,0.037,5409,1163,True
NP039A,NS5B,175,P,0.518,1.29,0.772,5409,1163,True
NP039A,NS5B,175,F,0.037,0.172,0.135,5409,1163,True
NP039A,NS5B,175,L,99.168,98.538,0.63,5409,1163,True
NP039A,NS5B,175,I,0.037,0.0,0.037,5409,1163,True
NP039A,NS5B,175,H,0.129,0.0,0.129,5409,1163,True
NP039A,NS5B,175,V,0.074,0.0,0.074,5409,1163,True
NP039A,NS5B,176,*,0.054,0.0,0.054,5582,1244,True
NP039A,NS5B,176,C,0.197,0.08,0.117,5582,1244,True
NP039A,NS5B,176,F,0.0,0.08,0.08,5582,1244,True
NP039A,NS5B,176,S,0.036,0.0,0.036,5582,1244,True
NP039A,NS5B,176,N,0.036,0.08,0.045,5582,1244,True
NP039A,NS5B,176,H,0.107,0.322,0.214,5582,1244,True
NP039A,NS5B,176,Y,99.57,99.437,0.133,5582,1244,True
NP039A,NS5B,177,N,0.055,0.638,0.584,5496,1253,True
NP039A,NS5B,177,E,0.073,0.0,0.073,5496,1253,True
NP039A,NS5B,177,G,0.509,0.319,0.19,5496,1253,True
NP039A,NS5B,177,V,0.073,0.0,0.073,5496,1253,True
NP039A,NS5B,177,D,99.29,99.042,0.248,5496,1253,True
NP039A,NS5B,178,G,0.02,0.0,0.02,5068,1920,True
NP039A,NS5B,178,A,0.296,1.458,1.162,5068,1920,True
NP039A,NS5B,178,I,0.138,0.156,0.018,5068,1920,True
NP039A,NS5B,178,V,99.526,98.333,1.193,5068,1920,True
NP039A,NS5B,178,D,0.02,0.052,0.032,5068,1920,True
NP039A,NS5B,179,T,99.697,99.95,0.254,5276,2013,True
NP039A,NS5B,179,R,0.019,0.0,0.019,5276,2013,True
NP039A,NS5B,179,K,0.038,0.0,0.038,5276,2013,True
NP039A,NS5B,179,A,0.19,0.05,0.14,5276,2013,True
NP039A,NS5B,179,M,0.057,0.0,0.057,5276,2013,True
NP039A,NS5B,180,R,99.681,99.71,0.029,5019,2068,True
NP039A,NS5B,180,S,0.02,0.0,0.02,5019,2068,True
NP039A,NS5B,180,C,0.139,0.145,0.006,5019,2068,True
NP039A,NS5B,180,H,0.139,0.145,0.006,5019,2068,True
NP039A,NS5B,180,L,0.02,0.0,0.02,5019,2068,True
NP039A,NS5B,181,R,0.267,0.326,0.059,4875,2147,True
NP039A,NS5B,181,E,0.41,0.186,0.224,4875,2147,True
NP039A,NS5B,181,Q,0.0,0.047,0.047,4875,2147,True
NP039A,NS5B,181,*,0.103,0.0,0.103,4875,2147,True
NP039A,NS5B,181,K,99.159,99.348,0.189,4875,2147,True
NP039A,NS5B,181,M,0.062,0.093,0.032,4875,2147,True
NP039A,NS5B,182,Q,0.021,0.09,0.069,4812,2225,True
NP039A,NS5B,182,P,0.312,0.09,0.222,4812,2225,True
NP039A,NS5B,182,L,99.605,99.775,0.17,4812,2225,True
NP039A,NS5B,182,V,0.042,0.0,0.042,4812,2225,True
NP039A,NS5B,182,M,0.021,0.045,0.024,4812,2225,True
NP039A,NS5B,183,R,0.043,0.0,0.043,4704,2378,True
NP039A,NS5B,183,P,99.83,99.706,0.124,4704,2378,True
NP039A,NS5B,183,S,0.064,0.126,0.062,4704,2378,True
NP039A,NS5B,183,T,0.021,0.0,0.021,4704,2378,True
NP039A,NS5B,183,H,0.043,0.084,0.042,4704,2378,True
NP039A,NS5B,183,L,0.0,0.084,0.084,4704,2378,True
NP039A,NS5B,184,R,0.0,0.041,0.041,4634,2434,True
NP039A,NS5B,184,Q,0.043,0.0,0.043,4634,2434,True
NP039A,NS5B,184,P,0.065,0.452,0.387,4634,2434,True
NP039A,NS5B,184,S,0.022,0.0,0.022,4634,2434,True
NP039A,NS5B,184,L,99.827,99.384,0.444,4634,2434,True
NP039A,NS5B,184,M,0.043,0.123,0.08,4634,2434,True
NP039A,NS5B,185,T,0.045,0.04,0.005,4461,2490,True
NP039A,NS5B,185,P,0.045,0.0,0.045,4461,2490,True
NP039A,NS5B,185,A,99.843,99.96,0.117,4461,2490,True
NP039A,NS5B,185,V,0.067,0.0,0.067,4461,2490,True
NP039A,NS5B,186,E,0.0,0.041,0.041,4355,2462,True
NP039A,NS5B,186,G,0.0,0.041,0.041,4355,2462,True
NP039A,NS5B,186,V,99.862,99.797,0.065,4355,2462,True
NP039A,NS5B,186,A,0.138,0.122,0.016,4355,2462,True
NP039A,NS5B,187,T,0.323,0.038,0.284,4339,2600,True
NP039A,NS5B,187,I,0.046,0.154,0.108,4339,2600,True
NP039A,NS5B,187,V,0.507,0.154,0.353,4339,2600,True
NP039A,NS5B,187,M,99.124,99.654,0.53,4339,2600,True
NP039A,NS5B,188,R,0.162,0.074,0.089,4316,2721,True
NP039A,NS5B,188,E,0.023,0.074,0.05,4316,2721,True
NP039A,NS5B,188,G,99.699,99.853,0.154,4316,2721,True
NP039A,NS5B,188,V,0.046,0.0,0.046,4316,2721,True
NP039A,NS5B,188,A,0.07,0.0,0.07,4316,2721,True
NP039A,NS5B,189,Q,0.0,0.036,0.036,4171,2780,True
NP039A,NS5B,189,P,99.76,99.928,0.168,4171,2780,True
NP039A,NS5B,189,A,0.072,0.0,0.072,4171,2780,True
NP039A,NS5B,189,S,0.096,0.036,0.06,4171,2780,True
NP039A,NS5B,189,L,0.072,0.0,0.072,4171,2780,True
NP039A,NS5B,190,T,0.0,0.067,0.067,4346,4453,True
NP039A,NS5B,190,D,0.046,0.0,0.046,4346,4453,True
NP039A,NS5B,190,A,99.793,99.865,0.072,4346,4453,True
NP039A,NS5B,190,S,0.046,0.0,0.046,4346,4453,True
NP039A,NS5B,190,V,0.115,0.067,0.048,4346,4453,True
NP039A,NS5B,191,*,0.072,0.0,0.072,4167,4486,True
NP039A,NS5B,191,C,0.144,0.111,0.033,4167,4486,True
NP039A,NS5B,191,S,0.048,0.0,0.048,4167,4486,True
NP039A,NS5B,191,N,0.024,0.022,0.002,4167,4486,True
NP039A,NS5B,191,H,0.048,0.134,0.086,4167,4486,True
NP039A,NS5B,191,Y,99.664,99.733,0.068,4167,4486,True
NP039A,NS5B,192,G,99.832,99.897,0.064,3581,4846,True
NP039A,NS5B,192,D,0.056,0.0,0.056,3581,4846,True
NP039A,NS5B,192,V,0.0,0.021,0.021,3581,4846,True
NP039A,NS5B,192,S,0.112,0.083,0.029,3581,4846,True
NP039A,NS5B,193,C,0.061,0.0,0.061,3266,5160,True
NP039A,NS5B,193,F,98.806,98.934,0.128,3266,5160,True
NP039A,NS5B,193,S,0.49,0.407,0.083,3266,5160,True
NP039A,NS5B,193,L,0.582,0.64,0.058,3266,5160,True
NP039A,NS5B,193,I,0.031,0.0,0.031,3266,5160,True
NP039A,NS5B,193,V,0.031,0.0,0.031,3266,5160,True
NP039A,NS5B,193,Y,0.0,0.019,0.019,3266,5160,True
NP039A,NS5B,194,R,0.28,0.42,0.14,3219,5237,True
NP039A,NS5B,194,E,0.062,0.057,0.005,3219,5237,True
NP039A,NS5B,194,Q,99.441,99.37,0.071,3219,5237,True
NP039A,NS5B,194,*,0.155,0.095,0.06,3219,5237,True
NP039A,NS5B,194,H,0.062,0.019,0.043,3219,5237,True
NP039A,NS5B,194,L,0.0,0.038,0.038,3219,5237,True
NP039A,NS5B,195,*,0.062,0.0,0.062,3214,5412,True
NP039A,NS5B,195,C,0.124,0.185,0.06,3214,5412,True
NP039A,NS5B,195,F,0.0,0.074,0.074,3214,5412,True
NP039A,NS5B,195,S,0.062,0.037,0.025,3214,5412,True
NP039A,NS5B,195,N,0.0,0.018,0.018,3214,5412,True
NP039A,NS5B,195,H,0.093,0.148,0.054,3214,5412,True
NP039A,NS5B,195,Y,99.658,99.538,0.12,3214,5412,True
NP039A,NS5B,196,P,0.096,0.368,0.272,3125,5434,True
NP039A,NS5B,196,S,99.84,99.522,0.318,3125,5434,True
NP039A,NS5B,196,L,0.064,0.11,0.046,3125,5434,True
NP039A,NS5B,197,R,0.032,0.0,0.032,3085,6025,True
NP039A,NS5B,197,P,99.935,99.917,0.018,3085,6025,True
NP039A,NS5B,197,H,0.0,0.017,0.017,3085,6025,True
NP039A,NS5B,197,S,0.0,0.05,0.05,3085,6025,True
NP039A,NS5B,197,L,0.032,0.017,0.016,3085,6025,True
NP039A,NS5B,198,R,0.169,0.254,0.085,2960,5915,True
NP039A,NS5B,198,E,0.203,0.27,0.068,2960,5915,True
NP039A,NS5B,198,Q,0.034,0.0,0.034,2960,5915,True
NP039A,NS5B,198,*,0.0,0.068,0.068,2960,5915,True
NP039A,NS5B,198,K,99.358,99.324,0.034,2960,5915,True
NP039A,NS5B,198,M,0.236,0.085,0.152,2960,5915,True
NP039A,NS5B,199,R,0.59,0.28,0.309,2544,6066,True
NP039A,NS5B,199,Q,99.096,99.423,0.327,2544,6066,True
NP039A,NS5B,199,P,0.0,0.033,0.033,2544,6066,True
NP039A,NS5B,199,*,0.157,0.181,0.024,2544,6066,True
NP039A,NS5B,199,L,0.039,0.049,0.01,2544,6066,True
NP039A,NS5B,199,H,0.079,0.033,0.046,2544,6066,True
NP039A,NS5B,199,K,0.039,0.0,0.039,2544,6066,True
NP039A,NS5B,200,R,99.251,99.773,0.522,2402,6170,True
NP039A,NS5B,200,G,0.291,0.0,0.291,2402,6170,True
NP039A,NS5B,200,P,0.083,0.0,0.083,2402,6170,True
NP039A,NS5B,200,C,0.042,0.0,0.042,2402,6170,True
NP039A,NS5B,200,S,0.083,0.032,0.051,2402,6170,True
NP039A,NS5B,200,H,0.083,0.194,0.111,2402,6170,True
NP039A,NS5B,200,L,0.167,0.0,0.167,2402,6170,True
NP039A,NS5B,201,E,0.0,0.031,0.031,2244,6400,True
NP039A,NS5B,201,G,0.0,0.047,0.047,2244,6400,True
NP039A,NS5B,201,I,0.0,0.031,0.031,2244,6400,True
NP039A,NS5B,201,V,99.688,99.422,0.266,2244,6400,True
NP039A,NS5B,201,A,0.312,0.406,0.094,2244,6400,True
NP039A,NS5B,201,M,0.0,0.062,0.062,2244,6400,True
NP039A,NS5B,202,E,99.581,99.545,0.036,2148,6375,True
NP039A,NS5B,202,G,0.279,0.173,0.107,2148,6375,True
NP039A,NS5B,202,*,0.047,0.0,0.047,2148,6375,True
NP039A,NS5B,202,A,0.0,0.047,0.047,2148,6375,True
NP039A,NS5B,202,K,0.0,0.047,0.047,2148,6375,True
NP039A,NS5B,202,V,0.0,0.078,0.078,2148,6375,True
NP039A,NS5B,202,D,0.093,0.11,0.017,2148,6375,True
NP039A,NS5B,203,R,99.366,99.846,0.48,2051,6490,True
NP039A,NS5B,203,P,0.049,0.0,0.049,2051,6490,True
NP039A,NS5B,203,C,0.439,0.0,0.439,2051,6490,True
NP039A,NS5B,203,H,0.146,0.154,0.008,2051,6490,True
NP039A,NS5B,204,R,0.0,0.016,0.016,1924,6406,True
NP039A,NS5B,204,P,0.052,0.343,0.291,1924,6406,True
NP039A,NS5B,204,F,0.0,0.047,0.047,1924,6406,True
NP039A,NS5B,204,L,99.792,99.563,0.229,1924,6406,True
NP039A,NS5B,204,I,0.0,0.031,0.031,1924,6406,True
NP039A,NS5B,204,V,0.156,0.0,0.156,1924,6406,True
NP039A,NS5B,205,R,0.0,0.015,0.015,2026,6872,True
NP039A,NS5B,205,P,0.346,1.339,0.993,2026,6872,True
NP039A,NS5B,205,F,0.247,0.058,0.189,2026,6872,True
NP039A,NS5B,205,H,0.0,0.044,0.044,2026,6872,True
NP039A,NS5B,205,L,99.408,98.545,0.863,2026,6872,True
NP039A,NS5B,206,R,0.351,0.139,0.212,1996,7211,True
NP039A,NS5B,206,Q,98.798,99.584,0.786,1996,7211,True
NP039A,NS5B,206,P,0.0,0.014,0.014,1996,7211,True
NP039A,NS5B,206,*,0.0,0.055,0.055,1996,7211,True
NP039A,NS5B,206,K,0.0,0.042,0.042,1996,7211,True
NP039A,NS5B,206,H,0.802,0.097,0.705,1996,7211,True
NP039A,NS5B,206,L,0.05,0.069,0.019,1996,7211,True
NP039A,NS5B,207,R,0.0,0.028,0.028,1860,7244,True
NP039A,NS5B,207,L,0.0,0.014,0.014,1860,7244,True
NP039A,NS5B,207,T,0.108,0.331,0.224,1860,7244,True
NP039A,NS5B,207,I,0.0,0.11,0.11,1860,7244,True
NP039A,NS5B,207,V,0.376,0.262,0.114,1860,7244,True
NP039A,NS5B,207,K,0.108,0.0,0.108,1860,7244,True
NP039A,NS5B,207,M,99.409,99.255,0.154,1860,7244,True
NP039A,NS5B,208,R,0.52,0.378,0.142,1539,6873,True
NP039A,NS5B,208,G,0.0,0.058,0.058,1539,6873,True
NP039A,NS5B,208,Q,0.0,0.029,0.029,1539,6873,True
NP039A,NS5B,208,*,0.13,0.218,0.088,1539,6873,True
NP039A,NS5B,208,C,0.0,0.015,0.015,1539,6873,True
NP039A,NS5B,208,W,99.35,99.302,0.049,1539,6873,True
NP039A,NS5B,209,R,99.593,99.669,0.076,1475,7247,True
NP039A,NS5B,209,G,0.136,0.028,0.108,1475,7247,True
NP039A,NS5B,209,P,0.136,0.014,0.122,1475,7247,True
NP039A,NS5B,209,C,0.0,0.097,0.097,1475,7247,True
NP039A,NS5B,209,S,0.0,0.028,0.028,1475,7247,True
NP039A,NS5B,209,H,0.136,0.152,0.016,1475,7247,True
NP039A,NS5B,209,L,0.0,0.014,0.014,1475,7247,True
NP039A,NS5B,210,E,0.0,0.153,0.153,1380,7191,True
NP039A,NS5B,210,G,0.072,0.014,0.059,1380,7191,True
NP039A,NS5B,210,P,0.0,0.042,0.042,1380,7191,True
NP039A,NS5B,210,A,99.493,99.472,0.021,1380,7191,True
NP039A,NS5B,210,S,0.0,0.083,0.083,1380,7191,True
NP039A,NS5B,210,T,0.29,0.153,0.137,1380,7191,True
NP039A,NS5B,210,V,0.145,0.083,0.061,1380,7191,True
NP039A,NS5B,211,R,1.999,0.521,1.477,1351,7481,True
NP039A,NS5B,211,E,0.444,1.243,0.799,1351,7481,True
NP039A,NS5B,211,Q,0.074,0.0,0.074,1351,7481,True
NP039A,NS5B,211,*,0.0,0.08,0.08,1351,7481,True
NP039A,NS5B,211,T,0.0,0.027,0.027,1351,7481,True
NP039A,NS5B,211,N,0.074,0.027,0.047,1351,7481,True
NP039A,NS5B,211,K,97.409,98.062,0.652,1351,7481,True
NP039A,NS5B,211,M,0.0,0.04,0.04,1351,7481,True
NP039B,NS5B,166,R,0.093,0.0,0.093,5359,128,True
NP039B,NS5B,166,E,0.037,0.781,0.744,5359,128,True
NP039B,NS5B,166,G,99.832,99.219,0.613,5359,128,True
NP039B,NS5B,166,V,0.037,0.0,0.037,5359,128,True
NP039B,NS5B,167,E,0.037,0.0,0.037,5417,249,True
NP039B,NS5B,167,V,99.778,100.0,0.222,5417,249,True
NP039B,NS5B,167,A,0.148,0.0,0.148,5417,249,True
NP039B,NS5B,167,M,0.037,0.0,0.037,5417,249,True
NP039B,NS5B,168,R,99.395,100.0,0.605,5293,269,True
NP039B,NS5B,168,G,0.321,0.0,0.321,5293,269,True
NP039B,NS5B,168,W,0.189,0.0,0.189,5293,269,True
NP039B,NS5B,168,S,0.019,0.0,0.019,5293,269,True
NP039B,NS5B,168,M,0.076,0.0,0.076,5293,269,True
NP039B,NS5B,169,E,0.038,0.0,0.038,5198,361,True
NP039B,NS5B,169,A,0.25,0.0,0.25,5198,361,True
NP039B,NS5B,169,V,99.596,100.0,0.404,5198,361,True
NP039B,NS5B,169,L,0.077,0.0,0.077,5198,361,True
NP039B,NS5B,169,M,0.038,0.0,0.038,5198,361,True
NP039B,NS5B,170,R,0.192,0.706,0.514,5216,425,True
NP039B,NS5B,170,G,0.038,0.235,0.197,5216,425,True
NP039B,NS5B,170,*,0.038,0.0,0.038,5216,425,True
NP039B,NS5B,170,C,99.271,98.353,0.919,5216,425,True
NP039B,NS5B,170,F,0.038,0.0,0.038,5216,425,True
NP039B,NS5B,170,S,0.096,0.471,0.375,5216,425,True
NP039B,NS5B,170,W,0.058,0.235,0.178,5216,425,True
NP039B,NS5B,170,Y,0.268,0.0,0.268,5216,425,True
NP039B,NS5B,171,E,99.511,99.536,0.025,5116,431,True
NP039B,NS5B,171,G,0.313,0.0,0.313,5116,431,True
NP039B,NS5B,171,D,0.039,0.0,0.039,5116,431,True
NP039B,NS5B,171,V,0.039,0.0,0.039,5116,431,True
NP039B,NS5B,171,K,0.098,0.464,0.366,5116,431,True
NP039B,NS5B,172,R,0.337,0.426,0.089,5045,469,True
NP039B,NS5B,172,E,0.515,0.0,0.515,5045,469,True
NP039B,NS5B,172,T,0.02,0.0,0.02,5045,469,True
NP039B,NS5B,172,N,0.02,0.0,0.02,5045,469,True
NP039B,NS5B,172,*,0.079,0.0,0.079,5045,469,True
NP039B,NS5B,172,K,99.029,99.574,0.545,5045,469,True
NP039B,NS5B,173,R,99.739,99.728,0.011,4978,735,True
NP039B,NS5B,173,G,0.02,0.0,0.02,4978,735,True
NP039B,NS5B,173,Q,0.04,0.0,0.04,4978,735,True
NP039B,NS5B,173,P,0.161,0.0,0.161,4978,735,True
NP039B,NS5B,173,W,0.0,0.272,0.272,4978,735,True
NP039B,NS5B,173,L,0.04,0.0,0.04,4978,735,True
NP039B,NS5B,174,T,0.079,0.248,0.169,5043,807,True
NP039B,NS5B,174,P,0.02,0.0,0.02,5043,807,True
NP039B,NS5B,174,A,99.782,99.628,0.154,5043,807,True
NP039B,NS5B,174,V,0.119,0.124,0.005,5043,807,True
NP039B,NS5B,175,F,0.039,0.0,0.039,5089,996,True
NP039B,NS5B,175,P,0.413,1.506,1.093,5089,996,True
NP039B,NS5B,175,H,0.118,0.0,0.118,5089,996,True
NP039B,NS5B,175,L,99.43,98.494,0.936,5089,996,True
NP039B,NS5B,176,*,0.076,0.0,0.076,5249,1048,True
NP039B,NS5B,176,C,0.171,0.0,0.171,5249,1048,True
NP039B,NS5B,176,S,0.019,0.0,0.019,5249,1048,True
NP039B,NS5B,176,N,0.076,0.0,0.076,5249,1048,True
NP039B,NS5B,176,H,0.495,0.382,0.114,5249,1048,True
NP039B,NS5B,176,D,0.0,0.095,0.095,5249,1048,True
NP039B,NS5B,176,Y,99.162,99.523,0.361,5249,1048,True
NP039B,NS5B,177,E,0.078,0.096,0.018,5128,1043,True
NP039B,NS5B,177,N,0.078,0.0,0.078,5128,1043,True
NP039B,NS5B,177,G,0.273,0.671,0.398,5128,1043,True
NP039B,NS5B,177,V,0.02,0.0,0.02,5128,1043,True
NP039B,NS5B,177,D,99.551,99.233,0.319,5128,1043,True
NP039B,NS5B,178,A,0.46,0.268,0.192,4787,1493,True
NP039B,NS5B,178,S,0.021,0.0,0.021,4787,1493,True
NP039B,NS5B,178,L,0.0,0.067,0.067,4787,1493,True
NP039B,NS5B,178,T,0.042,0.0,0.042,4787,1493,True
NP039B,NS5B,178,I,0.71,0.067,0.643,4787,1493,True
NP039B,NS5B,178,V,98.705,99.531,0.826,4787,1493,True
NP039B,NS5B,178,D,0.063,0.067,0.004,4787,1493,True
NP039B,NS5B,179,T,99.475,99.679,0.204,5145,1558,True
NP039B,NS5B,179,R,0.019,0.0,0.019,5145,1558,True
NP039B,NS5B,179,P,0.039,0.0,0.039,5145,1558,True
NP039B,NS5B,179,A,0.389,0.321,0.068,5145,1558,True
NP039B,NS5B,179,M,0.078,0.0,0.078,5145,1558,True
NP039B,NS5B,180,R,99.758,99.752,0.006,4968,1613,True
NP039B,NS5B,180,G,0.04,0.124,0.084,4968,1613,True
NP039B,NS5B,180,C,0.121,0.0,0.121,4968,1613,True
NP039B,NS5B,180,S,0.04,0.0,0.04,4968,1613,True
NP039B,NS5B,180,H,0.04,0.062,0.022,4968,1613,True
NP039B,NS5B,180,L,0.0,0.062,0.062,4968,1613,True
NP039B,NS5B,181,R,0.373,0.18,0.193,4827,1666,True
NP039B,NS5B,181,E,0.29,0.18,0.11,4827,1666,True
NP039B,NS5B,181,T,0.021,0.0,0.021,4827,1666,True
NP039B,NS5B,181,K,99.275,99.58,0.305,4827,1666,True
NP039B,NS5B,181,M,0.041,0.06,0.019,4827,1666,True
NP039B,NS5B,182,R,0.021,0.0,0.021,4739,1712,True
NP039B,NS5B,182,Q,0.021,0.058,0.037,4739,1712,True
NP039B,NS5B,182,P,0.127,0.292,0.165,4739,1712,True
NP039B,NS5B,182,L,99.831,99.65,0.182,4739,1712,True
NP039B,NS5B,183,R,0.0,0.046,0.046,4723,2177,True
NP039B,NS5B,183,P,99.831,99.908,0.078,4723,2177,True
NP039B,NS5B,183,S,0.064,0.0,0.064,4723,2177,True
NP039B,NS5B,183,L,0.106,0.046,0.06,4723,2177,True
NP039B,NS5B,184,R,0.021,0.0,0.021,4662,2212,True
NP039B,NS5B,184,Q,0.129,0.271,0.143,4662,2212,True
NP039B,NS5B,184,P,0.45,0.452,0.002,4662,2212,True
NP039B,NS5B,184,V,0.021,0.0,0.021,4662,2212,True
NP039B,NS5B,184,L,99.378,99.277,0.101,4662,2212,True
NP039B,NS5B,185,T,0.679,0.0,0.679,4418,2282,True
NP039B,NS5B,185,E,0.091,0.0,0.091,4418,2282,True
NP039B,NS5B,185,V,0.068,0.263,0.195,4418,2282,True
NP039B,NS5B,185,S,0.023,0.0,0.023,4418,2282,True
NP039B,NS5B,185,A,99.14,99.737,0.597,4418,2282,True
NP039B,NS5B,186,E,0.047,0.0,0.047,4218,2250,True
NP039B,NS5B,186,G,0.024,0.0,0.024,4218,2250,True
NP039B,NS5B,186,L,0.047,0.0,0.047,4218,2250,True
NP039B,NS5B,186,V,99.644,99.822,0.178,4218,2250,True
NP039B,NS5B,186,A,0.213,0.133,0.08,4218,2250,True
NP039B,NS5B,186,M,0.024,0.044,0.021,4218,2250,True
NP039B,NS5B,187,L,0.071,0.0,0.071,4220,2559,True
NP039B,NS5B,187,T,0.237,0.117,0.12,4220,2559,True
NP039B,NS5B,187,I,0.332,0.039,0.293,4220,2559,True
NP039B,NS5B,187,V,0.261,0.156,0.104,4220,2559,True
NP039B,NS5B,187,M,99.1,99.687,0.588,4220,2559,True
NP039B,NS5B,188,R,0.215,0.341,0.126,4187,2641,True
NP039B,NS5B,188,E,0.096,0.076,0.02,4187,2641,True
NP039B,NS5B,188,G,99.642,99.583,0.058,4187,2641,True
NP039B,NS5B,188,A,0.048,0.0,0.048,4187,2641,True
NP039B,NS5B,189,Q,0.049,0.0,0.049,4059,2766,True
NP039B,NS5B,189,P,99.162,99.675,0.512,4059,2766,True
NP039B,NS5B,189,S,0.714,0.036,0.678,4059,2766,True
NP039B,NS5B,189,L,0.049,0.253,0.204,4059,2766,True
NP039B,NS5B,189,T,0.0,0.036,0.036,4059,2766,True
NP039B,NS5B,189,A,0.025,0.0,0.025,4059,2766,True
NP039B,NS5B,190,P,0.024,0.024,0.0,4141,4212,True
NP039B,NS5B,190,A,99.879,99.834,0.045,4141,4212,True
NP039B,NS5B,190,T,0.048,0.119,0.07,4141,4212,True
NP039B,NS5B,190,V,0.048,0.024,0.025,4141,4212,True
NP039B,NS5B,191,*,0.075,0.024,0.052,3987,4228,True
NP039B,NS5B,191,C,0.125,0.0,0.125,3987,4228,True
NP039B,NS5B,191,S,0.025,0.0,0.025,3987,4228,True
NP039B,NS5B,191,N,0.025,0.0,0.025,3987,4228,True
NP039B,NS5B,191,H,0.226,0.047,0.178,3987,4228,True
NP039B,NS5B,191,Y,99.523,99.929,0.406,3987,4228,True
NP039B,NS5B,192,G,99.827,99.783,0.044,3470,4618,True
NP039B,NS5B,192,D,0.029,0.217,0.188,3470,4618,True
NP039B,NS5B,192,C,0.058,0.0,0.058,3470,4618,True
NP039B,NS5B,192,S,0.086,0.0,0.086,3470,4618,True
NP039B,NS5B,193,P,0.031,0.0,0.031,3206,4878,True
NP039B,NS5B,193,C,0.031,0.0,0.031,3206,4878,True
NP039B,NS5B,193,F,99.439,99.036,0.402,3206,4878,True
NP039B,NS5B,193,S,0.281,0.287,0.006,3206,4878,True
NP039B,NS5B,193,L,0.187,0.677,0.489,3206,4878,True
NP039B,NS5B,193,Y,0.031,0.0,0.031,3206,4878,True
NP039B,NS5B,194,R,0.221,0.121,0.1,3163,4957,True
NP039B,NS5B,194,Q,99.178,99.657,0.479,3163,4957,True
NP039B,NS5B,194,P,0.0,0.04,0.04,3163,4957,True
NP039B,NS5B,194,*,0.443,0.101,0.342,3163,4957,True
NP039B,NS5B,194,K,0.0,0.04,0.04,3163,4957,True
NP039B,NS5B,194,H,0.095,0.04,0.054,3163,4957,True
NP039B,NS5B,194,L,0.063,0.0,0.063,3163,4957,True
NP039B,NS5B,195,*,0.032,0.0,0.032,3133,5115,True
NP039B,NS5B,195,C,0.383,0.098,0.285,3133,5115,True
NP039B,NS5B,195,S,0.0,0.02,0.02,3133,5115,True
NP039B,NS5B,195,N,0.096,0.0,0.096,3133,5115,True
NP039B,NS5B,195,H,0.096,0.059,0.037,3133,5115,True
NP039B,NS5B,195,D,0.032,0.0,0.032,3133,5115,True
NP039B,NS5B,195,Y,99.362,99.824,0.462,3133,5115,True
NP039B,NS5B,196,P,0.463,0.628,0.165,3021,5093,True
NP039B,NS5B,196,*,0.0,0.039,0.039,3021,5093,True
NP039B,NS5B,196,S,99.272,99.234,0.038,3021,5093,True
NP039B,NS5B,196,L,0.265,0.098,0.167,3021,5093,True
NP039B,NS5B,197,T,0.0,0.071,0.071,2947,5634,True
NP039B,NS5B,197,P,99.864,99.592,0.273,2947,5634,True
NP039B,NS5B,197,A,0.034,0.0,0.034,2947,5634,True
NP039B,NS5B,197,S,0.102,0.177,0.076,2947,5634,True
NP039B,NS5B,197,L,0.0,0.16,0.16,2947,5634,True
NP039B,NS5B,198,R,0.354,0.41,0.056,2823,5360,True
NP039B,NS5B,198,E,0.213,0.075,0.138,2823,5360,True
NP039B,NS5B,198,*,0.213,0.056,0.157,2823,5360,True
NP039B,NS5B,198,T,0.035,0.037,0.002,2823,5360,True
NP039B,NS5B,198,K,98.973,99.235,0.262,2823,5360,True
NP039B,NS5B,198,M,0.213,0.187,0.026,2823,5360,True
NP039B,NS5B,199,R,0.245,0.268,0.023,2452,5593,True
NP039B,NS5B,199,E,0.041,0.0,0.041,2452,5593,True
NP039B,NS5B,199,Q,99.633,99.66,0.027,2452,5593,True
NP039B,NS5B,199,*,0.041,0.018,0.023,2452,5593,True
NP039B,NS5B,199,H,0.0,0.054,0.054,2452,5593,True
NP039B,NS5B,199,L,0.041,0.0,0.041,2452,5593,True
NP039B,NS5B,200,R,99.558,99.593,0.036,2712,5653,True
NP039B,NS5B,200,G,0.0,0.035,0.035,2712,5653,True
NP039B,NS5B,200,P,0.074,0.018,0.056,2712,5653,True
NP039B,NS5B,200,C,0.111,0.106,0.004,2712,5653,True
NP039B,NS5B,200,S,0.0,0.018,0.018,2712,5653,True
NP039B,NS5B,200,H,0.147,0.195,0.047,2712,5653,True
NP039B,NS5B,200,L,0.111,0.035,0.075,2712,5653,True
NP039B,NS5B,201,E,0.417,0.035,0.382,2641,5782,True
NP039B,NS5B,201,G,0.0,0.035,0.035,2641,5782,True
NP039B,NS5B,201,L,0.0,0.035,0.035,2641,5782,True
NP039B,NS5B,201,I,0.0,0.121,0.121,2641,5782,True
NP039B,NS5B,201,V,99.394,99.55,0.156,2641,5782,True
NP039B,NS5B,201,A,0.151,0.225,0.073,2641,5782,True
NP039B,NS5B,201,M,0.038,0.0,0.038,2641,5782,True
NP039B,NS5B,202,E,99.041,99.678,0.637,2399,5597,True
NP039B,NS5B,202,G,0.375,0.214,0.161,2399,5597,True
NP039B,NS5B,202,*,0.0,0.036,0.036,2399,5597,True
NP039B,NS5B,202,K,0.0,0.036,0.036,2399,5597,True
NP039B,NS5B,202,D,0.417,0.018,0.399,2399,5597,True
NP039B,NS5B,202,V,0.083,0.018,0.066,2399,5597,True
NP039B,NS5B,202,A,0.083,0.0,0.083,2399,5597,True
NP039B,NS5B,203,R,99.441,99.732,0.291,2148,5598,True
NP039B,NS5B,203,P,0.047,0.036,0.011,2148,5598,True
NP039B,NS5B,203,C,0.326,0.036,0.29,2148,5598,True
NP039B,NS5B,203,H,0.093,0.143,0.05,2148,5598,True
NP039B,NS5B,203,L,0.093,0.054,0.04,2148,5598,True
NP039B,NS5B,204,R,0.194,0.071,0.123,2063,5645,True
NP039B,NS5B,204,P,0.582,0.39,0.192,2063,5645,True
NP039B,NS5B,204,F,0.0,0.106,0.106,2063,5645,True
NP039B,NS5B,204,S,0.048,0.0,0.048,2063,5645,True
NP039B,NS5B,204,H,0.097,0.0,0.097,2063,5645,True
NP039B,NS5B,204,L,99.079,99.433,0.354,2063,5645,True
NP039B,NS5B,205,P,0.619,0.302,0.318,2099,5967,True
NP039B,NS5B,205,F,0.095,0.067,0.028,2099,5967,True
NP039B,NS5B,205,I,0.0,0.017,0.017,2099,5967,True
NP039B,NS5B,205,H,0.048,0.067,0.019,2099,5967,True
NP039B,NS5B,205,L,99.238,99.548,0.31,2099,5967,True
NP039B,NS5B,206,R,0.464,0.156,0.308,2156,6426,True
NP039B,NS5B,206,Q,99.397,99.627,0.229,2156,6426,True
NP039B,NS5B,206,*,0.0,0.109,0.109,2156,6426,True
NP039B,NS5B,206,L,0.0,0.047,0.047,2156,6426,True
NP039B,NS5B,206,H,0.139,0.031,0.108,2156,6426,True
NP039B,NS5B,206,K,0.0,0.031,0.031,2156,6426,True
NP039B,NS5B,207,T,0.048,0.528,0.479,2069,6444,True
NP039B,NS5B,207,I,0.097,0.031,0.066,2069,6444,True
NP039B,NS5B,207,K,0.0,0.047,0.047,2069,6444,True
NP039B,NS5B,207,V,0.435,0.202,0.233,2069,6444,True
NP039B,NS5B,207,M,99.42,99.193,0.227,2069,6444,True
NP039B,NS5B,208,R,0.34,0.263,0.077,1765,6077,True
NP039B,NS5B,208,G,0.0,0.016,0.016,1765,6077,True
NP039B,NS5B,208,*,0.397,0.148,0.249,1765,6077,True
NP039B,NS5B,208,S,0.0,0.033,0.033,1765,6077,True
NP039B,NS5B,208,W,99.263,99.539,0.276,1765,6077,True
NP039B,NS5B,209,R,99.768,99.719,0.048,1723,6414,True
NP039B,NS5B,209,P,0.0,0.016,0.016,1723,6414,True
NP039B,NS5B,209,C,0.116,0.047,0.069,1723,6414,True
NP039B,NS5B,209,S,0.0,0.062,0.062,1723,6414,True
NP039B,NS5B,209,H,0.116,0.156,0.04,1723,6414,True
NP039B,NS5B,210,T,0.178,0.158,0.02,1685,6318,True
NP039B,NS5B,210,P,0.0,0.032,0.032,1685,6318,True
NP039B,NS5B,210,A,98.694,99.81,1.116,1685,6318,True
NP039B,NS5B,210,V,1.128,0.0,1.128,1685,6318,True
NP039B,NS5B,211,R,0.622,0.219,0.402,1609,6383,True
NP039B,NS5B,211,E,0.497,0.47,0.027,1609,6383,True
NP039B,NS5B,211,Q,0.0,0.063,0.063,1609,6383,True
NP039B,NS5B,211,N,0.062,0.063,0.001,1609,6383,True
NP039B,NS5B,211,K,98.757,99.185,0.428,1609,6383,True
NP039B,NS5B,211,M,0.062,0.0,0.062,1609,6383,True
NP040A,NS5B,169,E,0.198,0.0,0.198,5543,169,True
NP040A,NS5B,169,A,0.289,1.183,0.895,5543,169,True
NP040A,NS5B,169,V,99.405,98.817,0.588,5543,169,True
NP040A,NS5B,169,L,0.036,0.0,0.036,5543,169,True
NP040A,NS5B,169,M,0.072,0.0,0.072,5543,169,True
NP040A,NS5B,170,R,0.339,0.0,0.339,5607,217,True
NP040A,NS5B,170,G,0.036,0.0,0.036,5607,217,True
NP040A,NS5B,170,*,0.018,0.0,0.018,5607,217,True
NP040A,NS5B,170,C,99.465,100.0,0.535,5607,217,True
NP040A,NS5B,170,S,0.036,0.0,0.036,5607,217,True
NP040A,NS5B,170,Y,0.107,0.0,0.107,5607,217,True
NP040A,NS5B,171,E,99.322,98.636,0.685,5455,220,True
NP040A,NS5B,171,G,0.458,0.909,0.451,5455,220,True
NP040A,NS5B,171,D,0.0,0.455,0.455,5455,220,True
NP040A,NS5B,171,V,0.073,0.0,0.073,5455,220,True
NP040A,NS5B,171,K,0.147,0.0,0.147,5455,220,True
NP040A,NS5B,172,R,0.387,0.0,0.387,5421,242,True
NP040A,NS5B,172,E,0.387,0.0,0.387,5421,242,True
NP040A,NS5B,172,Q,0.037,0.0,0.037,5421,242,True
NP040A,NS5B,172,*,0.037,0.0,0.037,5421,242,True
NP040A,NS5B,172,K,98.949,100.0,1.051,5421,242,True
NP040A,NS5B,172,M,0.203,0.0,0.203,5421,242,True
NP040A,NS5B,173,R,99.664,99.704,0.04,5354,338,True
NP040A,NS5B,173,G,0.056,0.0,0.056,5354,338,True
NP040A,NS5B,173,Q,0.187,0.296,0.109,5354,338,True
NP040A,NS5B,173,P,0.019,0.0,0.019,5354,338,True
NP040A,NS5B,173,W,0.037,0.0,0.037,5354,338,True
NP040A,NS5B,173,L,0.037,0.0,0.037,5354,338,True
NP040A,NS5B,174,T,0.075,0.0,0.075,5364,387,True
NP040A,NS5B,174,V,0.0,1.034,1.034,5364,387,True
NP040A,NS5B,174,A,99.925,98.966,0.959,5364,387,True
NP040A,NS5B,175,R,0.018,0.0,0.018,5476,609,True
NP040A,NS5B,175,P,0.201,0.328,0.128,5476,609,True
NP040A,NS5B,175,F,0.073,0.0,0.073,5476,609,True
NP040A,NS5B,175,L,99.525,99.672,0.146,5476,609,True
NP040A,NS5B,175,I,0.018,0.0,0.018,5476,609,True
NP040A,NS5B,175,H,0.073,0.0,0.073,5476,609,True
NP040A,NS5B,175,V,0.091,0.0,0.091,5476,609,True
NP040A,NS5B,176,*,0.088,0.0,0.088,5684,702,True
NP040A,NS5B,176,C,0.352,0.285,0.067,5684,702,True
NP040A,NS5B,176,H,0.299,0.285,0.014,5684,702,True
NP040A,NS5B,176,S,0.07,0.0,0.07,5684,702,True
NP040A,NS5B,176,Y,99.191,99.43,0.239,5684,702,True
NP040A,NS5B,177,E,0.036,0.0,0.036,5531,699,True
NP040A,NS5B,177,G,0.307,0.286,0.021,5531,699,True
NP040A,NS5B,177,N,0.452,0.143,0.309,5531,699,True
NP040A,NS5B,177,D,99.078,99.571,0.493,5531,699,True
NP040A,NS5B,177,H,0.036,0.0,0.036,5531,699,True
NP040A,NS5B,177,V,0.072,0.0,0.072,5531,699,True
NP040A,NS5B,177,Y,0.018,0.0,0.018,5531,699,True
NP040A,NS5B,178,I,0.15,0.28,0.13,4674,715,True
NP040A,NS5B,178,G,0.107,0.0,0.107,4674,715,True
NP040A,NS5B,178,D,0.043,0.0,0.043,4674,715,True
NP040A,NS5B,178,A,0.3,0.699,0.4,4674,715,True
NP040A,NS5B,178,V,99.401,99.021,0.38,4674,715,True
NP040A,NS5B,179,T,99.61,100.0,0.39,4873,761,True
NP040A,NS5B,179,R,0.041,0.0,0.041,4873,761,True
NP040A,NS5B,179,A,0.123,0.0,0.123,4873,761,True
NP040A,NS5B,179,S,0.041,0.0,0.041,4873,761,True
NP040A,NS5B,179,M,0.185,0.0,0.185,4873,761,True
NP040A,NS5B,180,R,99.724,99.492,0.232,4712,788,True
NP040A,NS5B,180,G,0.021,0.0,0.021,4712,788,True
NP040A,NS5B,180,C,0.17,0.127,0.043,4712,788,True
NP040A,NS5B,180,H,0.085,0.381,0.296,4712,788,True
NP040A,NS5B,181,R,0.294,1.02,0.726,4422,784,True
NP040A,NS5B,181,E,0.294,0.128,0.166,4422,784,True
NP040A,NS5B,181,T,0.09,0.0,0.09,4422,784,True
NP040A,NS5B,181,N,0.068,0.0,0.068,4422,784,True
NP040A,NS5B,181,K,99.231,98.852,0.379,4422,784,True
NP040A,NS5B,181,A,0.023,0.0,0.023,4422,784,True
NP040A,NS5B,182,L,99.714,99.879,0.165,4543,827,True
NP040A,NS5B,182,P,0.286,0.0,0.286,4543,827,True
NP040A,NS5B,182,M,0.0,0.121,0.121,4543,827,True
NP040A,NS5B,183,Q,0.026,0.0,0.026,3878,872,True
NP040A,NS5B,183,P,99.407,100.0,0.593,3878,872,True
NP040A,NS5B,183,H,0.026,0.0,0.026,3878,872,True
NP040A,NS5B,183,A,0.026,0.0,0.026,3878,872,True
NP040A,NS5B,183,S,0.077,0.0,0.077,3878,872,True
NP040A,NS5B,183,L,0.438,0.0,0.438,3878,872,True
NP040A,NS5B,184,Q,0.026,0.0,0.026,3818,881,True
NP040A,NS5B,184,P,0.288,0.114,0.175,3818,881,True
NP040A,NS5B,184,*,0.026,0.0,0.026,3818,881,True
NP040A,NS5B,184,S,99.109,98.751,0.358,3818,881,True
NP040A,NS5B,184,L,0.55,1.135,0.585,3818,881,True
NP040A,NS5B,185,E,0.048,0.0,0.048,4129,1281,True
NP040A,NS5B,185,G,0.048,0.0,0.048,4129,1281,True
NP040A,NS5B,185,P,0.048,0.0,0.048,4129,1281,True
NP040A,NS5B,185,V,0.073,0.234,0.162,4129,1281,True
NP040A,NS5B,185,A,99.782,99.766,0.016,4129,1281,True
NP040A,NS5B,186,G,0.025,0.08,0.055,3999,1247,True
NP040A,NS5B,186,L,0.0,0.08,0.08,3999,1247,True
NP040A,NS5B,186,V,99.75,99.679,0.071,3999,1247,True
NP040A,NS5B,186,A,0.175,0.16,0.015,3999,1247,True
NP040A,NS5B,186,M,0.05,0.0,0.05,3999,1247,True
NP040A,NS5B,187,R,0.049,0.0,0.049,4098,1417,True
NP040A,NS5B,187,L,0.146,0.071,0.076,4098,1417,True
NP040A,NS5B,187,T,0.268,0.282,0.014,4098,1417,True
NP040A,NS5B,187,I,0.0,0.071,0.071,4098,1417,True
NP040A,NS5B,187,V,0.268,0.212,0.057,4098,1417,True
NP040A,NS5B,187,K,0.024,0.0,0.024,4098,1417,True
NP040A,NS5B,187,M,99.244,99.365,0.121,4098,1417,True
NP040A,NS5B,188,R,0.097,0.0,0.097,4111,1464,True
NP040A,NS5B,188,E,0.073,0.0,0.073,4111,1464,True
NP040A,NS5B,188,G,99.83,100.0,0.17,4111,1464,True
NP040A,NS5B,189,T,0.025,0.0,0.025,4072,1525,True
NP040A,NS5B,189,Q,0.025,0.0,0.025,4072,1525,True
NP040A,NS5B,189,P,99.632,99.738,0.106,4072,1525,True
NP040A,NS5B,189,A,0.025,0.0,0.025,4072,1525,True
NP040A,NS5B,189,S,0.123,0.262,0.14,4072,1525,True
NP040A,NS5B,189,L,0.172,0.0,0.172,4072,1525,True
NP040A,NS5B,190,T,0.049,0.126,0.077,4070,1589,True
NP040A,NS5B,190,P,0.025,0.0,0.025,4070,1589,True
NP040A,NS5B,190,A,99.877,99.748,0.129,4070,1589,True
NP040A,NS5B,190,V,0.049,0.126,0.077,4070,1589,True
NP040A,NS5B,191,N,0.05,0.0,0.05,3970,1617,True
NP040A,NS5B,191,*,0.05,0.0,0.05,3970,1617,True
NP040A,NS5B,191,C,0.302,0.062,0.24,3970,1617,True
NP040A,NS5B,191,H,0.05,0.0,0.05,3970,1617,True
NP040A,NS5B,191,S,0.05,0.0,0.05,3970,1617,True
NP040A,NS5B,191,Y,99.496,99.938,0.442,3970,1617,True
NP040A,NS5B,192,G,99.26,99.815,0.556,3917,1626,True
NP040A,NS5B,192,A,0.026,0.0,0.026,3917,1626,True
NP040A,NS5B,192,V,0.077,0.0,0.077,3917,1626,True
NP040A,NS5B,192,S,0.511,0.123,0.388,3917,1626,True
NP040A,NS5B,192,D,0.128,0.062,0.066,3917,1626,True
NP040A,NS5B,193,P,0.026,0.0,0.026,3863,2263,True
NP040A,NS5B,193,F,98.99,99.514,0.523,3863,2263,True
NP040A,NS5B,193,S,0.362,0.133,0.23,3863,2263,True
NP040A,NS5B,193,I,0.078,0.044,0.033,3863,2263,True
NP040A,NS5B,193,L,0.518,0.221,0.297,3863,2263,True
NP040A,NS5B,193,Y,0.026,0.088,0.062,3863,2263,True
NP040A,NS5B,194,R,0.077,0.192,0.115,3915,2603,True
NP040A,NS5B,194,E,0.026,0.0,0.026,3915,2603,True
NP040A,NS5B,194,Q,99.566,99.693,0.127,3915,2603,True
NP040A,NS5B,194,P,0.0,0.038,0.038,3915,2603,True
NP040A,NS5B,194,*,0.102,0.0,0.102,3915,2603,True
NP040A,NS5B,194,H,0.153,0.077,0.076,3915,2603,True
NP040A,NS5B,194,L,0.077,0.0,0.077,3915,2603,True
NP040A,NS5B,195,*,0.0,0.073,0.073,3844,2722,True
NP040A,NS5B,195,C,0.104,0.073,0.031,3844,2722,True
NP040A,NS5B,195,F,0.0,0.037,0.037,3844,2722,True
NP040A,NS5B,195,N,0.052,0.0,0.052,3844,2722,True
NP040A,NS5B,195,H,0.182,0.22,0.038,3844,2722,True
NP040A,NS5B,195,D,0.052,0.0,0.052,3844,2722,True
NP040A,NS5B,195,Y,99.61,99.596,0.014,3844,2722,True
NP040A,NS5B,196,P,0.443,0.259,0.184,3613,2702,True
NP040A,NS5B,196,S,99.336,99.704,0.368,3613,2702,True
NP040A,NS5B,196,L,0.083,0.037,0.046,3613,2702,True
NP040A,NS5B,196,T,0.083,0.0,0.083,3613,2702,True
NP040A,NS5B,196,W,0.028,0.0,0.028,3613,2702,True
NP040A,NS5B,196,A,0.028,0.0,0.028,3613,2702,True
NP040A,NS5B,197,T,0.057,0.0,0.057,3499,3059,True
NP040A,NS5B,197,P,99.428,99.935,0.506,3499,3059,True
NP040A,NS5B,197,S,0.057,0.065,0.008,3499,3059,True
NP040A,NS5B,197,L,0.457,0.0,0.457,3499,3059,True
NP040A,NS5B,198,R,0.12,0.068,0.052,3336,2927,True
NP040A,NS5B,198,E,0.27,0.068,0.201,3336,2927,True
NP040A,NS5B,198,*,0.06,0.137,0.077,3336,2927,True
NP040A,NS5B,198,T,0.0,0.034,0.034,3336,2927,True
NP040A,NS5B,198,N,0.0,0.034,0.034,3336,2927,True
NP040A,NS5B,198,K,99.55,99.624,0.074,3336,2927,True
NP040A,NS5B,198,M,0.0,0.034,0.034,3336,2927,True
NP040A,NS5B,199,R,0.354,0.098,0.256,2822,3058,True
NP040A,NS5B,199,E,0.213,0.0,0.213,2822,3058,True
NP040A,NS5B,199,Q,99.291,99.738,0.447,2822,3058,True
NP040A,NS5B,199,*,0.035,0.098,0.063,2822,3058,True
NP040A,NS5B,199,L,0.035,0.0,0.035,2822,3058,True
NP040A,NS5B,199,K,0.071,0.065,0.005,2822,3058,True
NP040A,NS5B,200,R,99.288,99.74,0.452,2808,3074,True
NP040A,NS5B,200,G,0.142,0.0,0.142,2808,3074,True
NP040A,NS5B,200,P,0.071,0.065,0.006,2808,3074,True
NP040A,NS5B,200,C,0.142,0.163,0.02,2808,3074,True
NP040A,NS5B,200,H,0.356,0.033,0.324,2808,3074,True
NP040A,NS5B,201,V,99.925,99.423,0.503,2683,2945,True
NP040A,NS5B,201,A,0.075,0.475,0.401,2683,2945,True
NP040A,NS5B,201,M,0.0,0.102,0.102,2683,2945,True
NP040A,NS5B,202,E,99.039,99.932,0.892,2498,2920,True
NP040A,NS5B,202,G,0.6,0.0,0.6,2498,2920,True
NP040A,NS5B,202,*,0.32,0.034,0.286,2498,2920,True
NP040A,NS5B,202,V,0.0,0.034,0.034,2498,2920,True
NP040A,NS5B,202,D,0.04,0.0,0.04,2498,2920,True
NP040A,NS5B,203,R,99.655,99.842,0.187,2605,3163,True
NP040A,NS5B,203,G,0.038,0.0,0.038,2605,3163,True
NP040A,NS5B,203,C,0.154,0.063,0.09,2605,3163,True
NP040A,NS5B,203,H,0.115,0.095,0.02,2605,3163,True
NP040A,NS5B,203,L,0.038,0.0,0.038,2605,3163,True
NP040A,NS5B,204,R,0.079,0.064,0.015,2534,3111,True
NP040A,NS5B,204,P,0.395,0.321,0.073,2534,3111,True
NP040A,NS5B,204,F,0.039,0.0,0.039,2534,3111,True
NP040A,NS5B,204,L,99.448,99.55,0.102,2534,3111,True
NP040A,NS5B,204,H,0.0,0.064,0.064,2534,3111,True
NP040A,NS5B,204,V,0.039,0.0,0.039,2534,3111,True
NP040A,NS5B,205,P,0.232,0.372,0.14,2584,3496,True
NP040A,NS5B,205,F,0.077,0.114,0.037,2584,3496,True
NP040A,NS5B,205,H,0.077,0.057,0.02,2584,3496,True
NP040A,NS5B,205,L,99.613,99.457,0.156,2584,3496,True
NP040A,NS5B,206,R,1.414,0.216,1.198,2546,3711,True
NP040A,NS5B,206,E,0.079,0.0,0.079,2546,3711,True
NP040A,NS5B,206,Q,98.39,99.704,1.314,2546,3711,True
NP040A,NS5B,206,H,0.0,0.027,0.027,2546,3711,True
NP040A,NS5B,206,L,0.118,0.054,0.064,2546,3711,True
NP040A,NS5B,207,L,0.082,0.053,0.029,2425,3746,True
NP040A,NS5B,207,T,0.33,3.684,3.354,2425,3746,True
NP040A,NS5B,207,I,0.0,0.053,0.053,2425,3746,True
NP040A,NS5B,207,V,0.454,0.294,0.16,2425,3746,True
NP040A,NS5B,207,M,99.134,95.916,3.218,2425,3746,True
NP040A,NS5B,208,R,0.198,0.258,0.06,2019,3484,True
NP040A,NS5B,208,*,0.0,0.057,0.057,2019,3484,True
NP040A,NS5B,208,C,0.05,0.029,0.021,2019,3484,True
NP040A,NS5B,208,W,99.752,99.627,0.125,2019,3484,True
NP040A,NS5B,208,L,0.0,0.029,0.029,2019,3484,True
NP040A,NS5B,209,R,99.146,99.703,0.557,1990,3706,True
NP040A,NS5B,209,G,0.201,0.108,0.093,1990,3706,True
NP040A,NS5B,209,C,0.402,0.0,0.402,1990,3706,True
NP040A,NS5B,209,S,0.101,0.0,0.101,1990,3706,True
NP040A,NS5B,209,H,0.151,0.135,0.016,1990,3706,True
NP040A,NS5B,209,L,0.0,0.054,0.054,1990,3706,True
NP040A,NS5B,210,G,0.11,0.0,0.11,1819,3644,True
NP040A,NS5B,210,P,0.11,0.0,0.11,1819,3644,True
NP040A,NS5B,210,A,99.56,97.173,2.387,1819,3644,True
NP040A,NS5B,210,S,0.0,0.055,0.055,1819,3644,True
NP040A,NS5B,210,T,0.0,0.192,0.192,1819,3644,True
NP040A,NS5B,210,V,0.22,2.58,2.36,1819,3644,True
NP040A,NS5B,211,R,98.89,99.288,0.397,1802,3509,True
NP040A,NS5B,211,G,0.444,0.513,0.069,1802,3509,True
NP040A,NS5B,211,S,0.0,0.028,0.028,1802,3509,True
NP040A,NS5B,211,K,0.61,0.142,0.468,1802,3509,True
NP040A,NS5B,211,M,0.055,0.028,0.027,1802,3509,True
NP040B,NS5B,165,Q,0.072,0.0,0.072,5583,108,True
NP040B,NS5B,165,P,3.529,0.0,3.529,5583,108,True
NP040B,NS5B,165,S,0.036,0.0,0.036,5583,108,True
NP040B,NS5B,165,L,96.364,100.0,3.636,5583,108,True
NP040B,NS5B,166,R,0.035,0.0,0.035,5634,173,True
NP040B,NS5B,166,E,0.106,2.312,2.206,5634,173,True
NP040B,NS5B,166,G,99.787,97.688,2.099,5634,173,True
NP040B,NS5B,166,A,0.018,0.0,0.018,5634,173,True
NP040B,NS5B,166,V,0.053,0.0,0.053,5634,173,True
NP040B,NS5B,167,E,0.017,0.0,0.017,5946,318,True
NP040B,NS5B,167,I,0.202,0.0,0.202,5946,318,True
NP040B,NS5B,167,G,0.017,0.0,0.017,5946,318,True
NP040B,NS5B,167,A,0.067,1.258,1.191,5946,318,True
NP040B,NS5B,167,V,99.697,98.742,0.955,5946,318,True
NP040B,NS5B,168,R,99.394,99.074,0.32,5779,324,True
NP040B,NS5B,168,G,0.554,0.617,0.064,5779,324,True
NP040B,NS5B,168,W,0.052,0.309,0.257,5779,324,True
NP040B,NS5B,169,E,0.07,0.0,0.07,5748,434,True
NP040B,NS5B,169,A,0.244,0.23,0.013,5748,434,True
NP040B,NS5B,169,V,99.617,99.539,0.078,5748,434,True
NP040B,NS5B,169,L,0.035,0.0,0.035,5748,434,True
NP040B,NS5B,169,M,0.035,0.23,0.196,5748,434,True
NP040B,NS5B,170,R,0.378,0.0,0.378,5814,467,True
NP040B,NS5B,170,G,0.052,0.0,0.052,5814,467,True
NP040B,NS5B,170,*,0.017,0.0,0.017,5814,467,True
NP040B,NS5B,170,C,98.951,99.572,0.621,5814,467,True
NP040B,NS5B,170,S,0.069,0.0,0.069,5814,467,True
NP040B,NS5B,170,W,0.241,0.428,0.187,5814,467,True
NP040B,NS5B,170,Y,0.292,0.0,0.292,5814,467,True
NP040B,NS5B,171,E,99.331,99.586,0.255,5680,483,True
NP040B,NS5B,171,K,0.106,0.207,0.101,5680,483,True
NP040B,NS5B,171,G,0.458,0.0,0.458,5680,483,True
NP040B,NS5B,171,D,0.018,0.0,0.018,5680,483,True
NP040B,NS5B,171,A,0.0,0.207,0.207,5680,483,True
NP040B,NS5B,171,V,0.088,0.0,0.088,5680,483,True
NP040B,NS5B,172,R,0.301,0.0,0.301,5644,483,True
NP040B,NS5B,172,E,0.408,0.0,0.408,5644,483,True
NP040B,NS5B,172,T,0.035,0.0,0.035,5644,483,True
NP040B,NS5B,172,*,2.286,0.0,2.286,5644,483,True
NP040B,NS5B,172,K,96.97,100.0,3.03,5644,483,True
NP040B,NS5B,173,R,99.694,99.837,0.143,5547,613,True
NP040B,NS5B,173,Q,0.216,0.0,0.216,5547,613,True
NP040B,NS5B,173,P,0.0,0.163,0.163,5547,613,True
NP040B,NS5B,173,W,0.072,0.0,0.072,5547,613,True
NP040B,NS5B,173,L,0.018,0.0,0.018,5547,613,True
NP040B,NS5B,174,T,0.07,0.591,0.521,5752,677,True
NP040B,NS5B,174,P,0.052,0.0,0.052,5752,677,True
NP040B,NS5B,174,A,99.757,99.409,0.347,5752,677,True
NP040B,NS5B,174,V,0.122,0.0,0.122,5752,677,True
NP040B,NS5B,175,F,0.134,0.0,0.134,5984,825,True
NP040B,NS5B,175,P,0.668,0.606,0.062,5984,825,True
NP040B,NS5B,175,V,0.017,0.0,0.017,5984,825,True
NP040B,NS5B,175,H,0.134,0.0,0.134,5984,825,True
NP040B,NS5B,175,L,99.047,99.394,0.346,5984,825,True
NP040B,NS5B,176,F,0.016,0.0,0.016,6195,931,True
NP040B,NS5B,176,C,0.178,0.0,0.178,6195,931,True
NP040B,NS5B,176,H,0.323,0.0,0.323,6195,931,True
NP040B,NS5B,176,D,0.065,0.0,0.065,6195,931,True
NP040B,NS5B,176,Y,99.419,100.0,0.581,6195,931,True
NP040B,NS5B,177,N,0.129,0.0,0.129,6199,913,True
NP040B,NS5B,177,G,0.177,0.329,0.151,6199,913,True
NP040B,NS5B,177,D,99.661,99.671,0.01,6199,913,True
NP040B,NS5B,177,V,0.032,0.0,0.032,6199,913,True
NP040B,NS5B,178,G,0.499,0.0,0.499,5615,1054,True
NP040B,NS5B,178,A,0.267,0.664,0.397,5615,1054,True
NP040B,NS5B,178,L,0.036,0.0,0.036,5615,1054,True
NP040B,NS5B,178,I,0.196,0.19,0.006,5615,1054,True
NP040B,NS5B,178,V,98.896,98.956,0.061,5615,1054,True
NP040B,NS5B,178,D,0.107,0.19,0.083,5615,1054,True
NP040B,NS5B,179,T,99.68,99.73,0.05,5937,1111,True
NP040B,NS5B,179,P,0.0,0.09,0.09,5937,1111,True
NP040B,NS5B,179,A,0.185,0.18,0.005,5937,1111,True
NP040B,NS5B,179,S,0.017,0.0,0.017,5937,1111,True
NP040B,NS5B,179,M,0.118,0.0,0.118,5937,1111,True
NP040B,NS5B,180,R,99.798,99.913,0.116,5936,1155,True
NP040B,NS5B,180,C,0.067,0.0,0.067,5936,1155,True
NP040B,NS5B,180,H,0.101,0.087,0.014,5936,1155,True
NP040B,NS5B,180,S,0.034,0.0,0.034,5936,1155,True
NP040B,NS5B,181,R,0.402,0.442,0.039,5715,1132,True
NP040B,NS5B,181,E,0.49,0.177,0.313,5715,1132,True
NP040B,NS5B,181,Q,0.017,0.0,0.017,5715,1132,True
NP040B,NS5B,181,S,0.017,0.0,0.017,5715,1132,True
NP040B,NS5B,181,T,0.052,0.0,0.052,5715,1132,True
NP040B,NS5B,181,N,0.035,0.0,0.035,5715,1132,True
NP040B,NS5B,181,V,0.035,0.0,0.035,5715,1132,True
NP040B,NS5B,181,K,98.81,99.382,0.571,5715,1132,True
NP040B,NS5B,181,M,0.14,0.0,0.14,5715,1132,True
NP040B,NS5B,182,Q,0.017,0.0,0.017,5893,1192,True
NP040B,NS5B,182,P,0.119,0.084,0.035,5893,1192,True
NP040B,NS5B,182,V,0.017,0.0,0.017,5893,1192,True
NP040B,NS5B,182,L,99.847,99.916,0.069,5893,1192,True
NP040B,NS5B,183,T,0.033,0.0,0.033,6006,1276,True
NP040B,NS5B,183,P,99.767,99.922,0.155,6006,1276,True
NP040B,NS5B,183,A,0.017,0.0,0.017,6006,1276,True
NP040B,NS5B,183,H,0.017,0.078,0.062,6006,1276,True
NP040B,NS5B,183,S,0.05,0.0,0.05,6006,1276,True
NP040B,NS5B,183,L,0.117,0.0,0.117,6006,1276,True
NP040B,NS5B,184,P,0.242,0.312,0.07,5795,1284,True
NP040B,NS5B,184,*,0.052,0.0,0.052,5795,1284,True
NP040B,NS5B,184,S,90.526,98.131,7.605,5795,1284,True
NP040B,NS5B,184,T,0.035,0.0,0.035,5795,1284,True
NP040B,NS5B,184,L,9.111,1.558,7.554,5795,1284,True
NP040B,NS5B,184,M,0.035,0.0,0.035,5795,1284,True
NP040B,NS5B,185,T,0.016,0.0,0.016,6281,1487,True
NP040B,NS5B,185,P,0.032,0.0,0.032,6281,1487,True
NP040B,NS5B,185,V,0.08,0.202,0.122,6281,1487,True
NP040B,NS5B,185,S,0.064,0.0,0.064,6281,1487,True
NP040B,NS5B,185,A,99.809,99.798,0.011,6281,1487,True
NP040B,NS5B,186,E,0.082,0.0,0.082,6083,1376,True
NP040B,NS5B,186,G,0.049,0.145,0.096,6083,1376,True
NP040B,NS5B,186,V,99.737,99.564,0.173,6083,1376,True
NP040B,NS5B,186,A,0.115,0.218,0.103,6083,1376,True
NP040B,NS5B,186,M,0.016,0.073,0.056,6083,1376,True
NP040B,NS5B,187,R,0.016,0.0,0.016,6251,1543,True
NP040B,NS5B,187,L,0.016,0.0,0.016,6251,1543,True
NP040B,NS5B,187,T,0.144,0.0,0.144,6251,1543,True
NP040B,NS5B,187,I,0.032,0.0,0.032,6251,1543,True
NP040B,NS5B,187,V,0.272,0.065,0.207,6251,1543,True
NP040B,NS5B,187,K,0.032,0.0,0.032,6251,1543,True
NP040B,NS5B,187,M,99.488,99.935,0.447,6251,1543,True
NP040B,NS5B,188,R,0.064,0.0,0.064,6262,1547,True
NP040B,NS5B,188,E,0.08,0.065,0.015,6262,1547,True
NP040B,NS5B,188,G,99.824,99.806,0.018,6262,1547,True
NP040B,NS5B,188,*,0.0,0.129,0.129,6262,1547,True
NP040B,NS5B,188,V,0.032,0.0,0.032,6262,1547,True
NP040B,NS5B,189,R,0.032,0.0,0.032,6225,1643,True
NP040B,NS5B,189,Q,0.096,0.061,0.036,6225,1643,True
NP040B,NS5B,189,P,99.711,99.757,0.046,6225,1643,True
NP040B,NS5B,189,S,0.048,0.122,0.074,6225,1643,True
NP040B,NS5B,189,L,0.112,0.061,0.052,6225,1643,True
NP040B,NS5B,190,T,0.016,0.0,0.016,6137,1652,True
NP040B,NS5B,190,A,99.919,99.879,0.04,6137,1652,True
NP040B,NS5B,190,V,0.065,0.121,0.056,6137,1652,True
NP040B,NS5B,191,*,0.033,0.0,0.033,6071,1694,True
NP040B,NS5B,191,C,0.181,0.118,0.063,6071,1694,True
NP040B,NS5B,191,F,0.0,0.059,0.059,6071,1694,True
NP040B,NS5B,191,N,0.0,0.059,0.059,6071,1694,True
NP040B,NS5B,191,H,0.049,0.0,0.049,6071,1694,True
NP040B,NS5B,191,D,0.033,0.0,0.033,6071,1694,True
NP040B,NS5B,191,Y,99.704,99.764,0.06,6071,1694,True
NP040B,NS5B,192,R,0.017,0.0,0.017,5994,1743,True
NP040B,NS5B,192,G,99.816,99.828,0.011,5994,1743,True
NP040B,NS5B,192,A,0.033,0.0,0.033,5994,1743,True
NP040B,NS5B,192,S,0.033,0.115,0.081,5994,1743,True
NP040B,NS5B,192,D,0.1,0.057,0.043,5994,1743,True
NP040B,NS5B,193,S,0.343,0.278,0.065,5836,2158,True
NP040B,NS5B,193,F,99.297,99.629,0.332,5836,2158,True
NP040B,NS5B,193,L,0.308,0.0,0.308,5836,2158,True
NP040B,NS5B,193,Y,0.051,0.093,0.041,5836,2158,True
NP040B,NS5B,194,R,0.119,0.208,0.089,5899,2402,True
NP040B,NS5B,194,E,0.017,0.0,0.017,5899,2402,True
NP040B,NS5B,194,Q,99.576,99.667,0.091,5899,2402,True
NP040B,NS5B,194,P,0.034,0.083,0.049,5899,2402,True
NP040B,NS5B,194,*,0.119,0.0,0.119,5899,2402,True
NP040B,NS5B,194,H,0.068,0.042,0.026,5899,2402,True
NP040B,NS5B,194,L,0.068,0.0,0.068,5899,2402,True
NP040B,NS5B,195,*,0.051,0.039,0.012,5877,2593,True
NP040B,NS5B,195,C,0.289,0.154,0.135,5877,2593,True
NP040B,NS5B,195,F,0.017,0.0,0.017,5877,2593,True
NP040B,NS5B,195,N,0.0,0.039,0.039,5877,2593,True
NP040B,NS5B,195,H,0.204,0.077,0.127,5877,2593,True
NP040B,NS5B,195,Y,99.438,99.691,0.253,5877,2593,True
NP040B,NS5B,196,P,0.107,0.585,0.478,5589,2564,True
NP040B,NS5B,196,*,0.036,0.039,0.003,5589,2564,True
NP040B,NS5B,196,S,99.714,99.298,0.416,5589,2564,True
NP040B,NS5B,196,T,0.036,0.078,0.042,5589,2564,True
NP040B,NS5B,196,W,0.018,0.0,0.018,5589,2564,True
NP040B,NS5B,196,L,0.089,0.0,0.089,5589,2564,True
NP040B,NS5B,197,R,0.036,0.0,0.036,5536,2993,True
NP040B,NS5B,197,Q,0.036,0.0,0.036,5536,2993,True
NP040B,NS5B,197,P,99.765,99.933,0.168,5536,2993,True
NP040B,NS5B,197,A,0.018,0.0,0.018,5536,2993,True
NP040B,NS5B,197,S,0.108,0.0,0.108,5536,2993,True
NP040B,NS5B,197,L,0.036,0.067,0.031,5536,2993,True
NP040B,NS5B,198,R,1.174,0.315,0.859,5196,2861,True
NP040B,NS5B,198,E,0.231,0.245,0.014,5196,2861,True
NP040B,NS5B,198,Q,0.0,0.07,0.07,5196,2861,True
NP040B,NS5B,198,*,0.038,0.035,0.004,5196,2861,True
NP040B,NS5B,198,T,0.019,0.0,0.019,5196,2861,True
NP040B,NS5B,198,N,0.096,0.0,0.096,5196,2861,True
NP040B,NS5B,198,K,98.441,99.301,0.86,5196,2861,True
NP040B,NS5B,198,M,0.0,0.035,0.035,5196,2861,True
NP040B,NS5B,199,R,0.351,0.58,0.23,5131,2929,True
NP040B,NS5B,199,Q,99.357,99.283,0.074,5131,2929,True
NP040B,NS5B,199,*,0.117,0.137,0.02,5131,2929,True
NP040B,NS5B,199,L,0.039,0.0,0.039,5131,2929,True
NP040B,NS5B,199,H,0.117,0.0,0.117,5131,2929,True
NP040B,NS5B,199,K,0.019,0.0,0.019,5131,2929,True
NP040B,NS5B,200,R,98.589,99.865,1.276,4962,2963,True
NP040B,NS5B,200,G,0.524,0.0,0.524,4962,2963,True
NP040B,NS5B,200,Q,0.141,0.0,0.141,4962,2963,True
NP040B,NS5B,200,P,0.0,0.067,0.067,4962,2963,True
NP040B,NS5B,200,C,0.06,0.034,0.027,4962,2963,True
NP040B,NS5B,200,S,0.181,0.0,0.181,4962,2963,True
NP040B,NS5B,200,H,0.484,0.034,0.45,4962,2963,True
NP040B,NS5B,200,L,0.02,0.0,0.02,4962,2963,True
NP040B,NS5B,201,E,0.043,0.071,0.028,4635,2826,True
NP040B,NS5B,201,G,0.065,0.035,0.029,4635,2826,True
NP040B,NS5B,201,A,0.345,0.318,0.027,4635,2826,True
NP040B,NS5B,201,L,0.0,0.035,0.035,4635,2826,True
NP040B,NS5B,201,V,99.439,99.54,0.101,4635,2826,True
NP040B,NS5B,201,D,0.043,0.0,0.043,4635,2826,True
NP040B,NS5B,201,M,0.065,0.0,0.065,4635,2826,True
NP040B,NS5B,202,E,99.103,99.783,0.68,4347,2764,True
NP040B,NS5B,202,G,0.207,0.181,0.026,4347,2764,True
NP040B,NS5B,202,*,0.276,0.0,0.276,4347,2764,True
NP040B,NS5B,202,A,0.023,0.0,0.023,4347,2764,True
NP040B,NS5B,202,D,0.161,0.036,0.125,4347,2764,True
NP040B,NS5B,202,V,0.138,0.0,0.138,4347,2764,True
NP040B,NS5B,202,K,0.092,0.0,0.092,4347,2764,True
NP040B,NS5B,203,R,99.57,99.66,0.09,4883,2941,True
NP040B,NS5B,203,C,0.246,0.068,0.178,4883,2941,True
NP040B,NS5B,203,H,0.143,0.272,0.129,4883,2941,True
NP040B,NS5B,203,L,0.041,0.0,0.041,4883,2941,True
NP040B,NS5B,204,R,0.0,0.035,0.035,4616,2897,True
NP040B,NS5B,204,P,0.325,0.656,0.331,4616,2897,True
NP040B,NS5B,204,F,0.087,0.173,0.086,4616,2897,True
NP040B,NS5B,204,L,99.415,99.103,0.313,4616,2897,True
NP040B,NS5B,204,I,0.065,0.0,0.065,4616,2897,True
NP040B,NS5B,204,H,0.065,0.035,0.03,4616,2897,True
NP040B,NS5B,204,V,0.043,0.0,0.043,4616,2897,True
NP040B,NS5B,205,P,0.146,0.583,0.437,4810,3261,True
NP040B,NS5B,205,F,0.083,0.215,0.131,4810,3261,True
NP040B,NS5B,205,V,0.0,0.061,0.061,4810,3261,True
NP040B,NS5B,205,H,0.083,0.0,0.083,4810,3261,True
NP040B,NS5B,205,L,99.688,99.141,0.547,4810,3261,True
NP040B,NS5B,206,R,0.474,0.203,0.272,4849,3455,True
NP040B,NS5B,206,Q,99.196,99.653,0.457,4849,3455,True
NP040B,NS5B,206,P,0.041,0.029,0.012,4849,3455,True
NP040B,NS5B,206,*,0.186,0.0,0.186,4849,3455,True
NP040B,NS5B,206,K,0.0,0.029,0.029,4849,3455,True
NP040B,NS5B,206,H,0.062,0.058,0.004,4849,3455,True
NP040B,NS5B,206,L,0.041,0.029,0.012,4849,3455,True
NP040B,NS5B,207,R,0.043,0.0,0.043,4674,3599,True
NP040B,NS5B,207,L,0.0,0.028,0.028,4674,3599,True
NP040B,NS5B,207,T,0.128,0.333,0.205,4674,3599,True
NP040B,NS5B,207,I,0.128,0.028,0.101,4674,3599,True
NP040B,NS5B,207,V,0.342,0.222,0.12,4674,3599,True
NP040B,NS5B,207,K,0.043,0.056,0.013,4674,3599,True
NP040B,NS5B,207,M,99.315,99.333,0.018,4674,3599,True
NP040B,NS5B,208,R,0.458,0.422,0.036,3931,3315,True
NP040B,NS5B,208,G,0.0,0.03,0.03,3931,3315,True
NP040B,NS5B,208,*,0.153,0.181,0.028,3931,3315,True
NP040B,NS5B,208,C,0.025,0.0,0.025,3931,3315,True
NP040B,NS5B,208,W,99.313,99.367,0.053,3931,3315,True
NP040B,NS5B,208,L,0.051,0.0,0.051,3931,3315,True
NP040B,NS5B,209,R,99.536,99.638,0.103,3876,3593,True
NP040B,NS5B,209,P,0.0,0.056,0.056,3876,3593,True
NP040B,NS5B,209,C,0.155,0.056,0.099,3876,3593,True
NP040B,NS5B,209,H,0.258,0.25,0.008,3876,3593,True
NP040B,NS5B,209,L,0.052,0.0,0.052,3876,3593,True
NP040B,NS5B,210,T,0.164,0.199,0.035,3656,3511,True
NP040B,NS5B,210,A,99.672,99.573,0.099,3656,3511,True
NP040B,NS5B,210,S,0.0,0.028,0.028,3656,3511,True
NP040B,NS5B,210,V,0.164,0.199,0.035,3656,3511,True
NP040B,NS5B,211,R,65.776,99.088,33.311,3594,3398,True
NP040B,NS5B,211,E,0.167,0.0,0.167,3594,3398,True
NP040B,NS5B,211,G,0.195,0.647,0.453,3594,3398,True
NP040B,NS5B,211,W,0.0,0.029,0.029,3594,3398,True
NP040B,NS5B,211,K,33.862,0.235,33.627,3594,3398,True
NP044B,NS5B,162,H,0.179,0.0,0.179,4462,106,True
NP044B,NS5B,162,C,0.202,0.0,0.202,4462,106,True
NP044B,NS5B,162,*,0.022,0.0,0.022,4462,106,True
NP044B,NS5B,162,F,0.022,0.0,0.022,4462,106,True
NP044B,NS5B,162,Y,99.574,100.0,0.426,4462,106,True
NP044B,NS5B,163,R,0.024,0.0,0.024,4150,127,True
NP044B,NS5B,163,P,99.88,100.0,0.12,4150,127,True
NP044B,NS5B,163,H,0.024,0.0,0.024,4150,127,True
NP044B,NS5B,163,S,0.072,0.0,0.072,4150,127,True
NP044B,NS5B,164,N,0.072,0.0,0.072,4169,164,True
NP044B,NS5B,164,E,0.024,0.0,0.024,4169,164,True
NP044B,NS5B,164,G,0.336,0.0,0.336,4169,164,True
NP044B,NS5B,164,D,99.568,98.171,1.398,4169,164,True
NP044B,NS5B,164,Y,0.0,1.829,1.829,4169,164,True
NP044B,NS5B,165,Q,0.115,0.0,0.115,4354,225,True
NP044B,NS5B,165,P,0.046,0.889,0.843,4354,225,True
NP044B,NS5B,165,L,99.839,99.111,0.728,4354,225,True
NP044B,NS5B,166,R,0.132,0.321,0.188,4532,312,True
NP044B,NS5B,166,E,0.044,0.0,0.044,4532,312,True
NP044B,NS5B,166,G,99.735,99.679,0.056,4532,312,True
NP044B,NS5B,166,W,0.044,0.0,0.044,4532,312,True
NP044B,NS5B,166,A,0.044,0.0,0.044,4532,312,True
NP044B,NS5B,167,E,0.0,0.405,0.405,4781,494,True
NP044B,NS5B,167,I,0.0,0.405,0.405,4781,494,True
NP044B,NS5B,167,V,99.979,98.785,1.194,4781,494,True
NP044B,NS5B,167,A,0.021,0.405,0.384,4781,494,True
NP044B,NS5B,168,R,99.702,99.398,0.305,4701,498,True
NP044B,NS5B,168,G,0.17,0.0,0.17,4701,498,True
NP044B,NS5B,168,Q,0.021,0.0,0.021,4701,498,True
NP044B,NS5B,168,T,0.021,0.0,0.021,4701,498,True
NP044B,NS5B,168,W,0.064,0.0,0.064,4701,498,True
NP044B,NS5B,168,K,0.021,0.201,0.18,4701,498,True
NP044B,NS5B,168,M,0.0,0.402,0.402,4701,498,True
NP044B,NS5B,169,E,0.068,0.0,0.068,4381,614,True
NP044B,NS5B,169,G,0.023,0.0,0.023,4381,614,True
NP044B,NS5B,169,A,0.0,0.489,0.489,4381,614,True
NP044B,NS5B,169,V,99.338,99.186,0.152,4381,614,True
NP044B,NS5B,169,L,0.023,0.0,0.023,4381,614,True
NP044B,NS5B,169,M,0.548,0.326,0.222,4381,614,True
NP044B,NS5B,170,R,0.41,0.0,0.41,4387,674,True
NP044B,NS5B,170,G,0.046,0.0,0.046,4387,674,True
NP044B,NS5B,170,W,0.046,0.0,0.046,4387,674,True
NP044B,NS5B,170,C,99.43,100.0,0.57,4387,674,True
NP044B,NS5B,170,S,0.046,0.0,0.046,4387,674,True
NP044B,NS5B,170,Y,0.023,0.0,0.023,4387,674,True
NP044B,NS5B,171,E,99.102,99.565,0.464,4230,690,True
NP044B,NS5B,171,G,0.52,0.29,0.23,4230,690,True
NP044B,NS5B,171,Q,0.047,0.0,0.047,4230,690,True
NP044B,NS5B,171,A,0.047,0.0,0.047,4230,690,True
NP044B,NS5B,171,K,0.284,0.145,0.139,4230,690,True
NP044B,NS5B,172,R,0.282,0.0,0.282,4248,707,True
NP044B,NS5B,172,E,0.377,0.0,0.377,4248,707,True
NP044B,NS5B,172,T,0.094,0.0,0.094,4248,707,True
NP044B,NS5B,172,K,99.223,100.0,0.777,4248,707,True
NP044B,NS5B,172,M,0.024,0.0,0.024,4248,707,True
NP044B,NS5B,173,R,99.62,99.726,0.107,4205,1095,True
NP044B,NS5B,173,G,0.024,0.091,0.068,4205,1095,True
NP044B,NS5B,173,Q,0.166,0.0,0.166,4205,1095,True
NP044B,NS5B,173,P,0.048,0.091,0.044,4205,1095,True
NP044B,NS5B,173,W,0.071,0.091,0.02,4205,1095,True
NP044B,NS5B,173,L,0.071,0.0,0.071,4205,1095,True
NP044B,NS5B,174,T,0.118,0.17,0.051,4228,1179,True
NP044B,NS5B,174,G,0.024,0.0,0.024,4228,1179,True
NP044B,NS5B,174,P,0.047,0.0,0.047,4228,1179,True
NP044B,NS5B,174,V,0.024,0.0,0.024,4228,1179,True
NP044B,NS5B,174,A,99.787,99.83,0.043,4228,1179,True
NP044B,NS5B,175,F,0.023,0.07,0.047,4263,1424,True
NP044B,NS5B,175,P,0.375,0.772,0.397,4263,1424,True
NP044B,NS5B,175,V,0.047,0.0,0.047,4263,1424,True
NP044B,NS5B,175,H,0.117,0.0,0.117,4263,1424,True
NP044B,NS5B,175,L,99.437,99.157,0.28,4263,1424,True
NP044B,NS5B,176,N,0.046,0.0,0.046,4334,1475,True
NP044B,NS5B,176,C,0.415,0.339,0.076,4334,1475,True
NP044B,NS5B,176,H,0.162,0.068,0.094,4334,1475,True
NP044B,NS5B,176,Y,99.377,99.593,0.216,4334,1475,True
NP044B,NS5B,177,G,0.213,0.07,0.143,4235,1432,True
NP044B,NS5B,177,N,0.118,0.14,0.022,4235,1432,True
NP044B,NS5B,177,D,99.481,99.791,0.31,4235,1432,True
NP044B,NS5B,177,V,0.142,0.0,0.142,4235,1432,True
NP044B,NS5B,177,A,0.024,0.0,0.024,4235,1432,True
NP044B,NS5B,177,Y,0.024,0.0,0.024,4235,1432,True
NP044B,NS5B,178,G,0.128,0.064,0.063,3921,1562,True
NP044B,NS5B,178,A,0.255,1.216,0.961,3921,1562,True
NP044B,NS5B,178,L,0.051,0.0,0.051,3921,1562,True
NP044B,NS5B,178,I,0.153,0.0,0.153,3921,1562,True
NP044B,NS5B,178,V,99.388,98.72,0.668,3921,1562,True
NP044B,NS5B,178,D,0.026,0.0,0.026,3921,1562,True
NP044B,NS5B,179,T,99.562,99.816,0.253,4113,1629,True
NP044B,NS5B,179,R,0.049,0.0,0.049,4113,1629,True
NP044B,NS5B,179,A,0.267,0.184,0.083,4113,1629,True
NP044B,NS5B,179,M,0.122,0.0,0.122,4113,1629,True
NP044B,NS5B,180,R,99.627,99.591,0.036,4022,1711,True
NP044B,NS5B,180,C,0.025,0.058,0.034,4022,1711,True
NP044B,NS5B,180,S,0.05,0.0,0.05,4022,1711,True
NP044B,NS5B,180,H,0.199,0.175,0.024,4022,1711,True
NP044B,NS5B,180,L,0.099,0.175,0.076,4022,1711,True
NP044B,NS5B,181,R,0.335,0.361,0.026,3879,1663,True
NP044B,NS5B,181,E,0.412,0.361,0.052,3879,1663,True
NP044B,NS5B,181,T,0.129,0.0,0.129,3879,1663,True
NP044B,NS5B,181,N,0.026,0.0,0.026,3879,1663,True
NP044B,NS5B,181,K,99.072,99.278,0.206,3879,1663,True
NP044B,NS5B,181,M,0.026,0.0,0.026,3879,1663,True
NP044B,NS5B,182,R,0.0,0.054,0.054,4014,1841,True
NP044B,NS5B,182,P,0.374,0.435,0.061,4014,1841,True
NP044B,NS5B,182,V,0.0,0.163,0.163,4014,1841,True
NP044B,NS5B,182,L,99.626,99.348,0.278,4014,1841,True
NP044B,NS5B,183,R,0.0,0.087,0.087,4458,2286,True
NP044B,NS5B,183,P,99.865,99.825,0.04,4458,2286,True
NP044B,NS5B,183,S,0.067,0.0,0.067,4458,2286,True
NP044B,NS5B,183,A,0.022,0.0,0.022,4458,2286,True
NP044B,NS5B,183,L,0.045,0.087,0.043,4458,2286,True
NP044B,NS5B,184,R,0.0,0.085,0.085,4438,2351,True
NP044B,NS5B,184,Q,0.0,0.128,0.128,4438,2351,True
NP044B,NS5B,184,P,0.18,0.213,0.032,4438,2351,True
NP044B,NS5B,184,S,0.045,0.0,0.045,4438,2351,True
NP044B,NS5B,184,L,99.775,99.575,0.2,4438,2351,True
NP044B,NS5B,185,T,0.045,0.041,0.004,4429,2451,True
NP044B,NS5B,185,A,99.797,99.918,0.122,4429,2451,True
NP044B,NS5B,185,V,0.158,0.041,0.117,4429,2451,True
NP044B,NS5B,186,I,0.069,0.083,0.013,4318,2419,True
NP044B,NS5B,186,G,0.093,0.0,0.093,4318,2419,True
NP044B,NS5B,186,V,99.653,99.711,0.058,4318,2419,True
NP044B,NS5B,186,A,0.185,0.207,0.021,4318,2419,True
NP044B,NS5B,187,L,0.046,0.0,0.046,4313,2555,True
NP044B,NS5B,187,T,0.371,0.274,0.097,4313,2555,True
NP044B,NS5B,187,I,0.232,0.039,0.193,4313,2555,True
NP044B,NS5B,187,V,0.278,0.039,0.239,4313,2555,True
NP044B,NS5B,187,K,0.093,0.039,0.054,4313,2555,True
NP044B,NS5B,187,M,98.98,99.609,0.629,4313,2555,True
NP044B,NS5B,188,R,0.143,0.038,0.104,4207,2605,True
NP044B,NS5B,188,E,0.024,0.038,0.015,4207,2605,True
NP044B,NS5B,188,G,99.81,99.923,0.113,4207,2605,True
NP044B,NS5B,188,A,0.024,0.0,0.024,4207,2605,True
NP044B,NS5B,189,R,0.025,0.0,0.025,3993,2817,True
NP044B,NS5B,189,Q,0.075,0.0,0.075,3993,2817,True
NP044B,NS5B,189,P,99.699,99.858,0.159,3993,2817,True
NP044B,NS5B,189,S,0.1,0.106,0.006,3993,2817,True
NP044B,NS5B,189,L,0.05,0.035,0.015,3993,2817,True
NP044B,NS5B,189,A,0.05,0.0,0.05,3993,2817,True
NP044B,NS5B,190,P,0.0,0.028,0.028,4025,3591,True
NP044B,NS5B,190,A,99.702,99.666,0.036,4025,3591,True
NP044B,NS5B,190,S,0.0,0.028,0.028,4025,3591,True
NP044B,NS5B,190,T,0.05,0.278,0.229,4025,3591,True
NP044B,NS5B,190,D,0.099,0.0,0.099,4025,3591,True
NP044B,NS5B,190,V,0.149,0.0,0.149,4025,3591,True
NP044B,NS5B,191,C,0.131,0.224,0.093,3811,3571,True
NP044B,NS5B,191,F,0.026,0.0,0.026,3811,3571,True
NP044B,NS5B,191,S,0.079,0.0,0.079,3811,3571,True
NP044B,NS5B,191,N,0.052,0.0,0.052,3811,3571,True
NP044B,NS5B,191,H,0.079,0.112,0.033,3811,3571,True
NP044B,NS5B,191,Y,99.633,99.664,0.031,3811,3571,True
NP044B,NS5B,192,R,0.0,0.129,0.129,3669,3872,True
NP044B,NS5B,192,G,99.755,99.638,0.116,3669,3872,True
NP044B,NS5B,192,S,0.0,0.155,0.155,3669,3872,True
NP044B,NS5B,192,D,0.136,0.052,0.085,3669,3872,True
NP044B,NS5B,192,V,0.082,0.0,0.082,3669,3872,True
NP044B,NS5B,192,A,0.027,0.026,0.001,3669,3872,True
NP044B,NS5B,193,P,0.0,0.022,0.022,3484,4491,True
NP044B,NS5B,193,F,99.225,98.486,0.739,3484,4491,True
NP044B,NS5B,193,S,0.517,0.534,0.018,3484,4491,True
NP044B,NS5B,193,L,0.172,0.935,0.763,3484,4491,True
NP044B,NS5B,193,I,0.029,0.0,0.029,3484,4491,True
NP044B,NS5B,193,V,0.057,0.022,0.035,3484,4491,True
NP044B,NS5B,194,R,0.085,0.087,0.002,3542,4589,True
NP044B,NS5B,194,Q,99.718,99.739,0.021,3542,4589,True
NP044B,NS5B,194,P,0.0,0.044,0.044,3542,4589,True
NP044B,NS5B,194,*,0.169,0.065,0.104,3542,4589,True
NP044B,NS5B,194,H,0.0,0.044,0.044,3542,4589,True
NP044B,NS5B,194,L,0.028,0.022,0.006,3542,4589,True
NP044B,NS5B,195,*,0.0,0.064,0.064,3514,4661,True
NP044B,NS5B,195,C,0.228,0.086,0.142,3514,4661,True
NP044B,NS5B,195,S,0.0,0.021,0.021,3514,4661,True
NP044B,NS5B,195,N,0.057,0.043,0.014,3514,4661,True
NP044B,NS5B,195,H,0.057,0.815,0.758,3514,4661,True
NP044B,NS5B,195,Y,99.659,98.97,0.688,3514,4661,True
NP044B,NS5B,196,T,0.03,0.065,0.036,3361,4587,True
NP044B,NS5B,196,P,0.268,0.414,0.146,3361,4587,True
NP044B,NS5B,196,S,99.702,99.346,0.356,3361,4587,True
NP044B,NS5B,196,L,0.0,0.174,0.174,3361,4587,True
NP044B,NS5B,197,T,0.0,0.037,0.037,3419,5445,True
NP044B,NS5B,197,P,100.0,99.78,0.22,3419,5445,True
NP044B,NS5B,197,S,0.0,0.073,0.073,3419,5445,True
NP044B,NS5B,197,L,0.0,0.11,0.11,3419,5445,True
NP044B,NS5B,198,R,0.348,0.364,0.016,3165,5221,True
NP044B,NS5B,198,E,0.19,0.077,0.113,3165,5221,True
NP044B,NS5B,198,Q,1.264,0.0,1.264,3165,5221,True
NP044B,NS5B,198,*,0.032,0.038,0.007,3165,5221,True
NP044B,NS5B,198,T,0.032,0.019,0.012,3165,5221,True
NP044B,NS5B,198,N,0.0,0.019,0.019,3165,5221,True
NP044B,NS5B,198,K,98.073,99.425,1.353,3165,5221,True
NP044B,NS5B,198,M,0.063,0.057,0.006,3165,5221,True
NP044B,NS5B,199,R,0.468,0.26,0.207,4063,5379,True
NP044B,NS5B,199,E,0.049,0.0,0.049,4063,5379,True
NP044B,NS5B,199,Q,99.409,99.591,0.182,4063,5379,True
NP044B,NS5B,199,P,0.0,0.074,0.074,4063,5379,True
NP044B,NS5B,199,*,0.0,0.037,0.037,4063,5379,True
NP044B,NS5B,199,L,0.025,0.0,0.025,4063,5379,True
NP044B,NS5B,199,H,0.0,0.037,0.037,4063,5379,True
NP044B,NS5B,199,K,0.049,0.0,0.049,4063,5379,True
NP044B,NS5B,200,R,99.069,99.621,0.552,4081,5536,True
NP044B,NS5B,200,G,0.441,0.036,0.405,4081,5536,True
NP044B,NS5B,200,P,0.0,0.036,0.036,4081,5536,True
NP044B,NS5B,200,C,0.196,0.181,0.015,4081,5536,True
NP044B,NS5B,200,S,0.049,0.018,0.031,4081,5536,True
NP044B,NS5B,200,H,0.172,0.072,0.099,4081,5536,True
NP044B,NS5B,200,L,0.074,0.036,0.037,4081,5536,True
NP044B,NS5B,201,G,0.0,0.018,0.018,4019,5588,True
NP044B,NS5B,201,L,0.05,0.054,0.004,4019,5588,True
NP044B,NS5B,201,I,0.1,0.036,0.064,4019,5588,True
NP044B,NS5B,201,V,99.577,99.517,0.06,4019,5588,True
NP044B,NS5B,201,A,0.274,0.376,0.102,4019,5588,True
NP044B,NS5B,202,E,98.974,99.173,0.199,3702,5439,True
NP044B,NS5B,202,G,0.513,0.496,0.017,3702,5439,True
NP044B,NS5B,202,*,0.027,0.0,0.027,3702,5439,True
NP044B,NS5B,202,A,0.027,0.018,0.009,3702,5439,True
NP044B,NS5B,202,D,0.135,0.276,0.141,3702,5439,True
NP044B,NS5B,202,V,0.297,0.037,0.26,3702,5439,True
NP044B,NS5B,202,K,0.027,0.0,0.027,3702,5439,True
NP044B,NS5B,203,R,99.865,99.798,0.067,3697,5433,True
NP044B,NS5B,203,G,0.0,0.018,0.018,3697,5433,True
NP044B,NS5B,203,C,0.027,0.037,0.01,3697,5433,True
NP044B,NS5B,203,H,0.081,0.074,0.008,3697,5433,True
NP044B,NS5B,203,L,0.027,0.074,0.047,3697,5433,True
NP044B,NS5B,204,R,0.055,0.0,0.055,3613,5554,True
NP044B,NS5B,204,P,0.387,0.414,0.027,3613,5554,True
NP044B,NS5B,204,F,0.055,0.198,0.143,3613,5554,True
NP044B,NS5B,204,I,0.0,0.018,0.018,3613,5554,True
NP044B,NS5B,204,H,0.055,0.036,0.019,3613,5554,True
NP044B,NS5B,204,L,99.446,99.334,0.113,3613,5554,True
NP044B,NS5B,205,R,0.0,0.017,0.017,3731,5915,True
NP044B,NS5B,205,P,0.322,0.135,0.186,3731,5915,True
NP044B,NS5B,205,F,0.0,0.034,0.034,3731,5915,True
NP044B,NS5B,205,V,0.0,0.017,0.017,3731,5915,True
NP044B,NS5B,205,H,0.027,0.034,0.007,3731,5915,True
NP044B,NS5B,205,L,99.652,99.763,0.112,3731,5915,True
NP044B,NS5B,206,R,0.183,0.35,0.167,3825,6285,True
NP044B,NS5B,206,E,0.026,0.0,0.026,3825,6285,True
NP044B,NS5B,206,G,0.0,0.016,0.016,3825,6285,True
NP044B,NS5B,206,Q,98.065,99.22,1.155,3825,6285,True
NP044B,NS5B,206,P,0.0,0.159,0.159,3825,6285,True
NP044B,NS5B,206,*,0.183,0.095,0.088,3825,6285,True
NP044B,NS5B,206,K,0.0,0.032,0.032,3825,6285,True
NP044B,NS5B,206,H,1.333,0.016,1.317,3825,6285,True
NP044B,NS5B,206,L,0.209,0.111,0.098,3825,6285,True
NP044B,NS5B,207,L,0.0,0.032,0.032,3748,6295,True
NP044B,NS5B,207,T,0.32,0.461,0.141,3748,6295,True
NP044B,NS5B,207,I,0.0,0.143,0.143,3748,6295,True
NP044B,NS5B,207,V,0.293,0.286,0.008,3748,6295,True
NP044B,NS5B,207,K,0.107,0.0,0.107,3748,6295,True
NP044B,NS5B,207,M,99.28,99.079,0.201,3748,6295,True
NP044B,NS5B,208,R,0.428,0.307,0.121,3507,5862,True
NP044B,NS5B,208,G,0.0,0.068,0.068,3507,5862,True
NP044B,NS5B,208,*,0.114,0.222,0.108,3507,5862,True
NP044B,NS5B,208,C,0.086,0.051,0.034,3507,5862,True
NP044B,NS5B,208,W,99.373,99.352,0.021,3507,5862,True
NP044B,NS5B,209,R,99.77,99.602,0.168,3476,6279,True
NP044B,NS5B,209,G,0.0,0.032,0.032,3476,6279,True
NP044B,NS5B,209,P,0.0,0.064,0.064,3476,6279,True
NP044B,NS5B,209,C,0.115,0.159,0.044,3476,6279,True
NP044B,NS5B,209,S,0.058,0.0,0.058,3476,6279,True
NP044B,NS5B,209,H,0.058,0.143,0.086,3476,6279,True
NP044B,NS5B,210,P,0.089,0.032,0.057,3373,6184,True
NP044B,NS5B,210,A,99.733,99.66,0.073,3373,6184,True
NP044B,NS5B,210,S,0.059,0.032,0.027,3373,6184,True
NP044B,NS5B,210,T,0.03,0.259,0.229,3373,6184,True
NP044B,NS5B,210,V,0.089,0.016,0.073,3373,6184,True
NP044B,NS5B,211,R,0.152,0.357,0.205,3296,6164,True
NP044B,NS5B,211,E,0.334,0.357,0.023,3296,6164,True
NP044B,NS5B,211,Q,0.061,0.049,0.012,3296,6164,True
NP044B,NS5B,211,*,0.0,0.016,0.016,3296,6164,True
NP044B,NS5B,211,N,0.03,0.0,0.03,3296,6164,True
NP044B,NS5B,211,K,99.363,99.156,0.206,3296,6164,True
NP044B,NS5B,211,M,0.061,0.065,0.004,3296,6164,True
NP045A,NS5B,162,N,0.064,0.0,0.064,3147,167,True
NP045A,NS5B,162,S,0.032,0.0,0.032,3147,167,True
NP045A,NS5B,162,*,0.032,0.0,0.032,3147,167,True
NP045A,NS5B,162,C,0.318,0.0,0.318,3147,167,True
NP045A,NS5B,162,H,0.159,0.0,0.159,3147,167,True
NP045A,NS5B,162,F,0.064,0.0,0.064,3147,167,True
NP045A,NS5B,162,Y,99.333,100.0,0.667,3147,167,True
NP045A,NS5B,163,R,0.034,0.0,0.034,2933,244,True
NP045A,NS5B,163,P,99.625,100.0,0.375,2933,244,True
NP045A,NS5B,163,A,0.034,0.0,0.034,2933,244,True
NP045A,NS5B,163,S,0.17,0.0,0.17,2933,244,True
NP045A,NS5B,163,L,0.136,0.0,0.136,2933,244,True
NP045A,NS5B,164,G,0.247,0.623,0.376,2833,321,True
NP045A,NS5B,164,N,0.035,0.623,0.588,2833,321,True
NP045A,NS5B,164,D,99.647,91.277,8.37,2833,321,True
NP045A,NS5B,164,V,0.035,0.0,0.035,2833,321,True
NP045A,NS5B,164,H,0.0,0.312,0.312,2833,321,True
NP045A,NS5B,164,A,0.035,0.0,0.035,2833,321,True
NP045A,NS5B,164,Y,0.0,7.165,7.165,2833,321,True
NP045A,NS5B,165,Q,0.067,0.528,0.461,2986,379,True
NP045A,NS5B,165,P,0.0,0.264,0.264,2986,379,True
NP045A,NS5B,165,L,99.933,99.208,0.725,2986,379,True
NP045A,NS5B,166,R,0.234,0.377,0.143,2993,530,True
NP045A,NS5B,166,E,0.1,0.0,0.1,2993,530,True
NP045A,NS5B,166,G,99.465,98.868,0.597,2993,530,True
NP045A,NS5B,166,A,0.067,0.377,0.311,2993,530,True
NP045A,NS5B,166,S,0.067,0.0,0.067,2993,530,True
NP045A,NS5B,166,K,0.0,0.377,0.377,2993,530,True
NP045A,NS5B,166,V,0.067,0.0,0.067,2993,530,True
NP045A,NS5B,167,E,0.033,0.0,0.033,3052,967,True
NP045A,NS5B,167,G,0.066,0.0,0.066,3052,967,True
NP045A,NS5B,167,L,0.0,0.207,0.207,3052,967,True
NP045A,NS5B,167,I,0.066,0.414,0.348,3052,967,True
NP045A,NS5B,167,V,99.607,98.656,0.951,3052,967,True
NP045A,NS5B,167,A,0.229,0.724,0.495,3052,967,True
NP045A,NS5B,168,R,97.774,99.793,2.018,3100,964,True
NP045A,NS5B,168,G,0.516,0.207,0.309,3100,964,True
NP045A,NS5B,168,W,0.032,0.0,0.032,3100,964,True
NP045A,NS5B,168,K,1.677,0.0,1.677,3100,964,True
NP045A,NS5B,169,G,0.069,0.083,0.014,2896,1200,True
NP045A,NS5B,169,V,99.827,99.167,0.661,2896,1200,True
NP045A,NS5B,169,A,0.035,0.417,0.382,2896,1200,True
NP045A,NS5B,169,M,0.069,0.333,0.264,2896,1200,True
NP045A,NS5B,170,R,0.068,0.151,0.082,2926,1327,True
NP045A,NS5B,170,G,0.034,0.0,0.034,2926,1327,True
NP045A,NS5B,170,C,99.829,99.623,0.206,2926,1327,True
NP045A,NS5B,170,W,0.0,0.075,0.075,2926,1327,True
NP045A,NS5B,170,Y,0.068,0.151,0.082,2926,1327,True
NP045A,NS5B,171,E,98.968,99.549,0.581,2810,1330,True
NP045A,NS5B,171,G,0.819,0.226,0.593,2810,1330,True
NP045A,NS5B,171,A,0.0,0.15,0.15,2810,1330,True
NP045A,NS5B,171,D,0.071,0.0,0.071,2810,1330,True
NP045A,NS5B,171,V,0.071,0.075,0.004,2810,1330,True
NP045A,NS5B,171,K,0.071,0.0,0.071,2810,1330,True
NP045A,NS5B,172,R,0.286,0.0,0.286,2796,1365,True
NP045A,NS5B,172,E,0.894,0.0,0.894,2796,1365,True
NP045A,NS5B,172,*,0.0,0.073,0.073,2796,1365,True
NP045A,NS5B,172,T,0.036,0.0,0.036,2796,1365,True
NP045A,NS5B,172,N,0.072,0.147,0.075,2796,1365,True
NP045A,NS5B,172,K,98.677,99.78,1.104,2796,1365,True
NP045A,NS5B,172,M,0.036,0.0,0.036,2796,1365,True
NP045A,NS5B,173,R,99.786,99.332,0.454,2806,1497,True
NP045A,NS5B,173,Q,0.107,0.534,0.427,2806,1497,True
NP045A,NS5B,173,P,0.0,0.067,0.067,2806,1497,True
NP045A,NS5B,173,W,0.071,0.0,0.071,2806,1497,True
NP045A,NS5B,173,L,0.036,0.067,0.031,2806,1497,True
NP045A,NS5B,174,T,0.0,0.115,0.115,2728,1740,True
NP045A,NS5B,174,E,0.073,0.0,0.073,2728,1740,True
NP045A,NS5B,174,P,0.037,0.057,0.021,2728,1740,True
NP045A,NS5B,174,A,99.817,99.828,0.011,2728,1740,True
NP045A,NS5B,174,V,0.073,0.0,0.073,2728,1740,True
NP045A,NS5B,175,R,0.11,0.0,0.11,2739,1716,True
NP045A,NS5B,175,P,0.475,1.923,1.448,2739,1716,True
NP045A,NS5B,175,V,0.0,0.058,0.058,2739,1716,True
NP045A,NS5B,175,H,0.183,0.058,0.124,2739,1716,True
NP045A,NS5B,175,L,99.233,97.96,1.273,2739,1716,True
NP045A,NS5B,176,*,0.072,0.0,0.072,2770,2074,True
NP045A,NS5B,176,C,0.253,0.096,0.156,2770,2074,True
NP045A,NS5B,176,H,0.325,0.338,0.013,2770,2074,True
NP045A,NS5B,176,S,0.108,0.0,0.108,2770,2074,True
NP045A,NS5B,176,Y,99.242,99.566,0.324,2770,2074,True
NP045A,NS5B,177,E,0.071,0.032,0.038,2832,3094,True
NP045A,NS5B,177,G,0.318,0.388,0.07,2832,3094,True
NP045A,NS5B,177,C,0.0,0.032,0.032,2832,3094,True
NP045A,NS5B,177,N,0.212,0.291,0.079,2832,3094,True
NP045A,NS5B,177,D,99.258,98.966,0.293,2832,3094,True
NP045A,NS5B,177,V,0.106,0.129,0.023,2832,3094,True
NP045A,NS5B,177,H,0.0,0.032,0.032,2832,3094,True
NP045A,NS5B,177,A,0.035,0.065,0.029,2832,3094,True
NP045A,NS5B,177,Y,0.0,0.065,0.065,2832,3094,True
NP045A,NS5B,178,G,0.197,0.086,0.112,2532,3503,True
NP045A,NS5B,178,L,0.079,0.0,0.079,2532,3503,True
NP045A,NS5B,178,I,0.118,0.171,0.053,2532,3503,True
NP045A,NS5B,178,V,99.092,99.515,0.423,2532,3503,True
NP045A,NS5B,178,A,0.513,0.228,0.285,2532,3503,True
NP045A,NS5B,179,T,99.431,99.792,0.361,2638,3847,True
NP045A,NS5B,179,P,0.038,0.0,0.038,2638,3847,True
NP045A,NS5B,179,A,0.341,0.182,0.159,2638,3847,True
NP045A,NS5B,179,M,0.19,0.026,0.164,2638,3847,True
NP045A,NS5B,180,R,99.883,99.474,0.409,2566,3994,True
NP045A,NS5B,180,G,0.0,0.1,0.1,2566,3994,True
NP045A,NS5B,180,P,0.0,0.1,0.1,2566,3994,True
NP045A,NS5B,180,C,0.0,0.1,0.1,2566,3994,True
NP045A,NS5B,180,H,0.117,0.225,0.108,2566,3994,True
NP045A,NS5B,181,R,0.281,0.31,0.029,2490,3867,True
NP045A,NS5B,181,E,0.161,0.181,0.02,2490,3867,True
NP045A,NS5B,181,*,0.0,0.026,0.026,2490,3867,True
NP045A,NS5B,181,N,0.04,0.0,0.04,2490,3867,True
NP045A,NS5B,181,K,99.438,99.354,0.084,2490,3867,True
NP045A,NS5B,181,M,0.08,0.129,0.049,2490,3867,True
NP045A,NS5B,182,Q,0.0,0.025,0.025,2487,4043,True
NP045A,NS5B,182,P,0.362,0.173,0.189,2487,4043,True
NP045A,NS5B,182,L,99.598,99.753,0.155,2487,4043,True
NP045A,NS5B,182,V,0.04,0.025,0.015,2487,4043,True
NP045A,NS5B,182,M,0.0,0.025,0.025,2487,4043,True
NP045A,NS5B,183,R,0.126,0.0,0.126,2382,4213,True
NP045A,NS5B,183,Q,0.084,0.0,0.084,2382,4213,True
NP045A,NS5B,183,P,99.454,99.834,0.38,2382,4213,True
NP045A,NS5B,183,A,0.042,0.071,0.029,2382,4213,True
NP045A,NS5B,183,S,0.084,0.095,0.011,2382,4213,True
NP045A,NS5B,183,T,0.042,0.0,0.042,2382,4213,True
NP045A,NS5B,183,H,0.042,0.0,0.042,2382,4213,True
NP045A,NS5B,183,L,0.126,0.0,0.126,2382,4213,True
NP045A,NS5B,184,Q,0.042,0.0,0.042,2405,4303,True
NP045A,NS5B,184,P,0.166,0.837,0.67,2405,4303,True
NP045A,NS5B,184,V,0.083,0.0,0.083,2405,4303,True
NP045A,NS5B,184,L,99.709,99.14,0.569,2405,4303,True
NP045A,NS5B,184,M,0.0,0.023,0.023,2405,4303,True
NP045A,NS5B,185,E,0.0,0.021,0.021,2389,4773,True
NP045A,NS5B,185,P,0.0,0.063,0.063,2389,4773,True
NP045A,NS5B,185,A,99.749,99.832,0.084,2389,4773,True
NP045A,NS5B,185,S,0.084,0.0,0.084,2389,4773,True
NP045A,NS5B,185,T,0.084,0.063,0.021,2389,4773,True
NP045A,NS5B,185,V,0.084,0.021,0.063,2389,4773,True
NP045A,NS5B,186,E,0.091,0.0,0.091,2208,4715,True
NP045A,NS5B,186,I,0.0,0.127,0.127,2208,4715,True
NP045A,NS5B,186,V,99.819,99.788,0.031,2208,4715,True
NP045A,NS5B,186,A,0.091,0.042,0.048,2208,4715,True
NP045A,NS5B,186,L,0.0,0.042,0.042,2208,4715,True
NP045A,NS5B,187,R,0.0,0.466,0.466,2284,4940,True
NP045A,NS5B,187,L,0.0,0.081,0.081,2284,4940,True
NP045A,NS5B,187,T,0.044,0.283,0.24,2284,4940,True
NP045A,NS5B,187,I,0.088,0.182,0.095,2284,4940,True
NP045A,NS5B,187,V,0.219,0.182,0.037,2284,4940,True
NP045A,NS5B,187,K,0.044,0.02,0.024,2284,4940,True
NP045A,NS5B,187,M,99.606,98.785,0.821,2284,4940,True
NP045A,NS5B,188,R,0.281,0.042,0.239,2138,4803,True
NP045A,NS5B,188,E,0.0,0.104,0.104,2138,4803,True
NP045A,NS5B,188,G,99.673,99.792,0.119,2138,4803,True
NP045A,NS5B,188,V,0.0,0.062,0.062,2138,4803,True
NP045A,NS5B,188,A,0.047,0.0,0.047,2138,4803,True
NP045A,NS5B,189,R,0.0,0.02,0.02,2150,4986,True
NP045A,NS5B,189,Q,0.0,0.02,0.02,2150,4986,True
NP045A,NS5B,189,P,99.767,99.779,0.012,2150,4986,True
NP045A,NS5B,189,S,0.093,0.1,0.007,2150,4986,True
NP045A,NS5B,189,T,0.093,0.0,0.093,2150,4986,True
NP045A,NS5B,189,L,0.047,0.08,0.034,2150,4986,True
NP045A,NS5B,190,G,0.045,0.0,0.045,2233,5537,True
NP045A,NS5B,190,P,0.0,0.018,0.018,2233,5537,True
NP045A,NS5B,190,S,0.0,0.036,0.036,2233,5537,True
NP045A,NS5B,190,T,0.224,0.054,0.17,2233,5537,True
NP045A,NS5B,190,D,0.0,0.036,0.036,2233,5537,True
NP045A,NS5B,190,V,0.0,0.036,0.036,2233,5537,True
NP045A,NS5B,190,A,99.731,99.819,0.088,2233,5537,True
NP045A,NS5B,191,*,0.048,0.091,0.043,2098,5488,True
NP045A,NS5B,191,C,0.334,0.055,0.279,2098,5488,True
NP045A,NS5B,191,N,0.095,0.0,0.095,2098,5488,True
NP045A,NS5B,191,H,0.095,0.273,0.178,2098,5488,True
NP045A,NS5B,191,Y,99.428,99.581,0.153,2098,5488,True
NP045A,NS5B,192,R,0.0,0.051,0.051,2017,5928,True
NP045A,NS5B,192,G,99.752,99.73,0.022,2017,5928,True
NP045A,NS5B,192,S,0.198,0.135,0.063,2017,5928,True
NP045A,NS5B,192,D,0.0,0.067,0.067,2017,5928,True
NP045A,NS5B,192,V,0.05,0.017,0.033,2017,5928,True
NP045A,NS5B,193,I,0.0,0.068,0.068,1749,5900,True
NP045A,NS5B,193,F,99.314,98.627,0.687,1749,5900,True
NP045A,NS5B,193,S,0.343,0.288,0.055,1749,5900,True
NP045A,NS5B,193,L,0.343,1.017,0.674,1749,5900,True
NP045A,NS5B,194,R,0.0,0.528,0.528,1799,6245,True
NP045A,NS5B,194,E,0.0,0.016,0.016,1799,6245,True
NP045A,NS5B,194,Q,99.778,99.231,0.546,1799,6245,True
NP045A,NS5B,194,*,0.111,0.08,0.031,1799,6245,True
NP045A,NS5B,194,K,0.0,0.032,0.032,1799,6245,True
NP045A,NS5B,194,H,0.0,0.016,0.016,1799,6245,True
NP045A,NS5B,194,L,0.111,0.096,0.015,1799,6245,True
NP045A,NS5B,195,N,0.0,0.032,0.032,1735,6244,True
NP045A,NS5B,195,*,0.0,0.032,0.032,1735,6244,True
NP045A,NS5B,195,C,0.0,0.096,0.096,1735,6244,True
NP045A,NS5B,195,H,0.231,0.304,0.074,1735,6244,True
NP045A,NS5B,195,Y,99.769,99.536,0.234,1735,6244,True
NP045A,NS5B,196,P,0.812,0.476,0.336,1600,6087,True
NP045A,NS5B,196,*,0.0,0.033,0.033,1600,6087,True
NP045A,NS5B,196,A,0.0,0.016,0.016,1600,6087,True
NP045A,NS5B,196,S,98.938,99.228,0.29,1600,6087,True
NP045A,NS5B,196,T,0.062,0.082,0.02,1600,6087,True
NP045A,NS5B,196,W,0.125,0.033,0.092,1600,6087,True
NP045A,NS5B,196,L,0.062,0.131,0.069,1600,6087,True
NP045A,NS5B,197,R,0.0,0.029,0.029,1576,6947,True
NP045A,NS5B,197,P,99.873,99.87,0.003,1576,6947,True
NP045A,NS5B,197,S,0.063,0.101,0.037,1576,6947,True
NP045A,NS5B,197,L,0.063,0.0,0.063,1576,6947,True
NP045A,NS5B,198,R,0.129,0.335,0.206,1545,6558,True
NP045A,NS5B,198,E,0.259,0.213,0.045,1545,6558,True
NP045A,NS5B,198,*,0.0,0.061,0.061,1545,6558,True
NP045A,NS5B,198,T,0.0,0.015,0.015,1545,6558,True
NP045A,NS5B,198,N,0.0,0.015,0.015,1545,6558,True
NP045A,NS5B,198,V,0.0,0.015,0.015,1545,6558,True
NP045A,NS5B,198,K,99.547,99.131,0.416,1545,6558,True
NP045A,NS5B,198,M,0.065,0.213,0.149,1545,6558,True
NP045A,NS5B,199,R,0.306,0.22,0.086,1307,6820,True
NP045A,NS5B,199,Q,99.464,99.575,0.11,1307,6820,True
NP045A,NS5B,199,P,0.077,0.029,0.047,1307,6820,True
NP045A,NS5B,199,*,0.0,0.044,0.044,1307,6820,True
NP045A,NS5B,199,L,0.0,0.088,0.088,1307,6820,True
NP045A,NS5B,199,H,0.153,0.015,0.138,1307,6820,True
NP045A,NS5B,199,K,0.0,0.029,0.029,1307,6820,True
NP045A,NS5B,200,R,99.435,99.709,0.274,1238,6862,True
NP045A,NS5B,200,G,0.0,0.029,0.029,1238,6862,True
NP045A,NS5B,200,P,0.0,0.058,0.058,1238,6862,True
NP045A,NS5B,200,C,0.323,0.087,0.236,1238,6862,True
NP045A,NS5B,200,S,0.0,0.015,0.015,1238,6862,True
NP045A,NS5B,200,H,0.242,0.073,0.169,1238,6862,True
NP045A,NS5B,200,L,0.0,0.029,0.029,1238,6862,True
NP045A,NS5B,201,E,0.0,0.106,0.106,1163,6594,True
NP045A,NS5B,201,G,0.258,0.045,0.212,1163,6594,True
NP045A,NS5B,201,L,0.0,0.015,0.015,1163,6594,True
NP045A,NS5B,201,V,98.882,99.211,0.329,1163,6594,True
NP045A,NS5B,201,A,0.516,0.455,0.061,1163,6594,True
NP045A,NS5B,201,M,0.344,0.167,0.177,1163,6594,True
NP045A,NS5B,202,E,99.069,99.611,0.542,1074,6170,True
NP045A,NS5B,202,G,0.0,0.227,0.227,1074,6170,True
NP045A,NS5B,202,Q,0.0,0.049,0.049,1074,6170,True
NP045A,NS5B,202,*,0.466,0.0,0.466,1074,6170,True
NP045A,NS5B,202,K,0.0,0.049,0.049,1074,6170,True
NP045A,NS5B,202,D,0.279,0.032,0.247,1074,6170,True
NP045A,NS5B,202,V,0.186,0.032,0.154,1074,6170,True
NP045A,NS5B,203,R,99.719,99.784,0.065,1067,6491,True
NP045A,NS5B,203,P,0.0,0.015,0.015,1067,6491,True
NP045A,NS5B,203,C,0.187,0.031,0.157,1067,6491,True
NP045A,NS5B,203,S,0.0,0.031,0.031,1067,6491,True
NP045A,NS5B,203,H,0.094,0.108,0.014,1067,6491,True
NP045A,NS5B,203,L,0.0,0.031,0.031,1067,6491,True
NP045A,NS5B,204,P,0.296,0.447,0.151,1013,6035,True
NP045A,NS5B,204,F,0.296,0.083,0.213,1013,6035,True
NP045A,NS5B,204,I,0.0,0.033,0.033,1013,6035,True
NP045A,NS5B,204,V,0.0,0.05,0.05,1013,6035,True
NP045A,NS5B,204,H,0.0,0.116,0.116,1013,6035,True
NP045A,NS5B,204,L,99.408,99.271,0.137,1013,6035,True
NP045A,NS5B,205,R,0.0,0.068,0.068,1056,7340,True
NP045A,NS5B,205,P,0.473,0.504,0.031,1056,7340,True
NP045A,NS5B,205,F,0.189,0.082,0.108,1056,7340,True
NP045A,NS5B,205,I,0.0,0.014,0.014,1056,7340,True
NP045A,NS5B,205,H,0.0,0.014,0.014,1056,7340,True
NP045A,NS5B,205,L,99.337,99.319,0.018,1056,7340,True
NP045A,NS5B,206,R,0.094,0.249,0.155,1059,8833,True
NP045A,NS5B,206,Q,99.811,99.4,0.411,1059,8833,True
NP045A,NS5B,206,P,0.0,0.034,0.034,1059,8833,True
NP045A,NS5B,206,*,0.0,0.158,0.158,1059,8833,True
NP045A,NS5B,206,L,0.0,0.102,0.102,1059,8833,True
NP045A,NS5B,206,H,0.0,0.045,0.045,1059,8833,True
NP045A,NS5B,206,K,0.094,0.011,0.083,1059,8833,True
NP045A,NS5B,207,R,0.0,0.011,0.011,1000,8790,True
NP045A,NS5B,207,L,0.1,0.091,0.009,1000,8790,True
NP045A,NS5B,207,T,0.1,0.364,0.264,1000,8790,True
NP045A,NS5B,207,I,0.3,0.102,0.198,1000,8790,True
NP045A,NS5B,207,K,0.0,0.08,0.08,1000,8790,True
NP045A,NS5B,207,V,0.6,0.273,0.327,1000,8790,True
NP045A,NS5B,207,M,98.9,99.078,0.178,1000,8790,True
NP045A,NS5B,208,R,0.137,0.23,0.093,731,7403,True
NP045A,NS5B,208,G,0.684,0.068,0.616,731,7403,True
NP045A,NS5B,208,*,0.0,0.257,0.257,731,7403,True
NP045A,NS5B,208,C,0.0,0.014,0.014,731,7403,True
NP045A,NS5B,208,W,99.179,99.433,0.253,731,7403,True
NP045A,NS5B,209,R,99.572,99.644,0.072,701,7872,True
NP045A,NS5B,209,C,0.0,0.102,0.102,701,7872,True
NP045A,NS5B,209,H,0.143,0.178,0.035,701,7872,True
NP045A,NS5B,209,S,0.285,0.0,0.285,701,7872,True
NP045A,NS5B,209,L,0.0,0.076,0.076,701,7872,True
NP045A,NS5B,210,T,0.304,0.117,0.187,658,7671,True
NP045A,NS5B,210,P,0.0,0.039,0.039,658,7671,True
NP045A,NS5B,210,V,0.0,0.143,0.143,658,7671,True
NP045A,NS5B,210,A,99.696,99.7,0.004,658,7671,True
NP045A,NS5B,211,R,0.155,6.09,5.935,644,7701,True
NP045A,NS5B,211,E,0.621,0.221,0.4,644,7701,True
NP045A,NS5B,211,G,0.0,0.026,0.026,644,7701,True
NP045A,NS5B,211,Q,0.0,0.026,0.026,644,7701,True
NP045A,NS5B,211,*,0.155,0.039,0.116,644,7701,True
NP045A,NS5B,211,S,0.0,0.013,0.013,644,7701,True
NP045A,NS5B,211,T,0.0,0.013,0.013,644,7701,True
NP045A,NS5B,211,N,0.0,0.052,0.052,644,7701,True
NP045A,NS5B,211,K,99.068,93.507,5.561,644,7701,True
NP045A,NS5B,211,M,0.0,0.013,0.013,644,7701,True
NP045B,NS5B,162,N,0.038,0.0,0.038,2654,196,True
NP045B,NS5B,162,H,0.038,0.0,0.038,2654,196,True
NP045B,NS5B,162,C,0.038,0.0,0.038,2654,196,True
NP045B,NS5B,162,F,0.038,0.0,0.038,2654,196,True
NP045B,NS5B,162,Y,99.849,100.0,0.151,2654,196,True
NP045B,NS5B,163,L,0.041,0.0,0.041,2452,321,True
NP045B,NS5B,163,S,0.122,0.0,0.122,2452,321,True
NP045B,NS5B,163,P,99.837,100.0,0.163,2452,321,True
NP045B,NS5B,164,G,0.464,0.212,0.252,2371,472,True
NP045B,NS5B,164,N,0.084,0.424,0.339,2371,472,True
NP045B,NS5B,164,D,99.199,92.161,7.038,2371,472,True
NP045B,NS5B,164,V,0.042,0.0,0.042,2371,472,True
NP045B,NS5B,164,A,0.084,0.0,0.084,2371,472,True
NP045B,NS5B,164,Y,0.127,7.203,7.077,2371,472,True
NP045B,NS5B,165,L,99.564,100.0,0.436,2524,575,True
NP045B,NS5B,165,Q,0.119,0.0,0.119,2524,575,True
NP045B,NS5B,165,P,0.317,0.0,0.317,2524,575,True
NP045B,NS5B,166,R,0.159,0.848,0.69,2518,825,True
NP045B,NS5B,166,E,0.079,0.364,0.284,2518,825,True
NP045B,NS5B,166,G,99.603,98.788,0.815,2518,825,True
NP045B,NS5B,166,W,0.04,0.0,0.04,2518,825,True
NP045B,NS5B,166,V,0.079,0.0,0.079,2518,825,True
NP045B,NS5B,166,A,0.04,0.0,0.04,2518,825,True
NP045B,NS5B,167,E,0.077,0.078,0.001,2583,1276,True
NP045B,NS5B,167,G,0.077,0.0,0.077,2583,1276,True
NP045B,NS5B,167,L,0.0,0.157,0.157,2583,1276,True
NP045B,NS5B,167,I,0.0,0.549,0.549,2583,1276,True
NP045B,NS5B,167,V,99.768,98.981,0.787,2583,1276,True
NP045B,NS5B,167,A,0.077,0.235,0.158,2583,1276,True
NP045B,NS5B,168,R,99.655,99.613,0.041,2607,1293,True
NP045B,NS5B,168,T,0.0,0.155,0.155,2607,1293,True
NP045B,NS5B,168,G,0.345,0.077,0.268,2607,1293,True
NP045B,NS5B,168,W,0.0,0.077,0.077,2607,1293,True
NP045B,NS5B,168,K,0.0,0.077,0.077,2607,1293,True
NP045B,NS5B,169,E,0.041,0.243,0.202,2418,1646,True
NP045B,NS5B,169,G,0.0,0.182,0.182,2418,1646,True
NP045B,NS5B,169,L,0.083,0.182,0.1,2418,1646,True
NP045B,NS5B,169,V,99.835,99.392,0.442,2418,1646,True
NP045B,NS5B,169,M,0.041,0.0,0.041,2418,1646,True
NP045B,NS5B,170,R,0.615,0.537,0.078,2441,1863,True
NP045B,NS5B,170,G,0.123,0.161,0.038,2441,1863,True
NP045B,NS5B,170,C,99.017,99.141,0.124,2441,1863,True
NP045B,NS5B,170,S,0.164,0.0,0.164,2441,1863,True
NP045B,NS5B,170,Y,0.082,0.161,0.079,2441,1863,True
NP045B,NS5B,171,E,99.224,99.377,0.152,2320,1925,True
NP045B,NS5B,171,G,0.603,0.416,0.188,2320,1925,True
NP045B,NS5B,171,D,0.043,0.052,0.009,2320,1925,True
NP045B,NS5B,171,V,0.086,0.052,0.034,2320,1925,True
NP045B,NS5B,171,K,0.043,0.104,0.061,2320,1925,True
NP045B,NS5B,172,R,0.47,0.0,0.47,2342,2014,True
NP045B,NS5B,172,E,0.598,0.0,0.598,2342,2014,True
NP045B,NS5B,172,*,0.085,0.099,0.014,2342,2014,True
NP045B,NS5B,172,K,98.847,99.901,1.054,2342,2014,True
NP045B,NS5B,173,R,99.791,99.607,0.184,2394,2292,True
NP045B,NS5B,173,G,0.084,0.087,0.004,2394,2292,True
NP045B,NS5B,173,Q,0.084,0.131,0.047,2394,2292,True
NP045B,NS5B,173,W,0.0,0.131,0.131,2394,2292,True
NP045B,NS5B,173,L,0.042,0.044,0.002,2394,2292,True
NP045B,NS5B,174,G,0.0,0.041,0.041,2264,2410,True
NP045B,NS5B,174,P,0.044,0.041,0.003,2264,2410,True
NP045B,NS5B,174,A,99.867,99.502,0.365,2264,2410,True
NP045B,NS5B,174,S,0.0,0.083,0.083,2264,2410,True
NP045B,NS5B,174,T,0.0,0.166,0.166,2264,2410,True
NP045B,NS5B,174,V,0.088,0.166,0.078,2264,2410,True
NP045B,NS5B,175,P,0.838,0.957,0.119,2386,2820,True
NP045B,NS5B,175,F,0.084,0.0,0.084,2386,2820,True
NP045B,NS5B,175,I,0.084,0.035,0.048,2386,2820,True
NP045B,NS5B,175,V,0.0,0.071,0.071,2386,2820,True
NP045B,NS5B,175,L,98.994,98.936,0.058,2386,2820,True
NP045B,NS5B,176,*,0.0,0.066,0.066,2344,3031,True
NP045B,NS5B,176,C,0.043,0.198,0.155,2344,3031,True
NP045B,NS5B,176,F,0.085,0.033,0.052,2344,3031,True
NP045B,NS5B,176,T,0.043,0.0,0.043,2344,3031,True
NP045B,NS5B,176,N,0.128,0.0,0.128,2344,3031,True
NP045B,NS5B,176,H,0.299,0.396,0.097,2344,3031,True
NP045B,NS5B,176,D,0.0,0.066,0.066,2344,3031,True
NP045B,NS5B,176,Y,99.403,99.241,0.162,2344,3031,True
NP045B,NS5B,177,E,0.129,0.0,0.129,2323,2946,True
NP045B,NS5B,177,G,0.215,0.611,0.396,2323,2946,True
NP045B,NS5B,177,N,0.043,0.781,0.738,2323,2946,True
NP045B,NS5B,177,D,99.57,98.167,1.403,2323,2946,True
NP045B,NS5B,177,V,0.0,0.136,0.136,2323,2946,True
NP045B,NS5B,177,H,0.0,0.204,0.204,2323,2946,True
NP045B,NS5B,177,A,0.043,0.034,0.009,2323,2946,True
NP045B,NS5B,177,Y,0.0,0.068,0.068,2323,2946,True
NP045B,NS5B,178,G,0.154,0.074,0.08,1945,4056,True
NP045B,NS5B,178,I,0.154,0.321,0.166,1945,4056,True
NP045B,NS5B,178,D,0.0,0.099,0.099,1945,4056,True
NP045B,NS5B,178,V,98.56,98.866,0.305,1945,4056,True
NP045B,NS5B,178,A,1.131,0.641,0.49,1945,4056,True
NP045B,NS5B,179,R,0.047,0.0,0.047,2121,4521,True
NP045B,NS5B,179,P,0.283,0.0,0.283,2121,4521,True
NP045B,NS5B,179,S,0.0,0.022,0.022,2121,4521,True
NP045B,NS5B,179,T,99.104,99.69,0.586,2121,4521,True
NP045B,NS5B,179,A,0.424,0.221,0.203,2121,4521,True
NP045B,NS5B,179,M,0.141,0.066,0.075,2121,4521,True
NP045B,NS5B,180,R,99.718,99.318,0.4,2126,4690,True
NP045B,NS5B,180,G,0.0,0.107,0.107,2126,4690,True
NP045B,NS5B,180,P,0.0,0.128,0.128,2126,4690,True
NP045B,NS5B,180,C,0.141,0.085,0.056,2126,4690,True
NP045B,NS5B,180,H,0.141,0.277,0.136,2126,4690,True
NP045B,NS5B,180,L,0.0,0.085,0.085,2126,4690,True
NP045B,NS5B,181,R,0.049,0.607,0.558,2040,4611,True
NP045B,NS5B,181,E,0.294,0.39,0.096,2040,4611,True
NP045B,NS5B,181,N,0.196,0.065,0.131,2040,4611,True
NP045B,NS5B,181,K,99.412,98.872,0.54,2040,4611,True
NP045B,NS5B,181,M,0.049,0.065,0.016,2040,4611,True
NP045B,NS5B,182,R,0.049,0.082,0.033,2051,4879,True
NP045B,NS5B,182,Q,0.0,0.061,0.061,2051,4879,True
NP045B,NS5B,182,P,0.244,0.492,0.248,2051,4879,True
NP045B,NS5B,182,L,99.707,99.365,0.343,2051,4879,True
NP045B,NS5B,183,R,0.052,0.04,0.012,1938,5042,True
NP045B,NS5B,183,P,99.794,99.782,0.012,1938,5042,True
NP045B,NS5B,183,A,0.103,0.079,0.024,1938,5042,True
NP045B,NS5B,183,S,0.0,0.04,0.04,1938,5042,True
NP045B,NS5B,183,T,0.0,0.02,0.02,1938,5042,True
NP045B,NS5B,183,H,0.0,0.02,0.02,1938,5042,True
NP045B,NS5B,183,L,0.052,0.02,0.032,1938,5042,True
NP045B,NS5B,184,Q,0.0,0.077,0.077,2001,5177,True
NP045B,NS5B,184,P,0.0,0.522,0.522,2001,5177,True
NP045B,NS5B,184,V,0.1,0.0,0.1,2001,5177,True
NP045B,NS5B,184,L,99.9,99.324,0.576,2001,5177,True
NP045B,NS5B,184,M,0.0,0.077,0.077,2001,5177,True
NP045B,NS5B,185,E,0.051,0.0,0.051,1967,5382,True
NP045B,NS5B,185,G,0.0,0.019,0.019,1967,5382,True
NP045B,NS5B,185,P,0.051,0.0,0.051,1967,5382,True
NP045B,NS5B,185,A,99.746,99.74,0.006,1967,5382,True
NP045B,NS5B,185,T,0.0,0.093,0.093,1967,5382,True
NP045B,NS5B,185,V,0.153,0.149,0.004,1967,5382,True
NP045B,NS5B,186,E,0.11,0.057,0.053,1821,5233,True
NP045B,NS5B,186,G,0.22,0.019,0.201,1821,5233,True
NP045B,NS5B,186,A,0.0,0.478,0.478,1821,5233,True
NP045B,NS5B,186,I,0.055,0.172,0.117,1821,5233,True
NP045B,NS5B,186,V,99.616,99.274,0.342,1821,5233,True
NP045B,NS5B,187,T,0.258,0.393,0.135,1936,5594,True
NP045B,NS5B,187,I,0.103,0.232,0.129,1936,5594,True
NP045B,NS5B,187,V,0.207,0.197,0.01,1936,5594,True
NP045B,NS5B,187,K,0.052,0.036,0.016,1936,5594,True
NP045B,NS5B,187,M,99.38,99.142,0.238,1936,5594,True
NP045B,NS5B,188,R,0.0,0.253,0.253,1837,5535,True
NP045B,NS5B,188,E,0.0,0.072,0.072,1837,5535,True
NP045B,NS5B,188,G,100.0,99.566,0.434,1837,5535,True
NP045B,NS5B,188,*,0.0,0.036,0.036,1837,5535,True
NP045B,NS5B,188,A,0.0,0.072,0.072,1837,5535,True
NP045B,NS5B,189,R,0.055,0.0,0.055,1829,5767,True
NP045B,NS5B,189,Q,0.055,0.0,0.055,1829,5767,True
NP045B,NS5B,189,P,99.727,99.827,0.1,1829,5767,True
NP045B,NS5B,189,S,0.109,0.052,0.057,1829,5767,True
NP045B,NS5B,189,L,0.055,0.121,0.067,1829,5767,True
NP045B,NS5B,190,T,0.053,0.103,0.05,1886,6778,True
NP045B,NS5B,190,A,99.894,99.838,0.056,1886,6778,True
NP045B,NS5B,190,S,0.0,0.059,0.059,1886,6778,True
NP045B,NS5B,190,V,0.053,0.0,0.053,1886,6778,True
NP045B,NS5B,191,*,0.0,0.03,0.03,1789,6725,True
NP045B,NS5B,191,C,0.168,0.089,0.078,1789,6725,True
NP045B,NS5B,191,F,0.0,0.059,0.059,1789,6725,True
NP045B,NS5B,191,S,0.0,0.015,0.015,1789,6725,True
NP045B,NS5B,191,N,0.056,0.059,0.004,1789,6725,True
NP045B,NS5B,191,H,0.112,0.297,0.186,1789,6725,True
NP045B,NS5B,191,Y,99.665,99.45,0.215,1789,6725,True
NP045B,NS5B,192,R,0.0,0.041,0.041,1771,7277,True
NP045B,NS5B,192,G,99.661,99.739,0.078,1771,7277,True
NP045B,NS5B,192,S,0.226,0.124,0.102,1771,7277,True
NP045B,NS5B,192,N,0.0,0.014,0.014,1771,7277,True
NP045B,NS5B,192,D,0.0,0.055,0.055,1771,7277,True
NP045B,NS5B,192,V,0.0,0.014,0.014,1771,7277,True
NP045B,NS5B,192,A,0.113,0.014,0.099,1771,7277,True
NP045B,NS5B,193,F,99.271,98.567,0.704,1509,7259,True
NP045B,NS5B,193,S,0.53,0.606,0.076,1509,7259,True
NP045B,NS5B,193,I,0.0,0.096,0.096,1509,7259,True
NP045B,NS5B,193,L,0.066,0.716,0.65,1509,7259,True
NP045B,NS5B,193,Y,0.133,0.014,0.119,1509,7259,True
NP045B,NS5B,194,R,0.252,0.343,0.091,1586,7582,True
NP045B,NS5B,194,E,0.0,0.013,0.013,1586,7582,True
NP045B,NS5B,194,Q,99.369,99.459,0.09,1586,7582,True
NP045B,NS5B,194,P,0.0,0.026,0.026,1586,7582,True
NP045B,NS5B,194,*,0.0,0.053,0.053,1586,7582,True
NP045B,NS5B,194,L,0.126,0.079,0.047,1586,7582,True
NP045B,NS5B,194,H,0.126,0.026,0.1,1586,7582,True
NP045B,NS5B,194,K,0.126,0.0,0.126,1586,7582,True
NP045B,NS5B,195,*,0.065,0.0,0.065,1534,7779,True
NP045B,NS5B,195,C,0.065,0.18,0.115,1534,7779,True
NP045B,NS5B,195,F,0.0,0.051,0.051,1534,7779,True
NP045B,NS5B,195,S,0.13,0.0,0.13,1534,7779,True
NP045B,NS5B,195,N,0.0,0.026,0.026,1534,7779,True
NP045B,NS5B,195,H,0.13,0.193,0.062,1534,7779,True
NP045B,NS5B,195,Y,99.609,99.55,0.059,1534,7779,True
NP045B,NS5B,196,P,0.354,0.33,0.024,1414,7577,True
NP045B,NS5B,196,*,0.0,0.066,0.066,1414,7577,True
NP045B,NS5B,196,A,0.0,0.026,0.026,1414,7577,True
NP045B,NS5B,196,S,99.505,99.367,0.138,1414,7577,True
NP045B,NS5B,196,T,0.071,0.026,0.044,1414,7577,True
NP045B,NS5B,196,L,0.071,0.185,0.114,1414,7577,True
NP045B,NS5B,197,R,0.07,0.0,0.07,1434,9094,True
NP045B,NS5B,197,P,99.791,99.868,0.077,1434,9094,True
NP045B,NS5B,197,F,0.0,0.022,0.022,1434,9094,True
NP045B,NS5B,197,S,0.139,0.022,0.117,1434,9094,True
NP045B,NS5B,197,L,0.0,0.055,0.055,1434,9094,True
NP045B,NS5B,197,H,0.0,0.022,0.022,1434,9094,True
NP045B,NS5B,197,A,0.0,0.011,0.011,1434,9094,True
NP045B,NS5B,198,R,0.073,0.611,0.538,1374,8678,True
NP045B,NS5B,198,E,0.291,0.254,0.038,1374,8678,True
NP045B,NS5B,198,N,0.0,0.035,0.035,1374,8678,True
NP045B,NS5B,198,K,99.563,98.986,0.577,1374,8678,True
NP045B,NS5B,198,M,0.073,0.115,0.042,1374,8678,True
NP045B,NS5B,199,R,0.084,0.328,0.244,1196,8852,True
NP045B,NS5B,199,Q,99.415,99.571,0.156,1196,8852,True
NP045B,NS5B,199,P,0.084,0.011,0.072,1196,8852,True
NP045B,NS5B,199,*,0.167,0.068,0.099,1196,8852,True
NP045B,NS5B,199,H,0.251,0.023,0.228,1196,8852,True
NP045B,NS5B,200,R,99.555,99.718,0.163,1124,8872,True
NP045B,NS5B,200,P,0.0,0.045,0.045,1124,8872,True
NP045B,NS5B,200,C,0.089,0.045,0.044,1124,8872,True
NP045B,NS5B,200,S,0.0,0.023,0.023,1124,8872,True
NP045B,NS5B,200,H,0.356,0.158,0.198,1124,8872,True
NP045B,NS5B,200,L,0.0,0.011,0.011,1124,8872,True
NP045B,NS5B,201,E,0.0,0.047,0.047,1058,8580,True
NP045B,NS5B,201,G,0.189,0.0,0.189,1058,8580,True
NP045B,NS5B,201,L,0.0,0.023,0.023,1058,8580,True
NP045B,NS5B,201,V,99.244,99.545,0.302,1058,8580,True
NP045B,NS5B,201,A,0.473,0.268,0.205,1058,8580,True
NP045B,NS5B,201,M,0.095,0.117,0.022,1058,8580,True
NP045B,NS5B,202,E,98.745,99.466,0.721,956,8235,True
NP045B,NS5B,202,G,0.418,0.219,0.2,956,8235,True
NP045B,NS5B,202,Q,0.0,0.036,0.036,956,8235,True
NP045B,NS5B,202,*,0.0,0.024,0.024,956,8235,True
NP045B,NS5B,202,A,0.105,0.012,0.092,956,8235,True
NP045B,NS5B,202,K,0.628,0.024,0.603,956,8235,True
NP045B,NS5B,202,V,0.0,0.158,0.158,956,8235,True
NP045B,NS5B,202,D,0.105,0.061,0.044,956,8235,True
NP045B,NS5B,203,R,99.577,99.708,0.131,945,8567,True
NP045B,NS5B,203,P,0.0,0.035,0.035,945,8567,True
NP045B,NS5B,203,C,0.0,0.128,0.128,945,8567,True
NP045B,NS5B,203,S,0.106,0.0,0.106,945,8567,True
NP045B,NS5B,203,H,0.0,0.082,0.082,945,8567,True
NP045B,NS5B,203,L,0.317,0.047,0.271,945,8567,True
NP045B,NS5B,204,R,0.112,0.025,0.088,890,8046,True
NP045B,NS5B,204,P,0.337,0.385,0.048,890,8046,True
NP045B,NS5B,204,F,0.337,0.075,0.263,890,8046,True
NP045B,NS5B,204,I,0.0,0.137,0.137,890,8046,True
NP045B,NS5B,204,V,0.0,0.062,0.062,890,8046,True
NP045B,NS5B,204,H,0.225,0.037,0.187,890,8046,True
NP045B,NS5B,204,L,98.989,99.279,0.29,890,8046,True
NP045B,NS5B,205,R,0.0,0.032,0.032,945,9508,True
NP045B,NS5B,205,P,0.212,1.325,1.114,945,9508,True
NP045B,NS5B,205,F,0.212,0.084,0.128,945,9508,True
NP045B,NS5B,205,I,0.0,0.032,0.032,945,9508,True
NP045B,NS5B,205,H,0.106,0.021,0.085,945,9508,True
NP045B,NS5B,205,L,99.471,98.507,0.964,945,9508,True
NP045B,NS5B,206,R,0.209,0.339,0.13,956,10031,True
NP045B,NS5B,206,Q,99.372,99.372,0.0,956,10031,True
NP045B,NS5B,206,*,0.105,0.14,0.035,956,10031,True
NP045B,NS5B,206,K,0.0,0.02,0.02,956,10031,True
NP045B,NS5B,206,H,0.209,0.08,0.129,956,10031,True
NP045B,NS5B,206,L,0.105,0.05,0.055,956,10031,True
NP045B,NS5B,207,L,0.0,0.02,0.02,911,10085,True
NP045B,NS5B,207,T,0.22,0.218,0.001,911,10085,True
NP045B,NS5B,207,I,0.11,0.129,0.019,911,10085,True
NP045B,NS5B,207,K,0.0,0.05,0.05,911,10085,True
NP045B,NS5B,207,V,0.439,0.446,0.007,911,10085,True
NP045B,NS5B,207,M,99.232,99.137,0.094,911,10085,True
NP045B,NS5B,208,R,0.264,0.332,0.068,759,9343,True
NP045B,NS5B,208,G,0.264,0.139,0.124,759,9343,True
NP045B,NS5B,208,*,0.132,0.514,0.382,759,9343,True
NP045B,NS5B,208,C,0.0,0.107,0.107,759,9343,True
NP045B,NS5B,208,L,0.0,0.021,0.021,759,9343,True
NP045B,NS5B,208,W,99.341,98.876,0.465,759,9343,True
NP045B,NS5B,208,A,0.0,0.011,0.011,759,9343,True
NP045B,NS5B,209,R,99.864,99.529,0.334,733,9989,True
NP045B,NS5B,209,G,0.0,0.02,0.02,733,9989,True
NP045B,NS5B,209,P,0.0,0.04,0.04,733,9989,True
NP045B,NS5B,209,C,0.0,0.16,0.16,733,9989,True
NP045B,NS5B,209,S,0.0,0.03,0.03,733,9989,True
NP045B,NS5B,209,H,0.136,0.21,0.074,733,9989,True
NP045B,NS5B,209,L,0.0,0.01,0.01,733,9989,True
NP045B,NS5B,210,E,0.0,0.021,0.021,681,9755,True
NP045B,NS5B,210,G,0.0,0.01,0.01,681,9755,True
NP045B,NS5B,210,P,0.147,0.041,0.106,681,9755,True
NP045B,NS5B,210,S,0.0,0.021,0.021,681,9755,True
NP045B,NS5B,210,T,0.147,0.174,0.027,681,9755,True
NP045B,NS5B,210,V,0.0,0.082,0.082,681,9755,True
NP045B,NS5B,210,A,99.706,99.651,0.055,681,9755,True
NP045B,NS5B,211,R,0.151,0.48,0.329,662,9782,True
NP045B,NS5B,211,E,0.151,0.327,0.176,662,9782,True
NP045B,NS5B,211,Q,0.0,0.041,0.041,662,9782,True
NP045B,NS5B,211,*,0.0,0.092,0.092,662,9782,True
NP045B,NS5B,211,T,0.0,0.01,0.01,662,9782,True
NP045B,NS5B,211,N,0.0,0.061,0.061,662,9782,True
NP045B,NS5B,211,V,0.0,0.02,0.02,662,9782,True
NP045B,NS5B,211,K,99.547,98.937,0.61,662,9782,True
NP045B,NS5B,211,M,0.151,0.031,0.12,662,9782,True
PB026A,NS5B,162,C,0.283,0.0,0.283,3888,100,True
PB026A,NS5B,162,H,0.231,0.0,0.231,3888,100,True
PB026A,NS5B,162,Y,99.486,100.0,0.514,3888,100,True
PB026A,NS5B,163,T,0.027,0.0,0.027,3689,117,True
PB026A,NS5B,163,R,0.027,0.0,0.027,3689,117,True
PB026A,NS5B,163,P,99.729,100.0,0.271,3689,117,True
PB026A,NS5B,163,A,0.027,0.0,0.027,3689,117,True
PB026A,NS5B,163,H,0.081,0.0,0.081,3689,117,True
PB026A,NS5B,163,S,0.054,0.0,0.054,3689,117,True
PB026A,NS5B,163,L,0.054,0.0,0.054,3689,117,True
PB026A,NS5B,164,N,0.108,0.84,0.733,3720,119,True
PB026A,NS5B,164,G,0.242,0.0,0.242,3720,119,True
PB026A,NS5B,164,D,99.57,99.16,0.41,3720,119,True
PB026A,NS5B,164,V,0.081,0.0,0.081,3720,119,True
PB026A,NS5B,165,L,99.923,100.0,0.077,3918,142,True
PB026A,NS5B,165,P,0.077,0.0,0.077,3918,142,True
PB026A,NS5B,166,R,0.055,0.0,0.055,3637,145,True
PB026A,NS5B,166,E,0.027,0.0,0.027,3637,145,True
PB026A,NS5B,166,G,99.808,100.0,0.192,3637,145,True
PB026A,NS5B,166,*,0.11,0.0,0.11,3637,145,True
PB026A,NS5B,167,A,0.057,0.0,0.057,3536,149,True
PB026A,NS5B,167,E,0.057,0.0,0.057,3536,149,True
PB026A,NS5B,167,V,99.887,100.0,0.113,3536,149,True
PB026A,NS5B,168,R,99.804,100.0,0.196,3572,162,True
PB026A,NS5B,168,G,0.056,0.0,0.056,3572,162,True
PB026A,NS5B,168,Q,0.056,0.0,0.056,3572,162,True
PB026A,NS5B,168,P,0.028,0.0,0.028,3572,162,True
PB026A,NS5B,168,W,0.028,0.0,0.028,3572,162,True
PB026A,NS5B,168,L,0.028,0.0,0.028,3572,162,True
PB026A,NS5B,169,G,0.0,0.221,0.221,4140,453,True
PB026A,NS5B,169,V,99.734,99.779,0.045,4140,453,True
PB026A,NS5B,169,A,0.121,0.0,0.121,4140,453,True
PB026A,NS5B,169,L,0.048,0.0,0.048,4140,453,True
PB026A,NS5B,169,M,0.097,0.0,0.097,4140,453,True
PB026A,NS5B,170,R,0.193,0.361,0.168,4152,554,True
PB026A,NS5B,170,*,0.072,0.0,0.072,4152,554,True
PB026A,NS5B,170,C,99.518,99.278,0.24,4152,554,True
PB026A,NS5B,170,F,0.048,0.0,0.048,4152,554,True
PB026A,NS5B,170,S,0.048,0.0,0.048,4152,554,True
PB026A,NS5B,170,W,0.072,0.0,0.072,4152,554,True
PB026A,NS5B,170,Y,0.048,0.361,0.313,4152,554,True
PB026A,NS5B,171,E,99.609,99.824,0.215,4094,568,True
PB026A,NS5B,171,K,0.024,0.176,0.152,4094,568,True
PB026A,NS5B,171,G,0.293,0.0,0.293,4094,568,True
PB026A,NS5B,171,D,0.024,0.0,0.024,4094,568,True
PB026A,NS5B,171,V,0.049,0.0,0.049,4094,568,True
PB026A,NS5B,172,R,0.423,0.0,0.423,4022,597,True
PB026A,NS5B,172,E,0.597,0.0,0.597,4022,597,True
PB026A,NS5B,172,Q,0.025,0.0,0.025,4022,597,True
PB026A,NS5B,172,*,0.05,0.0,0.05,4022,597,True
PB026A,NS5B,172,K,98.906,100.0,1.094,4022,597,True
PB026A,NS5B,173,R,99.326,99.366,0.041,4003,789,True
PB026A,NS5B,173,G,0.05,0.0,0.05,4003,789,True
PB026A,NS5B,173,Q,0.225,0.127,0.098,4003,789,True
PB026A,NS5B,173,P,0.1,0.38,0.28,4003,789,True
PB026A,NS5B,173,W,0.3,0.0,0.3,4003,789,True
PB026A,NS5B,173,L,0.0,0.127,0.127,4003,789,True
PB026A,NS5B,174,T,0.049,0.333,0.284,4088,902,True
PB026A,NS5B,174,P,0.049,0.0,0.049,4088,902,True
PB026A,NS5B,174,A,99.609,99.667,0.059,4088,902,True
PB026A,NS5B,174,V,0.294,0.0,0.294,4088,902,True
PB026A,NS5B,175,I,0.048,0.0,0.048,4188,1249,True
PB026A,NS5B,175,P,0.43,6.725,6.296,4188,1249,True
PB026A,NS5B,175,V,0.072,0.0,0.072,4188,1249,True
PB026A,NS5B,175,H,0.024,0.08,0.056,4188,1249,True
PB026A,NS5B,175,L,99.427,93.195,6.232,4188,1249,True
PB026A,NS5B,176,C,0.14,0.375,0.235,4284,1333,True
PB026A,NS5B,176,F,0.047,0.0,0.047,4284,1333,True
PB026A,NS5B,176,S,0.047,0.0,0.047,4284,1333,True
PB026A,NS5B,176,H,0.093,0.675,0.582,4284,1333,True
PB026A,NS5B,176,D,0.023,0.0,0.023,4284,1333,True
PB026A,NS5B,176,Y,99.65,98.95,0.7,4284,1333,True
PB026A,NS5B,177,E,0.073,0.0,0.073,4129,1294,True
PB026A,NS5B,177,G,0.751,0.232,0.519,4129,1294,True
PB026A,NS5B,177,A,0.024,0.0,0.024,4129,1294,True
PB026A,NS5B,177,S,0.024,0.0,0.024,4129,1294,True
PB026A,NS5B,177,N,0.799,0.618,0.181,4129,1294,True
PB026A,NS5B,177,V,0.073,0.077,0.005,4129,1294,True
PB026A,NS5B,177,D,98.208,98.995,0.788,4129,1294,True
PB026A,NS5B,177,Y,0.048,0.077,0.029,4129,1294,True
PB026A,NS5B,178,G,0.11,0.0,0.11,3639,1380,True
PB026A,NS5B,178,A,0.55,0.217,0.332,3639,1380,True
PB026A,NS5B,178,T,0.027,0.0,0.027,3639,1380,True
PB026A,NS5B,178,I,0.907,0.217,0.689,3639,1380,True
PB026A,NS5B,178,V,98.186,99.565,1.379,3639,1380,True
PB026A,NS5B,178,D,0.22,0.0,0.22,3639,1380,True
PB026A,NS5B,179,R,0.048,0.0,0.048,4158,1448,True
PB026A,NS5B,179,P,0.072,0.0,0.072,4158,1448,True
PB026A,NS5B,179,A,0.313,0.414,0.102,4158,1448,True
PB026A,NS5B,179,T,99.423,99.517,0.094,4158,1448,True
PB026A,NS5B,179,K,0.048,0.0,0.048,4158,1448,True
PB026A,NS5B,179,M,0.096,0.069,0.027,4158,1448,True
PB026A,NS5B,180,R,99.557,99.609,0.052,4064,1535,True
PB026A,NS5B,180,G,0.0,0.065,0.065,4064,1535,True
PB026A,NS5B,180,C,0.098,0.13,0.032,4064,1535,True
PB026A,NS5B,180,S,0.025,0.0,0.025,4064,1535,True
PB026A,NS5B,180,H,0.32,0.195,0.124,4064,1535,True
PB026A,NS5B,181,R,0.758,0.325,0.434,3956,1540,True
PB026A,NS5B,181,E,0.278,0.195,0.083,3956,1540,True
PB026A,NS5B,181,*,0.076,0.0,0.076,3956,1540,True
PB026A,NS5B,181,K,98.888,99.351,0.463,3956,1540,True
PB026A,NS5B,181,M,0.0,0.13,0.13,3956,1540,True
PB026A,NS5B,182,Q,0.025,0.0,0.025,3957,1680,True
PB026A,NS5B,182,P,0.202,0.119,0.083,3957,1680,True
PB026A,NS5B,182,L,99.773,99.881,0.108,3957,1680,True
PB026A,NS5B,183,P,99.768,99.652,0.116,3878,1726,True
PB026A,NS5B,183,S,0.103,0.116,0.013,3878,1726,True
PB026A,NS5B,183,L,0.077,0.116,0.039,3878,1726,True
PB026A,NS5B,183,T,0.0,0.116,0.116,3878,1726,True
PB026A,NS5B,183,H,0.026,0.0,0.026,3878,1726,True
PB026A,NS5B,183,A,0.026,0.0,0.026,3878,1726,True
PB026A,NS5B,184,E,0.051,0.0,0.051,3892,1805,True
PB026A,NS5B,184,Q,0.026,0.166,0.141,3892,1805,True
PB026A,NS5B,184,P,0.154,0.222,0.067,3892,1805,True
PB026A,NS5B,184,S,0.051,0.0,0.051,3892,1805,True
PB026A,NS5B,184,L,98.947,99.557,0.61,3892,1805,True
PB026A,NS5B,184,V,0.771,0.0,0.771,3892,1805,True
PB026A,NS5B,184,M,0.0,0.055,0.055,3892,1805,True
PB026A,NS5B,185,E,0.051,0.0,0.051,3890,2014,True
PB026A,NS5B,185,G,0.051,0.0,0.051,3890,2014,True
PB026A,NS5B,185,A,0.36,0.645,0.286,3890,2014,True
PB026A,NS5B,185,V,99.46,99.255,0.205,3890,2014,True
PB026A,NS5B,185,M,0.077,0.099,0.022,3890,2014,True
PB026A,NS5B,186,E,0.052,0.0,0.052,3867,2085,True
PB026A,NS5B,186,I,0.026,0.096,0.07,3867,2085,True
PB026A,NS5B,186,V,99.845,99.856,0.011,3867,2085,True
PB026A,NS5B,186,A,0.078,0.048,0.03,3867,2085,True
PB026A,NS5B,187,R,0.027,0.0,0.027,3770,2184,True
PB026A,NS5B,187,T,0.292,0.183,0.109,3770,2184,True
PB026A,NS5B,187,I,0.106,0.229,0.123,3770,2184,True
PB026A,NS5B,187,K,0.0,0.046,0.046,3770,2184,True
PB026A,NS5B,187,V,0.106,0.275,0.169,3770,2184,True
PB026A,NS5B,187,M,99.469,99.267,0.202,3770,2184,True
PB026A,NS5B,188,R,0.056,0.321,0.265,3587,2179,True
PB026A,NS5B,188,E,0.0,0.138,0.138,3587,2179,True
PB026A,NS5B,188,G,99.944,99.541,0.403,3587,2179,True
PB026A,NS5B,189,Q,0.028,0.0,0.028,3515,2299,True
PB026A,NS5B,189,P,98.862,99.739,0.877,3515,2299,True
PB026A,NS5B,189,S,1.081,0.13,0.951,3515,2299,True
PB026A,NS5B,189,A,0.028,0.0,0.028,3515,2299,True
PB026A,NS5B,189,L,0.0,0.13,0.13,3515,2299,True
PB026A,NS5B,190,P,0.0,0.042,0.042,3490,2372,True
PB026A,NS5B,190,A,99.828,99.663,0.165,3490,2372,True
PB026A,NS5B,190,S,0.0,0.042,0.042,3490,2372,True
PB026A,NS5B,190,T,0.143,0.084,0.059,3490,2372,True
PB026A,NS5B,190,D,0.0,0.042,0.042,3490,2372,True
PB026A,NS5B,190,V,0.029,0.126,0.098,3490,2372,True
PB026A,NS5B,191,*,0.12,0.083,0.037,3339,2420,True
PB026A,NS5B,191,C,0.03,0.165,0.135,3339,2420,True
PB026A,NS5B,191,F,0.03,0.041,0.011,3339,2420,True
PB026A,NS5B,191,H,0.03,0.124,0.094,3339,2420,True
PB026A,NS5B,191,Y,99.79,99.587,0.204,3339,2420,True
PB026A,NS5B,192,G,99.609,99.838,0.229,3327,2466,True
PB026A,NS5B,192,D,0.12,0.081,0.039,3327,2466,True
PB026A,NS5B,192,S,0.18,0.0,0.18,3327,2466,True
PB026A,NS5B,192,A,0.09,0.081,0.009,3327,2466,True
PB026A,NS5B,193,C,0.0,0.033,0.033,3231,3059,True
PB026A,NS5B,193,F,99.783,99.019,0.764,3231,3059,True
PB026A,NS5B,193,S,0.155,0.098,0.057,3231,3059,True
PB026A,NS5B,193,I,0.0,0.131,0.131,3231,3059,True
PB026A,NS5B,193,L,0.062,0.686,0.625,3231,3059,True
PB026A,NS5B,193,Y,0.0,0.033,0.033,3231,3059,True
PB026A,NS5B,194,R,0.122,0.346,0.224,3273,3175,True
PB026A,NS5B,194,E,0.0,0.063,0.063,3273,3175,True
PB026A,NS5B,194,Q,99.817,99.433,0.384,3273,3175,True
PB026A,NS5B,194,*,0.061,0.094,0.033,3273,3175,True
PB026A,NS5B,194,H,0.0,0.063,0.063,3273,3175,True
PB026A,NS5B,195,C,0.435,0.215,0.22,3218,3257,True
PB026A,NS5B,195,F,0.0,0.061,0.061,3218,3257,True
PB026A,NS5B,195,N,0.031,0.031,0.0,3218,3257,True
PB026A,NS5B,195,H,0.062,0.246,0.183,3218,3257,True
PB026A,NS5B,195,Y,99.472,99.447,0.024,3218,3257,True
PB026A,NS5B,196,P,0.233,0.341,0.108,3010,3226,True
PB026A,NS5B,196,*,0.033,0.0,0.033,3010,3226,True
PB026A,NS5B,196,S,99.336,99.535,0.199,3010,3226,True
PB026A,NS5B,196,L,0.199,0.031,0.168,3010,3226,True
PB026A,NS5B,196,T,0.166,0.062,0.104,3010,3226,True
PB026A,NS5B,196,W,0.0,0.031,0.031,3010,3226,True
PB026A,NS5B,196,V,0.033,0.0,0.033,3010,3226,True
PB026A,NS5B,197,T,0.0,0.051,0.051,2987,3943,True
PB026A,NS5B,197,P,99.833,99.721,0.112,2987,3943,True
PB026A,NS5B,197,S,0.134,0.178,0.044,2987,3943,True
PB026A,NS5B,197,L,0.033,0.051,0.017,2987,3943,True
PB026A,NS5B,198,R,0.35,0.264,0.086,2855,3791,True
PB026A,NS5B,198,E,0.035,0.369,0.334,2855,3791,True
PB026A,NS5B,198,*,0.035,0.026,0.009,2855,3791,True
PB026A,NS5B,198,L,0.035,0.0,0.035,2855,3791,True
PB026A,NS5B,198,K,99.405,99.288,0.117,2855,3791,True
PB026A,NS5B,198,M,0.14,0.053,0.087,2855,3791,True
PB026A,NS5B,199,R,1.05,0.335,0.716,2380,3884,True
PB026A,NS5B,199,Q,98.782,99.434,0.652,2380,3884,True
PB026A,NS5B,199,P,0.0,0.051,0.051,2380,3884,True
PB026A,NS5B,199,*,0.0,0.129,0.129,2380,3884,True
PB026A,NS5B,199,H,0.168,0.0,0.168,2380,3884,True
PB026A,NS5B,199,K,0.0,0.051,0.051,2380,3884,True
PB026A,NS5B,200,R,99.372,99.566,0.193,3027,3913,True
PB026A,NS5B,200,P,0.066,0.102,0.036,3027,3913,True
PB026A,NS5B,200,C,0.198,0.153,0.045,3027,3913,True
PB026A,NS5B,200,S,0.066,0.0,0.066,3027,3913,True
PB026A,NS5B,200,H,0.297,0.153,0.144,3027,3913,True
PB026A,NS5B,200,L,0.0,0.026,0.026,3027,3913,True
PB026A,NS5B,201,E,0.205,0.052,0.153,2927,3813,True
PB026A,NS5B,201,G,0.0,0.026,0.026,2927,3813,True
PB026A,NS5B,201,L,0.0,0.079,0.079,2927,3813,True
PB026A,NS5B,201,V,99.419,99.554,0.135,2927,3813,True
PB026A,NS5B,201,A,0.239,0.131,0.108,2927,3813,True
PB026A,NS5B,201,M,0.137,0.157,0.021,2927,3813,True
PB026A,NS5B,202,E,99.557,98.932,0.625,2706,3745,True
PB026A,NS5B,202,G,0.296,0.374,0.078,2706,3745,True
PB026A,NS5B,202,Q,0.0,0.08,0.08,2706,3745,True
PB026A,NS5B,202,A,0.037,0.0,0.037,2706,3745,True
PB026A,NS5B,202,K,0.0,0.134,0.134,2706,3745,True
PB026A,NS5B,202,V,0.037,0.08,0.043,2706,3745,True
PB026A,NS5B,202,D,0.074,0.401,0.327,2706,3745,True
PB026A,NS5B,203,R,99.707,99.379,0.328,2728,3863,True
PB026A,NS5B,203,G,0.037,0.0,0.037,2728,3863,True
PB026A,NS5B,203,C,0.11,0.233,0.123,2728,3863,True
PB026A,NS5B,203,H,0.11,0.311,0.201,2728,3863,True
PB026A,NS5B,203,L,0.037,0.078,0.041,2728,3863,True
PB026A,NS5B,204,R,0.076,0.0,0.076,2620,3866,True
PB026A,NS5B,204,P,0.229,0.647,0.418,2620,3866,True
PB026A,NS5B,204,F,0.076,0.052,0.025,2620,3866,True
PB026A,NS5B,204,I,0.038,0.0,0.038,2620,3866,True
PB026A,NS5B,204,H,0.076,0.078,0.001,2620,3866,True
PB026A,NS5B,204,L,99.504,99.224,0.28,2620,3866,True
PB026A,NS5B,205,I,0.0,0.024,0.024,2677,4248,True
PB026A,NS5B,205,P,0.224,0.377,0.153,2677,4248,True
PB026A,NS5B,205,F,0.224,0.165,0.059,2677,4248,True
PB026A,NS5B,205,L,99.552,99.435,0.117,2677,4248,True
PB026A,NS5B,206,R,0.296,0.045,0.251,2704,4411,True
PB026A,NS5B,206,E,0.074,0.0,0.074,2704,4411,True
PB026A,NS5B,206,Q,99.334,99.841,0.507,2704,4411,True
PB026A,NS5B,206,P,0.037,0.0,0.037,2704,4411,True
PB026A,NS5B,206,*,0.037,0.0,0.037,2704,4411,True
PB026A,NS5B,206,K,0.0,0.023,0.023,2704,4411,True
PB026A,NS5B,206,H,0.074,0.023,0.051,2704,4411,True
PB026A,NS5B,206,L,0.148,0.068,0.08,2704,4411,True
PB026A,NS5B,207,R,0.077,0.0,0.077,2595,4430,True
PB026A,NS5B,207,L,0.0,0.045,0.045,2595,4430,True
PB026A,NS5B,207,T,0.0,0.564,0.564,2595,4430,True
PB026A,NS5B,207,I,0.193,0.068,0.125,2595,4430,True
PB026A,NS5B,207,K,0.0,0.045,0.045,2595,4430,True
PB026A,NS5B,207,V,0.308,0.226,0.083,2595,4430,True
PB026A,NS5B,207,M,99.422,99.052,0.37,2595,4430,True
PB026A,NS5B,208,R,0.043,0.262,0.22,2342,4193,True
PB026A,NS5B,208,G,0.0,0.072,0.072,2342,4193,True
PB026A,NS5B,208,W,99.957,99.571,0.387,2342,4193,True
PB026A,NS5B,208,*,0.0,0.095,0.095,2342,4193,True
PB026A,NS5B,209,R,99.437,99.705,0.268,2308,4405,True
PB026A,NS5B,209,G,0.087,0.0,0.087,2308,4405,True
PB026A,NS5B,209,C,0.39,0.114,0.276,2308,4405,True
PB026A,NS5B,209,S,0.043,0.0,0.043,2308,4405,True
PB026A,NS5B,209,H,0.0,0.136,0.136,2308,4405,True
PB026A,NS5B,209,L,0.043,0.045,0.002,2308,4405,True
PB026A,NS5B,210,T,0.181,0.254,0.074,2214,4326,True
PB026A,NS5B,210,P,0.0,0.116,0.116,2214,4326,True
PB026A,NS5B,210,A,99.729,99.584,0.145,2214,4326,True
PB026A,NS5B,210,V,0.09,0.046,0.044,2214,4326,True
PB026A,NS5B,211,R,0.602,0.297,0.305,2160,4380,True
PB026A,NS5B,211,E,0.417,0.411,0.006,2160,4380,True
PB026A,NS5B,211,Q,0.093,0.0,0.093,2160,4380,True
PB026A,NS5B,211,*,0.0,0.023,0.023,2160,4380,True
PB026A,NS5B,211,T,0.0,0.023,0.023,2160,4380,True
PB026A,NS5B,211,N,0.093,0.023,0.07,2160,4380,True
PB026A,NS5B,211,K,98.75,99.224,0.474,2160,4380,True
PB026A,NS5B,211,M,0.046,0.0,0.046,2160,4380,True
PB026B,NS5B,166,R,0.035,0.0,0.035,5753,106,True
PB026B,NS5B,166,E,0.087,0.0,0.087,5753,106,True
PB026B,NS5B,166,G,99.791,100.0,0.209,5753,106,True
PB026B,NS5B,166,*,0.035,0.0,0.035,5753,106,True
PB026B,NS5B,166,V,0.052,0.0,0.052,5753,106,True
PB026B,NS5B,167,A,0.071,0.0,0.071,5656,120,True
PB026B,NS5B,167,E,0.035,0.0,0.035,5656,120,True
PB026B,NS5B,167,V,99.894,100.0,0.106,5656,120,True
PB026B,NS5B,168,R,99.721,98.438,1.283,5726,128,True
PB026B,NS5B,168,G,0.035,0.0,0.035,5726,128,True
PB026B,NS5B,168,Q,0.087,0.0,0.087,5726,128,True
PB026B,NS5B,168,W,0.14,0.0,0.14,5726,128,True
PB026B,NS5B,168,L,0.017,1.562,1.545,5726,128,True
PB026B,NS5B,169,E,0.03,0.0,0.03,6578,297,True
PB026B,NS5B,169,A,0.334,0.0,0.334,6578,297,True
PB026B,NS5B,169,V,99.529,100.0,0.471,6578,297,True
PB026B,NS5B,169,L,0.03,0.0,0.03,6578,297,True
PB026B,NS5B,169,M,0.076,0.0,0.076,6578,297,True
PB026B,NS5B,170,R,0.273,0.0,0.273,6602,362,True
PB026B,NS5B,170,G,0.076,0.0,0.076,6602,362,True
PB026B,NS5B,170,C,99.576,100.0,0.424,6602,362,True
PB026B,NS5B,170,S,0.045,0.0,0.045,6602,362,True
PB026B,NS5B,170,Y,0.03,0.0,0.03,6602,362,True
PB026B,NS5B,171,E,99.185,100.0,0.815,6505,382,True
PB026B,NS5B,171,G,0.553,0.0,0.553,6505,382,True
PB026B,NS5B,171,Q,0.046,0.0,0.046,6505,382,True
PB026B,NS5B,171,*,0.031,0.0,0.031,6505,382,True
PB026B,NS5B,171,A,0.061,0.0,0.061,6505,382,True
PB026B,NS5B,171,V,0.123,0.0,0.123,6505,382,True
PB026B,NS5B,172,R,0.528,0.0,0.528,6445,398,True
PB026B,NS5B,172,E,0.512,0.0,0.512,6445,398,True
PB026B,NS5B,172,N,0.062,0.0,0.062,6445,398,True
PB026B,NS5B,172,K,98.852,100.0,1.148,6445,398,True
PB026B,NS5B,172,M,0.047,0.0,0.047,6445,398,True
PB026B,NS5B,173,R,99.591,100.0,0.409,6350,534,True
PB026B,NS5B,173,Q,0.142,0.0,0.142,6350,534,True
PB026B,NS5B,173,P,0.031,0.0,0.031,6350,534,True
PB026B,NS5B,173,W,0.11,0.0,0.11,6350,534,True
PB026B,NS5B,173,L,0.126,0.0,0.126,6350,534,True
PB026B,NS5B,174,T,0.016,0.0,0.016,6438,581,True
PB026B,NS5B,174,G,0.016,0.0,0.016,6438,581,True
PB026B,NS5B,174,A,99.953,99.484,0.47,6438,581,True
PB026B,NS5B,174,V,0.016,0.516,0.501,6438,581,True
PB026B,NS5B,175,R,0.015,0.0,0.015,6516,800,True
PB026B,NS5B,175,F,0.046,0.0,0.046,6516,800,True
PB026B,NS5B,175,P,0.522,0.75,0.228,6516,800,True
PB026B,NS5B,175,V,0.015,0.0,0.015,6516,800,True
PB026B,NS5B,175,H,0.046,0.0,0.046,6516,800,True
PB026B,NS5B,175,L,99.355,99.25,0.105,6516,800,True
PB026B,NS5B,176,C,0.151,0.237,0.086,6634,845,True
PB026B,NS5B,176,N,0.03,0.118,0.088,6634,845,True
PB026B,NS5B,176,H,0.196,0.473,0.277,6634,845,True
PB026B,NS5B,176,Y,99.623,99.172,0.452,6634,845,True
PB026B,NS5B,177,G,0.201,0.485,0.284,6471,825,True
PB026B,NS5B,177,T,0.015,0.0,0.015,6471,825,True
PB026B,NS5B,177,N,0.108,0.606,0.498,6471,825,True
PB026B,NS5B,177,D,99.614,98.667,0.947,6471,825,True
PB026B,NS5B,177,V,0.031,0.121,0.09,6471,825,True
PB026B,NS5B,177,H,0.0,0.121,0.121,6471,825,True
PB026B,NS5B,177,A,0.031,0.0,0.031,6471,825,True
PB026B,NS5B,178,G,0.085,0.0,0.085,5866,896,True
PB026B,NS5B,178,A,0.426,0.335,0.091,5866,896,True
PB026B,NS5B,178,S,0.017,0.0,0.017,5866,896,True
PB026B,NS5B,178,T,0.017,0.0,0.017,5866,896,True
PB026B,NS5B,178,I,3.819,0.446,3.372,5866,896,True
PB026B,NS5B,178,V,95.397,99.219,3.822,5866,896,True
PB026B,NS5B,178,D,0.239,0.0,0.239,5866,896,True
PB026B,NS5B,179,T,99.468,99.58,0.112,6204,952,True
PB026B,NS5B,179,K,0.016,0.0,0.016,6204,952,True
PB026B,NS5B,179,P,0.016,0.0,0.016,6204,952,True
PB026B,NS5B,179,A,0.403,0.42,0.017,6204,952,True
PB026B,NS5B,179,M,0.097,0.0,0.097,6204,952,True
PB026B,NS5B,180,R,99.733,99.201,0.532,5994,1001,True
PB026B,NS5B,180,G,0.033,0.0,0.033,5994,1001,True
PB026B,NS5B,180,C,0.05,0.3,0.25,5994,1001,True
PB026B,NS5B,180,S,0.033,0.0,0.033,5994,1001,True
PB026B,NS5B,180,H,0.117,0.5,0.383,5994,1001,True
PB026B,NS5B,180,L,0.033,0.0,0.033,5994,1001,True
PB026B,NS5B,181,R,0.173,0.799,0.626,5783,1001,True
PB026B,NS5B,181,E,0.208,0.0,0.208,5783,1001,True
PB026B,NS5B,181,*,0.035,0.0,0.035,5783,1001,True
PB026B,NS5B,181,K,99.568,99.201,0.367,5783,1001,True
PB026B,NS5B,181,M,0.017,0.0,0.017,5783,1001,True
PB026B,NS5B,182,R,0.0,0.092,0.092,5806,1082,True
PB026B,NS5B,182,Q,0.103,0.0,0.103,5806,1082,True
PB026B,NS5B,182,P,0.344,0.092,0.252,5806,1082,True
PB026B,NS5B,182,L,99.552,99.815,0.263,5806,1082,True
PB026B,NS5B,183,R,0.018,0.0,0.018,5602,1134,True
PB026B,NS5B,183,P,99.768,99.912,0.144,5602,1134,True
PB026B,NS5B,183,S,0.161,0.0,0.161,5602,1134,True
PB026B,NS5B,183,L,0.054,0.088,0.035,5602,1134,True
PB026B,NS5B,184,Q,0.072,0.425,0.353,5562,1176,True
PB026B,NS5B,184,P,0.144,0.255,0.111,5562,1176,True
PB026B,NS5B,184,L,99.784,99.32,0.465,5562,1176,True
PB026B,NS5B,185,V,99.689,97.333,2.355,5459,1275,True
PB026B,NS5B,185,A,0.275,2.51,2.235,5459,1275,True
PB026B,NS5B,185,L,0.0,0.078,0.078,5459,1275,True
PB026B,NS5B,185,M,0.037,0.078,0.042,5459,1275,True
PB026B,NS5B,186,L,0.0,0.074,0.074,5381,1348,True
PB026B,NS5B,186,I,2.843,0.148,2.695,5381,1348,True
PB026B,NS5B,186,V,96.989,99.629,2.64,5381,1348,True
PB026B,NS5B,186,A,0.149,0.148,0.0,5381,1348,True
PB026B,NS5B,186,M,0.019,0.0,0.019,5381,1348,True
PB026B,NS5B,187,L,0.019,0.0,0.019,5214,1382,True
PB026B,NS5B,187,T,0.364,0.0,0.364,5214,1382,True
PB026B,NS5B,187,I,0.077,0.289,0.213,5214,1382,True
PB026B,NS5B,187,K,0.0,0.072,0.072,5214,1382,True
PB026B,NS5B,187,V,1.055,0.217,0.838,5214,1382,True
PB026B,NS5B,187,M,98.485,99.421,0.936,5214,1382,True
PB026B,NS5B,188,R,0.16,0.366,0.206,5011,1367,True
PB026B,NS5B,188,E,0.02,0.146,0.126,5011,1367,True
PB026B,NS5B,188,G,99.82,99.415,0.406,5011,1367,True
PB026B,NS5B,188,A,0.0,0.073,0.073,5011,1367,True
PB026B,NS5B,189,Q,0.0,0.069,0.069,4886,1439,True
PB026B,NS5B,189,P,99.775,99.305,0.47,4886,1439,True
PB026B,NS5B,189,S,0.02,0.208,0.188,4886,1439,True
PB026B,NS5B,189,T,0.02,0.0,0.02,4886,1439,True
PB026B,NS5B,189,L,0.184,0.417,0.233,4886,1439,True
PB026B,NS5B,190,T,0.041,0.136,0.094,4858,1476,True
PB026B,NS5B,190,P,0.021,0.0,0.021,4858,1476,True
PB026B,NS5B,190,V,0.041,0.203,0.162,4858,1476,True
PB026B,NS5B,190,S,0.021,0.0,0.021,4858,1476,True
PB026B,NS5B,190,A,99.876,99.661,0.215,4858,1476,True
PB026B,NS5B,191,N,0.044,0.0,0.044,4571,1512,True
PB026B,NS5B,191,*,0.416,0.0,0.416,4571,1512,True
PB026B,NS5B,191,C,0.175,0.0,0.175,4571,1512,True
PB026B,NS5B,191,H,0.066,0.265,0.199,4571,1512,True
PB026B,NS5B,191,Y,99.3,99.735,0.436,4571,1512,True
PB026B,NS5B,192,G,99.798,100.0,0.202,4466,1541,True
PB026B,NS5B,192,C,0.022,0.0,0.022,4466,1541,True
PB026B,NS5B,192,V,0.045,0.0,0.045,4466,1541,True
PB026B,NS5B,192,S,0.09,0.0,0.09,4466,1541,True
PB026B,NS5B,192,D,0.045,0.0,0.045,4466,1541,True
PB026B,NS5B,193,C,0.023,0.0,0.023,4383,1881,True
PB026B,NS5B,193,F,99.019,98.139,0.88,4383,1881,True
PB026B,NS5B,193,S,0.388,1.276,0.888,4383,1881,True
PB026B,NS5B,193,I,0.023,0.106,0.084,4383,1881,True
PB026B,NS5B,193,L,0.525,0.478,0.046,4383,1881,True
PB026B,NS5B,193,Y,0.023,0.0,0.023,4383,1881,True
PB026B,NS5B,194,R,0.18,0.102,0.077,4451,1954,True
PB026B,NS5B,194,E,0.427,0.0,0.427,4451,1954,True
PB026B,NS5B,194,Q,99.236,99.744,0.508,4451,1954,True
PB026B,NS5B,194,*,0.045,0.0,0.045,4451,1954,True
PB026B,NS5B,194,L,0.112,0.154,0.041,4451,1954,True
PB026B,NS5B,195,N,0.0,0.05,0.05,4409,2011,True
PB026B,NS5B,195,*,0.023,0.0,0.023,4409,2011,True
PB026B,NS5B,195,C,0.136,0.149,0.013,4409,2011,True
PB026B,NS5B,195,H,0.091,0.0,0.091,4409,2011,True
PB026B,NS5B,195,F,0.045,0.0,0.045,4409,2011,True
PB026B,NS5B,195,Y,99.705,99.801,0.096,4409,2011,True
PB026B,NS5B,196,P,0.192,0.15,0.042,4156,1998,True
PB026B,NS5B,196,S,99.495,99.65,0.155,4156,1998,True
PB026B,NS5B,196,T,0.096,0.05,0.046,4156,1998,True
PB026B,NS5B,196,W,0.072,0.0,0.072,4156,1998,True
PB026B,NS5B,196,L,0.144,0.15,0.006,4156,1998,True
PB026B,NS5B,197,R,0.097,0.0,0.097,4134,2412,True
PB026B,NS5B,197,P,99.758,99.793,0.035,4134,2412,True
PB026B,NS5B,197,A,0.0,0.041,0.041,4134,2412,True
PB026B,NS5B,197,S,0.0,0.083,0.083,4134,2412,True
PB026B,NS5B,197,L,0.145,0.083,0.062,4134,2412,True
PB026B,NS5B,198,R,0.074,0.261,0.187,4044,2297,True
PB026B,NS5B,198,E,0.223,0.348,0.126,4044,2297,True
PB026B,NS5B,198,Q,0.049,0.087,0.038,4044,2297,True
PB026B,NS5B,198,T,0.025,0.0,0.025,4044,2297,True
PB026B,NS5B,198,K,99.629,99.216,0.413,4044,2297,True
PB026B,NS5B,198,M,0.0,0.087,0.087,4044,2297,True
PB026B,NS5B,199,R,2.069,0.212,1.858,3431,2364,True
PB026B,NS5B,199,E,0.0,0.085,0.085,3431,2364,True
PB026B,NS5B,199,Q,97.756,99.619,1.864,3431,2364,True
PB026B,NS5B,199,P,0.058,0.0,0.058,3431,2364,True
PB026B,NS5B,199,*,0.058,0.085,0.026,3431,2364,True
PB026B,NS5B,199,H,0.058,0.0,0.058,3431,2364,True
PB026B,NS5B,200,R,99.366,99.663,0.297,3311,2375,True
PB026B,NS5B,200,G,0.151,0.0,0.151,3311,2375,True
PB026B,NS5B,200,C,0.181,0.211,0.029,3311,2375,True
PB026B,NS5B,200,S,0.091,0.0,0.091,3311,2375,True
PB026B,NS5B,200,H,0.151,0.042,0.109,3311,2375,True
PB026B,NS5B,200,L,0.06,0.084,0.024,3311,2375,True
PB026B,NS5B,201,E,0.094,0.043,0.051,3194,2316,True
PB026B,NS5B,201,V,99.656,99.439,0.217,3194,2316,True
PB026B,NS5B,201,A,0.125,0.302,0.177,3194,2316,True
PB026B,NS5B,201,M,0.125,0.216,0.091,3194,2316,True
PB026B,NS5B,202,E,99.447,98.449,0.998,2891,2256,True
PB026B,NS5B,202,K,0.0,0.133,0.133,2891,2256,True
PB026B,NS5B,202,G,0.277,0.0,0.277,2891,2256,True
PB026B,NS5B,202,D,0.069,1.418,1.349,2891,2256,True
PB026B,NS5B,202,A,0.104,0.0,0.104,2891,2256,True
PB026B,NS5B,202,V,0.104,0.0,0.104,2891,2256,True
PB026B,NS5B,203,R,99.863,99.746,0.117,2930,2365,True
PB026B,NS5B,203,P,0.034,0.0,0.034,2930,2365,True
PB026B,NS5B,203,C,0.102,0.127,0.024,2930,2365,True
PB026B,NS5B,203,H,0.0,0.127,0.127,2930,2365,True
PB026B,NS5B,204,R,0.036,0.0,0.036,2796,2323,True
PB026B,NS5B,204,P,0.286,0.517,0.23,2796,2323,True
PB026B,NS5B,204,F,0.072,0.215,0.144,2796,2323,True
PB026B,NS5B,204,I,0.0,0.043,0.043,2796,2323,True
PB026B,NS5B,204,H,0.179,0.043,0.136,2796,2323,True
PB026B,NS5B,204,L,99.428,99.182,0.246,2796,2323,True
PB026B,NS5B,205,R,0.035,0.0,0.035,2836,2585,True
PB026B,NS5B,205,P,0.317,0.271,0.047,2836,2585,True
PB026B,NS5B,205,H,0.0,0.039,0.039,2836,2585,True
PB026B,NS5B,205,F,0.035,0.0,0.035,2836,2585,True
PB026B,NS5B,205,L,99.612,99.691,0.078,2836,2585,True
PB026B,NS5B,206,R,0.177,0.219,0.042,2825,2738,True
PB026B,NS5B,206,Q,99.257,99.708,0.451,2825,2738,True
PB026B,NS5B,206,P,0.071,0.0,0.071,2825,2738,True
PB026B,NS5B,206,*,0.106,0.0,0.106,2825,2738,True
PB026B,NS5B,206,L,0.071,0.0,0.071,2825,2738,True
PB026B,NS5B,206,H,0.177,0.073,0.104,2825,2738,True
PB026B,NS5B,206,K,0.142,0.0,0.142,2825,2738,True
PB026B,NS5B,207,L,0.0,0.036,0.036,2697,2748,True
PB026B,NS5B,207,T,0.0,1.747,1.747,2697,2748,True
PB026B,NS5B,207,I,0.111,0.109,0.002,2697,2748,True
PB026B,NS5B,207,K,0.0,0.146,0.146,2697,2748,True
PB026B,NS5B,207,V,0.519,0.364,0.155,2697,2748,True
PB026B,NS5B,207,M,99.37,97.598,1.771,2697,2748,True
PB026B,NS5B,208,R,0.129,0.156,0.027,2327,2565,True
PB026B,NS5B,208,*,0.0,0.195,0.195,2327,2565,True
PB026B,NS5B,208,C,0.043,0.078,0.035,2327,2565,True
PB026B,NS5B,208,S,0.043,0.078,0.035,2327,2565,True
PB026B,NS5B,208,W,99.785,99.493,0.292,2327,2565,True
PB026B,NS5B,209,R,99.474,99.408,0.067,2283,2702,True
PB026B,NS5B,209,P,0.0,0.037,0.037,2283,2702,True
PB026B,NS5B,209,C,0.044,0.074,0.03,2283,2702,True
PB026B,NS5B,209,H,0.482,0.444,0.038,2283,2702,True
PB026B,NS5B,209,L,0.0,0.037,0.037,2283,2702,True
PB026B,NS5B,210,P,0.046,0.15,0.103,2152,2674,True
PB026B,NS5B,210,A,99.396,99.626,0.23,2152,2674,True
PB026B,NS5B,210,S,0.139,0.0,0.139,2152,2674,True
PB026B,NS5B,210,T,0.186,0.15,0.036,2152,2674,True
PB026B,NS5B,210,V,0.232,0.075,0.158,2152,2674,True
PB026B,NS5B,211,R,0.386,0.296,0.09,2070,2699,True
PB026B,NS5B,211,E,0.628,0.111,0.517,2070,2699,True
PB026B,NS5B,211,*,0.048,0.0,0.048,2070,2699,True
PB026B,NS5B,211,N,0.097,0.037,0.06,2070,2699,True
PB026B,NS5B,211,K,98.841,99.555,0.715,2070,2699,True
PB027A,NS5B,166,R,0.062,2.013,1.952,4858,149,True
PB027A,NS5B,166,E,0.041,0.0,0.041,4858,149,True
PB027A,NS5B,166,G,99.897,97.987,1.91,4858,149,True
PB027A,NS5B,167,E,0.039,0.0,0.039,5151,278,True
PB027A,NS5B,167,I,0.097,0.36,0.263,5151,278,True
PB027A,NS5B,167,A,0.097,0.0,0.097,5151,278,True
PB027A,NS5B,167,V,99.728,99.64,0.088,5151,278,True
PB027A,NS5B,167,L,0.039,0.0,0.039,5151,278,True
PB027A,NS5B,168,R,99.623,98.917,0.706,5045,277,True
PB027A,NS5B,168,G,0.258,0.361,0.103,5045,277,True
PB027A,NS5B,168,W,0.02,0.0,0.02,5045,277,True
PB027A,NS5B,168,K,0.079,0.722,0.643,5045,277,True
PB027A,NS5B,168,M,0.02,0.0,0.02,5045,277,True
PB027A,NS5B,169,E,0.059,0.0,0.059,5074,351,True
PB027A,NS5B,169,G,0.158,0.0,0.158,5074,351,True
PB027A,NS5B,169,A,0.236,0.0,0.236,5074,351,True
PB027A,NS5B,169,V,99.468,100.0,0.532,5074,351,True
PB027A,NS5B,169,L,0.039,0.0,0.039,5074,351,True
PB027A,NS5B,169,M,0.039,0.0,0.039,5074,351,True
PB027A,NS5B,170,R,0.273,0.0,0.273,5129,399,True
PB027A,NS5B,170,*,0.039,0.0,0.039,5129,399,True
PB027A,NS5B,170,C,99.435,100.0,0.565,5129,399,True
PB027A,NS5B,170,F,0.078,0.0,0.078,5129,399,True
PB027A,NS5B,170,Y,0.156,0.0,0.156,5129,399,True
PB027A,NS5B,170,W,0.019,0.0,0.019,5129,399,True
PB027A,NS5B,171,E,99.341,99.27,0.071,5005,411,True
PB027A,NS5B,171,K,0.08,0.243,0.163,5005,411,True
PB027A,NS5B,171,G,0.519,0.487,0.033,5005,411,True
PB027A,NS5B,171,V,0.06,0.0,0.06,5005,411,True
PB027A,NS5B,172,R,0.162,0.0,0.162,4929,436,True
PB027A,NS5B,172,E,0.203,0.0,0.203,4929,436,True
PB027A,NS5B,172,*,0.041,0.0,0.041,4929,436,True
PB027A,NS5B,172,K,99.554,100.0,0.446,4929,436,True
PB027A,NS5B,172,M,0.041,0.0,0.041,4929,436,True
PB027A,NS5B,173,R,99.613,99.814,0.202,4909,539,True
PB027A,NS5B,173,G,0.061,0.0,0.061,4909,539,True
PB027A,NS5B,173,Q,0.265,0.186,0.079,4909,539,True
PB027A,NS5B,173,W,0.041,0.0,0.041,4909,539,True
PB027A,NS5B,173,L,0.02,0.0,0.02,4909,539,True
PB027A,NS5B,174,E,0.041,0.0,0.041,4836,563,True
PB027A,NS5B,174,G,0.021,0.0,0.021,4836,563,True
PB027A,NS5B,174,P,0.083,0.178,0.095,4836,563,True
PB027A,NS5B,174,A,99.545,99.467,0.078,4836,563,True
PB027A,NS5B,174,T,0.145,0.355,0.21,4836,563,True
PB027A,NS5B,174,I,0.041,0.0,0.041,4836,563,True
PB027A,NS5B,174,V,0.124,0.0,0.124,4836,563,True
PB027A,NS5B,175,I,0.02,0.0,0.02,4950,805,True
PB027A,NS5B,175,P,0.263,0.994,0.731,4950,805,True
PB027A,NS5B,175,H,0.02,0.0,0.02,4950,805,True
PB027A,NS5B,175,F,0.101,0.0,0.101,4950,805,True
PB027A,NS5B,175,L,99.596,99.006,0.59,4950,805,True
PB027A,NS5B,176,*,0.02,0.0,0.02,5027,872,True
PB027A,NS5B,176,C,0.477,0.115,0.363,5027,872,True
PB027A,NS5B,176,F,0.02,0.0,0.02,5027,872,True
PB027A,NS5B,176,S,0.0,0.115,0.115,5027,872,True
PB027A,NS5B,176,N,0.04,0.115,0.075,5027,872,True
PB027A,NS5B,176,H,0.159,0.459,0.3,5027,872,True
PB027A,NS5B,176,Y,99.284,99.197,0.087,5027,872,True
PB027A,NS5B,177,N,0.14,0.117,0.024,4992,858,True
PB027A,NS5B,177,G,0.361,0.0,0.361,4992,858,True
PB027A,NS5B,177,A,0.0,0.233,0.233,4992,858,True
PB027A,NS5B,177,V,0.1,0.0,0.1,4992,858,True
PB027A,NS5B,177,D,99.319,99.65,0.331,4992,858,True
PB027A,NS5B,177,Y,0.08,0.0,0.08,4992,858,True
PB027A,NS5B,178,I,0.086,0.0,0.086,4645,922,True
PB027A,NS5B,178,V,99.72,99.566,0.154,4645,922,True
PB027A,NS5B,178,A,0.194,0.434,0.24,4645,922,True
PB027A,NS5B,179,T,99.66,99.387,0.273,4712,979,True
PB027A,NS5B,179,K,0.064,0.0,0.064,4712,979,True
PB027A,NS5B,179,P,0.021,0.0,0.021,4712,979,True
PB027A,NS5B,179,A,0.17,0.613,0.443,4712,979,True
PB027A,NS5B,179,M,0.085,0.0,0.085,4712,979,True
PB027A,NS5B,180,R,99.824,99.801,0.022,4536,1006,True
PB027A,NS5B,180,P,0.044,0.0,0.044,4536,1006,True
PB027A,NS5B,180,C,0.132,0.099,0.033,4536,1006,True
PB027A,NS5B,180,H,0.0,0.099,0.099,4536,1006,True
PB027A,NS5B,181,R,0.204,0.099,0.105,4411,1008,True
PB027A,NS5B,181,E,0.068,0.099,0.031,4411,1008,True
PB027A,NS5B,181,Q,0.023,0.099,0.077,4411,1008,True
PB027A,NS5B,181,*,0.023,0.0,0.023,4411,1008,True
PB027A,NS5B,181,T,0.136,0.0,0.136,4411,1008,True
PB027A,NS5B,181,K,99.501,99.702,0.201,4411,1008,True
PB027A,NS5B,181,M,0.045,0.0,0.045,4411,1008,True
PB027A,NS5B,182,P,0.233,0.555,0.322,4713,1081,True
PB027A,NS5B,182,V,0.021,0.0,0.021,4713,1081,True
PB027A,NS5B,182,L,99.745,99.445,0.3,4713,1081,True
PB027A,NS5B,183,T,0.0,0.085,0.085,4771,1177,True
PB027A,NS5B,183,P,99.832,99.915,0.083,4771,1177,True
PB027A,NS5B,183,S,0.084,0.0,0.084,4771,1177,True
PB027A,NS5B,183,A,0.021,0.0,0.021,4771,1177,True
PB027A,NS5B,183,L,0.063,0.0,0.063,4771,1177,True
PB027A,NS5B,184,W,0.022,0.0,0.022,4627,1181,True
PB027A,NS5B,184,V,0.151,0.339,0.187,4627,1181,True
PB027A,NS5B,184,S,0.195,0.085,0.11,4627,1181,True
PB027A,NS5B,184,L,99.568,99.577,0.009,4627,1181,True
PB027A,NS5B,184,M,0.065,0.0,0.065,4627,1181,True
PB027A,NS5B,185,E,0.043,0.158,0.115,4640,1262,True
PB027A,NS5B,185,A,99.698,99.604,0.094,4640,1262,True
PB027A,NS5B,185,T,0.129,0.079,0.05,4640,1262,True
PB027A,NS5B,185,V,0.129,0.158,0.029,4640,1262,True
PB027A,NS5B,186,G,0.089,0.0,0.089,4514,1172,True
PB027A,NS5B,186,V,99.801,99.659,0.142,4514,1172,True
PB027A,NS5B,186,A,0.111,0.341,0.231,4514,1172,True
PB027A,NS5B,187,T,0.044,0.155,0.11,4525,1293,True
PB027A,NS5B,187,I,0.309,0.077,0.232,4525,1293,True
PB027A,NS5B,187,V,0.133,0.309,0.177,4525,1293,True
PB027A,NS5B,187,K,0.044,0.0,0.044,4525,1293,True
PB027A,NS5B,187,M,99.47,99.459,0.011,4525,1293,True
PB027A,NS5B,188,R,0.133,0.0,0.133,4503,1298,True
PB027A,NS5B,188,E,0.044,0.077,0.033,4503,1298,True
PB027A,NS5B,188,G,99.822,99.846,0.024,4503,1298,True
PB027A,NS5B,188,A,0.0,0.077,0.077,4503,1298,True
PB027A,NS5B,189,T,0.023,0.0,0.023,4382,1380,True
PB027A,NS5B,189,P,99.909,99.928,0.019,4382,1380,True
PB027A,NS5B,189,S,0.046,0.072,0.027,4382,1380,True
PB027A,NS5B,189,A,0.023,0.0,0.023,4382,1380,True
PB027A,NS5B,190,P,0.0,0.059,0.059,4556,1684,True
PB027A,NS5B,190,A,99.605,99.644,0.039,4556,1684,True
PB027A,NS5B,190,T,0.154,0.178,0.025,4556,1684,True
PB027A,NS5B,190,D,0.088,0.0,0.088,4556,1684,True
PB027A,NS5B,190,V,0.154,0.119,0.035,4556,1684,True
PB027A,NS5B,191,N,0.023,0.0,0.023,4348,1664,True
PB027A,NS5B,191,*,0.0,0.12,0.12,4348,1664,True
PB027A,NS5B,191,C,0.115,0.12,0.005,4348,1664,True
PB027A,NS5B,191,H,0.138,0.0,0.138,4348,1664,True
PB027A,NS5B,191,D,0.069,0.0,0.069,4348,1664,True
PB027A,NS5B,191,Y,99.655,99.76,0.105,4348,1664,True
PB027A,NS5B,192,G,99.851,99.83,0.022,4040,1762,True
PB027A,NS5B,192,A,0.0,0.057,0.057,4040,1762,True
PB027A,NS5B,192,D,0.074,0.0,0.074,4040,1762,True
PB027A,NS5B,192,C,0.025,0.0,0.025,4040,1762,True
PB027A,NS5B,192,S,0.05,0.114,0.064,4040,1762,True
PB027A,NS5B,193,F,99.434,98.671,0.764,3713,1956,True
PB027A,NS5B,193,S,0.108,0.511,0.404,3713,1956,True
PB027A,NS5B,193,I,0.054,0.051,0.003,3713,1956,True
PB027A,NS5B,193,L,0.377,0.716,0.339,3713,1956,True
PB027A,NS5B,193,Y,0.027,0.051,0.024,3713,1956,True
PB027A,NS5B,194,R,0.108,0.398,0.29,3690,2008,True
PB027A,NS5B,194,E,0.027,0.0,0.027,3690,2008,True
PB027A,NS5B,194,Q,99.864,99.303,0.562,3690,2008,True
PB027A,NS5B,194,*,0.0,0.149,0.149,3690,2008,True
PB027A,NS5B,194,H,0.0,0.149,0.149,3690,2008,True
PB027A,NS5B,195,C,0.137,0.199,0.061,3638,2014,True
PB027A,NS5B,195,H,0.082,0.199,0.116,3638,2014,True
PB027A,NS5B,195,Y,99.78,99.603,0.177,3638,2014,True
PB027A,NS5B,196,P,0.289,0.354,0.066,3462,1975,True
PB027A,NS5B,196,S,99.538,99.392,0.145,3462,1975,True
PB027A,NS5B,196,L,0.029,0.152,0.123,3462,1975,True
PB027A,NS5B,196,T,0.087,0.101,0.015,3462,1975,True
PB027A,NS5B,196,W,0.029,0.0,0.029,3462,1975,True
PB027A,NS5B,196,A,0.029,0.0,0.029,3462,1975,True
PB027A,NS5B,197,Q,0.03,0.046,0.016,3319,2191,True
PB027A,NS5B,197,P,99.879,99.954,0.075,3319,2191,True
PB027A,NS5B,197,L,0.09,0.0,0.09,3319,2191,True
PB027A,NS5B,198,R,0.815,0.858,0.043,3313,2098,True
PB027A,NS5B,198,E,0.302,0.191,0.111,3313,2098,True
PB027A,NS5B,198,*,0.0,0.095,0.095,3313,2098,True
PB027A,NS5B,198,T,0.03,0.0,0.03,3313,2098,True
PB027A,NS5B,198,N,0.03,0.0,0.03,3313,2098,True
PB027A,NS5B,198,K,98.581,98.856,0.275,3313,2098,True
PB027A,NS5B,198,M,0.241,0.0,0.241,3313,2098,True
PB027A,NS5B,199,R,0.24,0.091,0.148,3334,2186,True
PB027A,NS5B,199,Q,99.61,99.634,0.024,3334,2186,True
PB027A,NS5B,199,P,0.0,0.183,0.183,3334,2186,True
PB027A,NS5B,199,*,0.12,0.091,0.028,3334,2186,True
PB027A,NS5B,199,K,0.03,0.0,0.03,3334,2186,True
PB027A,NS5B,200,R,99.143,99.648,0.504,3269,2271,True
PB027A,NS5B,200,G,0.275,0.0,0.275,3269,2271,True
PB027A,NS5B,200,P,0.061,0.0,0.061,3269,2271,True
PB027A,NS5B,200,C,0.031,0.088,0.057,3269,2271,True
PB027A,NS5B,200,S,0.0,0.044,0.044,3269,2271,True
PB027A,NS5B,200,H,0.489,0.22,0.269,3269,2271,True
PB027A,NS5B,201,E,0.098,0.047,0.051,3068,2121,True
PB027A,NS5B,201,G,0.0,0.047,0.047,3068,2121,True
PB027A,NS5B,201,L,0.13,0.0,0.13,3068,2121,True
PB027A,NS5B,201,V,99.478,99.576,0.097,3068,2121,True
PB027A,NS5B,201,A,0.098,0.33,0.232,3068,2121,True
PB027A,NS5B,201,M,0.196,0.0,0.196,3068,2121,True
PB027A,NS5B,202,E,98.966,99.426,0.46,2998,2089,True
PB027A,NS5B,202,G,0.1,0.335,0.235,2998,2089,True
PB027A,NS5B,202,*,0.7,0.0,0.7,2998,2089,True
PB027A,NS5B,202,A,0.067,0.0,0.067,2998,2089,True
PB027A,NS5B,202,V,0.033,0.048,0.015,2998,2089,True
PB027A,NS5B,202,K,0.133,0.191,0.058,2998,2089,True
PB027A,NS5B,203,R,99.771,99.673,0.098,3052,2140,True
PB027A,NS5B,203,G,0.0,0.093,0.093,3052,2140,True
PB027A,NS5B,203,P,0.033,0.047,0.014,3052,2140,True
PB027A,NS5B,203,C,0.197,0.047,0.15,3052,2140,True
PB027A,NS5B,203,H,0.0,0.047,0.047,3052,2140,True
PB027A,NS5B,203,L,0.0,0.093,0.093,3052,2140,True
PB027A,NS5B,204,R,0.034,0.0,0.034,2912,1953,True
PB027A,NS5B,204,P,0.343,0.717,0.373,2912,1953,True
PB027A,NS5B,204,F,0.034,0.102,0.068,2912,1953,True
PB027A,NS5B,204,L,99.313,98.874,0.44,2912,1953,True
PB027A,NS5B,204,H,0.24,0.256,0.016,2912,1953,True
PB027A,NS5B,204,V,0.034,0.051,0.017,2912,1953,True
PB027A,NS5B,205,P,0.385,0.162,0.223,3114,2471,True
PB027A,NS5B,205,H,0.0,0.04,0.04,3114,2471,True
PB027A,NS5B,205,F,0.032,0.04,0.008,3114,2471,True
PB027A,NS5B,205,L,99.583,99.757,0.175,3114,2471,True
PB027A,NS5B,206,R,0.228,0.116,0.112,3074,2589,True
PB027A,NS5B,206,Q,99.675,99.768,0.094,3074,2589,True
PB027A,NS5B,206,*,0.065,0.116,0.051,3074,2589,True
PB027A,NS5B,206,K,0.033,0.0,0.033,3074,2589,True
PB027A,NS5B,207,L,0.07,0.0,0.07,2841,2535,True
PB027A,NS5B,207,T,0.246,0.513,0.266,2841,2535,True
PB027A,NS5B,207,I,0.0,0.079,0.079,2841,2535,True
PB027A,NS5B,207,V,0.211,0.276,0.065,2841,2535,True
PB027A,NS5B,207,K,0.07,0.0,0.07,2841,2535,True
PB027A,NS5B,207,M,99.402,99.132,0.269,2841,2535,True
PB027A,NS5B,208,R,0.503,0.633,0.131,2587,2369,True
PB027A,NS5B,208,G,0.0,0.042,0.042,2587,2369,True
PB027A,NS5B,208,*,0.232,0.295,0.064,2587,2369,True
PB027A,NS5B,208,S,0.0,0.042,0.042,2587,2369,True
PB027A,NS5B,208,W,99.266,98.987,0.279,2587,2369,True
PB027A,NS5B,209,R,99.724,99.615,0.109,2536,2595,True
PB027A,NS5B,209,P,0.079,0.039,0.04,2536,2595,True
PB027A,NS5B,209,C,0.079,0.193,0.114,2536,2595,True
PB027A,NS5B,209,W,0.079,0.0,0.079,2536,2595,True
PB027A,NS5B,209,H,0.0,0.154,0.154,2536,2595,True
PB027A,NS5B,209,L,0.039,0.0,0.039,2536,2595,True
PB027A,NS5B,210,T,0.287,0.196,0.09,2443,2546,True
PB027A,NS5B,210,E,0.0,0.157,0.157,2443,2546,True
PB027A,NS5B,210,S,0.0,0.157,0.157,2443,2546,True
PB027A,NS5B,210,A,99.713,99.489,0.224,2443,2546,True
PB027A,NS5B,211,R,0.372,0.538,0.167,2422,2600,True
PB027A,NS5B,211,E,0.33,0.077,0.253,2422,2600,True
PB027A,NS5B,211,Q,0.0,0.038,0.038,2422,2600,True
PB027A,NS5B,211,*,0.165,0.0,0.165,2422,2600,True
PB027A,NS5B,211,T,0.0,0.038,0.038,2422,2600,True
PB027A,NS5B,211,N,0.041,0.0,0.041,2422,2600,True
PB027A,NS5B,211,K,99.009,99.308,0.299,2422,2600,True
PB027A,NS5B,211,M,0.083,0.0,0.083,2422,2600,True
PB027B,NS5B,167,V,100.0,100.0,0.0,951,178,True
PB027B,NS5B,168,R,98.741,96.667,2.075,874,180,True
PB027B,NS5B,168,G,1.144,0.0,1.144,874,180,True
PB027B,NS5B,168,W,0.114,0.0,0.114,874,180,True
PB027B,NS5B,168,S,0.0,0.556,0.556,874,180,True
PB027B,NS5B,168,K,0.0,2.778,2.778,874,180,True
PB027B,NS5B,169,E,0.0,0.397,0.397,477,252,True
PB027B,NS5B,169,V,100.0,99.603,0.397,477,252,True
PB027B,NS5B,170,C,100.0,99.322,0.678,475,295,True
PB027B,NS5B,170,R,0.0,0.678,0.678,475,295,True
PB027B,NS5B,171,E,100.0,99.351,0.649,246,308,True
PB027B,NS5B,171,G,0.0,0.649,0.649,246,308,True
PB027B,NS5B,172,N,0.452,0.0,0.452,221,335,True
PB027B,NS5B,172,K,99.548,100.0,0.452,221,335,True
PB027B,NS5B,173,R,100.0,100.0,0.0,197,616,True
PB027B,NS5B,174,T,0.0,0.3,0.3,201,667,True
PB027B,NS5B,174,A,100.0,99.7,0.3,201,667,True
PB027B,NS5B,175,H,0.0,0.217,0.217,193,923,True
PB027B,NS5B,175,L,100.0,98.808,1.192,193,923,True
PB027B,NS5B,175,P,0.0,0.975,0.975,193,923,True
PB027B,NS5B,176,C,0.0,0.614,0.614,193,977,True
PB027B,NS5B,176,H,0.0,0.409,0.409,193,977,True
PB027B,NS5B,176,Y,100.0,98.976,1.024,193,977,True
PB027B,NS5B,177,N,0.0,0.208,0.208,189,962,True
PB027B,NS5B,177,D,100.0,98.441,1.559,189,962,True
PB027B,NS5B,177,G,0.0,1.351,1.351,189,962,True
PB027B,NS5B,178,V,100.0,100.0,0.0,175,1041,True
PB027B,NS5B,179,T,100.0,99.908,0.092,176,1089,True
PB027B,NS5B,179,A,0.0,0.092,0.092,176,1089,True
PB027B,NS5B,180,R,100.0,99.313,0.687,179,1164,True
PB027B,NS5B,180,P,0.0,0.086,0.086,179,1164,True
PB027B,NS5B,180,C,0.0,0.172,0.172,179,1164,True
PB027B,NS5B,180,H,0.0,0.258,0.258,179,1164,True
PB027B,NS5B,180,L,0.0,0.172,0.172,179,1164,True
PB027B,NS5B,181,R,0.0,0.355,0.355,174,1128,True
PB027B,NS5B,181,E,0.0,0.355,0.355,174,1128,True
PB027B,NS5B,181,K,100.0,99.202,0.798,174,1128,True
PB027B,NS5B,181,M,0.0,0.089,0.089,174,1128,True
PB027B,NS5B,182,L,98.857,99.834,0.977,175,1204,True
PB027B,NS5B,182,P,1.143,0.166,0.977,175,1204,True
PB027B,NS5B,183,A,0.0,0.149,0.149,164,1339,True
PB027B,NS5B,183,L,1.22,0.0,1.22,164,1339,True
PB027B,NS5B,183,P,98.78,99.851,1.07,164,1339,True
PB027B,NS5B,184,P,0.588,0.29,0.298,170,1377,True
PB027B,NS5B,184,L,99.412,99.564,0.153,170,1377,True
PB027B,NS5B,184,M,0.0,0.145,0.145,170,1377,True
PB027B,NS5B,185,T,0.606,0.0,0.606,165,1439,True
PB027B,NS5B,185,E,0.0,0.139,0.139,165,1439,True
PB027B,NS5B,185,V,0.0,0.069,0.069,165,1439,True
PB027B,NS5B,185,A,99.394,99.792,0.398,165,1439,True
PB027B,NS5B,186,E,1.282,0.141,1.141,156,1419,True
PB027B,NS5B,186,G,0.0,0.141,0.141,156,1419,True
PB027B,NS5B,186,A,0.0,0.282,0.282,156,1419,True
PB027B,NS5B,186,V,98.718,99.295,0.577,156,1419,True
PB027B,NS5B,186,M,0.0,0.141,0.141,156,1419,True
PB027B,NS5B,187,T,0.0,0.132,0.132,160,1519,True
PB027B,NS5B,187,I,0.0,0.132,0.132,160,1519,True
PB027B,NS5B,187,V,0.625,0.263,0.362,160,1519,True
PB027B,NS5B,187,M,99.375,99.473,0.098,160,1519,True
PB027B,NS5B,188,R,0.0,0.132,0.132,148,1518,True
PB027B,NS5B,188,E,0.0,1.779,1.779,148,1518,True
PB027B,NS5B,188,G,100.0,98.024,1.976,148,1518,True
PB027B,NS5B,188,V,0.0,0.066,0.066,148,1518,True
PB027B,NS5B,189,A,0.0,0.063,0.063,149,1583,True
PB027B,NS5B,189,S,0.0,0.126,0.126,149,1583,True
PB027B,NS5B,189,P,100.0,99.81,0.19,149,1583,True
PB027B,NS5B,190,T,0.0,0.315,0.315,150,1907,True
PB027B,NS5B,190,V,1.333,0.0,1.333,150,1907,True
PB027B,NS5B,190,A,98.667,99.685,1.019,150,1907,True
PB027B,NS5B,191,N,0.0,0.211,0.211,147,1894,True
PB027B,NS5B,191,C,0.0,0.264,0.264,147,1894,True
PB027B,NS5B,191,F,0.0,0.053,0.053,147,1894,True
PB027B,NS5B,191,Y,100.0,99.472,0.528,147,1894,True
PB027B,NS5B,192,S,0.0,0.046,0.046,136,2189,True
PB027B,NS5B,192,G,100.0,99.726,0.274,136,2189,True
PB027B,NS5B,192,D,0.0,0.228,0.228,136,2189,True
PB027B,NS5B,193,L,0.0,0.21,0.21,126,2380,True
PB027B,NS5B,193,F,98.413,97.017,1.396,126,2380,True
PB027B,NS5B,193,S,0.0,2.647,2.647,126,2380,True
PB027B,NS5B,193,Y,1.587,0.126,1.461,126,2380,True
PB027B,NS5B,194,R,0.0,0.203,0.203,130,2460,True
PB027B,NS5B,194,Q,100.0,99.634,0.366,130,2460,True
PB027B,NS5B,194,*,0.0,0.163,0.163,130,2460,True
PB027B,NS5B,195,C,1.55,0.081,1.47,129,2476,True
PB027B,NS5B,195,H,0.0,0.202,0.202,129,2476,True
PB027B,NS5B,195,F,0.0,0.04,0.04,129,2476,True
PB027B,NS5B,195,Y,98.45,99.677,1.227,129,2476,True
PB027B,NS5B,196,P,0.0,0.164,0.164,113,2440,True
PB027B,NS5B,196,A,0.0,0.082,0.082,113,2440,True
PB027B,NS5B,196,S,100.0,99.59,0.41,113,2440,True
PB027B,NS5B,196,L,0.0,0.164,0.164,113,2440,True
PB027B,NS5B,197,T,1.739,0.0,1.739,115,2711,True
PB027B,NS5B,197,Q,0.0,0.074,0.074,115,2711,True
PB027B,NS5B,197,P,98.261,99.631,1.37,115,2711,True
PB027B,NS5B,197,S,0.0,0.148,0.148,115,2711,True
PB027B,NS5B,197,A,0.0,0.037,0.037,115,2711,True
PB027B,NS5B,197,L,0.0,0.111,0.111,115,2711,True
PB027B,NS5B,198,R,0.0,0.383,0.383,113,2613,True
PB027B,NS5B,198,T,0.0,0.038,0.038,113,2613,True
PB027B,NS5B,198,E,0.0,0.115,0.115,113,2613,True
PB027B,NS5B,198,*,0.0,0.077,0.077,113,2613,True
PB027B,NS5B,198,K,100.0,99.273,0.727,113,2613,True
PB027B,NS5B,198,M,0.0,0.115,0.115,113,2613,True
PB027B,NS5B,199,R,0.0,0.588,0.588,101,2721,True
PB027B,NS5B,199,Q,100.0,99.338,0.662,101,2721,True
PB027B,NS5B,199,*,0.0,0.074,0.074,101,2721,True
PB029A,NS5B,162,*,0.108,0.98,0.873,1855,102,True
PB029A,NS5B,162,C,0.323,0.0,0.323,1855,102,True
PB029A,NS5B,162,H,0.162,0.0,0.162,1855,102,True
PB029A,NS5B,162,Y,99.407,99.02,0.387,1855,102,True
PB029A,NS5B,163,L,0.08,0.0,0.08,1243,118,True
PB029A,NS5B,163,P,99.92,100.0,0.08,1243,118,True
PB029A,NS5B,164,N,0.165,0.0,0.165,1210,126,True
PB029A,NS5B,164,G,0.165,0.0,0.165,1210,126,True
PB029A,NS5B,164,D,99.669,100.0,0.331,1210,126,True
PB029A,NS5B,165,L,99.644,98.54,1.104,1123,137,True
PB029A,NS5B,165,P,0.356,1.46,1.104,1123,137,True
PB029A,NS5B,166,E,0.0,0.82,0.82,1081,244,True
PB029A,NS5B,166,V,0.0,0.82,0.82,1081,244,True
PB029A,NS5B,166,G,100.0,98.361,1.639,1081,244,True
PB029A,NS5B,167,A,0.19,0.0,0.19,1050,444,True
PB029A,NS5B,167,I,0.476,0.0,0.476,1050,444,True
PB029A,NS5B,167,V,99.333,100.0,0.667,1050,444,True
PB029A,NS5B,168,R,98.558,99.342,0.784,971,456,True
PB029A,NS5B,168,G,1.339,0.658,0.681,971,456,True
PB029A,NS5B,168,W,0.103,0.0,0.103,971,456,True
PB029A,NS5B,169,V,100.0,100.0,0.0,454,580,True
PB029A,NS5B,170,G,0.0,0.302,0.302,399,662,True
PB029A,NS5B,170,C,99.499,99.547,0.048,399,662,True
PB029A,NS5B,170,S,0.501,0.0,0.501,399,662,True
PB029A,NS5B,170,Y,0.0,0.151,0.151,399,662,True
PB029A,NS5B,171,E,99.087,99.708,0.621,219,684,True
PB029A,NS5B,171,G,0.913,0.292,0.621,219,684,True
PB029A,NS5B,172,R,0.503,0.0,0.503,199,720,True
PB029A,NS5B,172,K,99.497,100.0,0.503,199,720,True
PB029A,NS5B,173,R,100.0,99.664,0.336,175,893,True
PB029A,NS5B,173,Q,0.0,0.336,0.336,175,893,True
PB029A,NS5B,174,T,0.0,0.319,0.319,175,939,True
PB029A,NS5B,174,A,100.0,99.681,0.319,175,939,True
PB029A,NS5B,175,P,0.0,0.635,0.635,175,1259,True
PB029A,NS5B,175,F,1.143,0.079,1.063,175,1259,True
PB029A,NS5B,175,L,98.857,99.285,0.428,175,1259,True
PB029A,NS5B,176,*,0.0,0.077,0.077,180,1294,True
PB029A,NS5B,176,C,0.0,0.077,0.077,180,1294,True
PB029A,NS5B,176,H,0.0,0.155,0.155,180,1294,True
PB029A,NS5B,176,F,0.0,0.077,0.077,180,1294,True
PB029A,NS5B,176,Y,100.0,99.614,0.386,180,1294,True
PB029A,NS5B,177,N,1.156,0.238,0.919,173,1263,True
PB029A,NS5B,177,A,0.0,0.079,0.079,173,1263,True
PB029A,NS5B,177,D,98.844,99.683,0.839,173,1263,True
PB029A,NS5B,178,A,0.0,0.29,0.29,158,1380,True
PB029A,NS5B,178,I,0.0,0.217,0.217,158,1380,True
PB029A,NS5B,178,V,100.0,99.493,0.507,158,1380,True
PB029A,NS5B,179,T,100.0,99.368,0.632,159,1424,True
PB029A,NS5B,179,A,0.0,0.562,0.562,159,1424,True
PB029A,NS5B,179,M,0.0,0.07,0.07,159,1424,True
PB029A,NS5B,180,C,1.258,0.0,1.258,159,1505,True
PB029A,NS5B,180,R,98.742,99.934,1.191,159,1505,True
PB029A,NS5B,180,G,0.0,0.066,0.066,159,1505,True
PB029A,NS5B,181,R,0.0,2.215,2.215,157,1490,True
PB029A,NS5B,181,K,100.0,97.785,2.215,157,1490,True
PB029A,NS5B,182,L,98.726,99.562,0.836,157,1597,True
PB029A,NS5B,182,P,1.274,0.438,0.836,157,1597,True
PB029A,NS5B,183,S,0.0,0.059,0.059,144,1685,True
PB029A,NS5B,183,P,100.0,99.941,0.059,144,1685,True
PB029A,NS5B,184,V,0.0,0.17,0.17,147,1764,True
PB029A,NS5B,184,L,100.0,99.376,0.624,147,1764,True
PB029A,NS5B,184,P,0.0,0.454,0.454,147,1764,True
PB029A,NS5B,185,V,0.0,0.387,0.387,144,1808,True
PB029A,NS5B,185,A,100.0,99.558,0.442,144,1808,True
PB029A,NS5B,185,P,0.0,0.055,0.055,144,1808,True
PB029A,NS5B,186,G,0.0,0.058,0.058,138,1719,True
PB029A,NS5B,186,A,0.0,0.524,0.524,138,1719,True
PB029A,NS5B,186,V,100.0,99.36,0.64,138,1719,True
PB029A,NS5B,186,M,0.0,0.058,0.058,138,1719,True
PB029A,NS5B,187,T,0.0,0.155,0.155,137,1934,True
PB029A,NS5B,187,I,0.0,0.207,0.207,137,1934,True
PB029A,NS5B,187,V,0.73,0.362,0.368,137,1934,True
PB029A,NS5B,187,M,99.27,99.276,0.006,137,1934,True
PB029A,NS5B,188,R,1.515,0.248,1.267,132,2014,True
PB029A,NS5B,188,E,0.0,0.348,0.348,132,2014,True
PB029A,NS5B,188,G,98.485,99.404,0.919,132,2014,True
PB029A,NS5B,189,P,99.213,99.39,0.177,127,2130,True
PB029A,NS5B,189,S,0.0,0.235,0.235,127,2130,True
PB029A,NS5B,189,L,0.787,0.376,0.412,127,2130,True
PB029A,NS5B,190,T,0.0,0.392,0.392,125,2552,True
PB029A,NS5B,190,A,100.0,99.569,0.431,125,2552,True
PB029A,NS5B,190,D,0.0,0.039,0.039,125,2552,True
PB029A,NS5B,191,*,0.0,0.078,0.078,118,2556,True
PB029A,NS5B,191,C,0.0,0.235,0.235,118,2556,True
PB029A,NS5B,191,H,0.0,0.117,0.117,118,2556,True
PB029A,NS5B,191,Y,100.0,99.57,0.43,118,2556,True
PB029A,NS5B,192,R,0.0,0.074,0.074,119,2692,True
PB029A,NS5B,192,G,100.0,99.591,0.409,119,2692,True
PB029A,NS5B,192,D,0.0,0.26,0.26,119,2692,True
PB029A,NS5B,192,S,0.0,0.074,0.074,119,2692,True
PB029A,NS5B,194,R,0.0,0.242,0.242,107,2897,True
PB029A,NS5B,194,Q,100.0,99.033,0.967,107,2897,True
PB029A,NS5B,194,*,0.0,0.104,0.104,107,2897,True
PB029A,NS5B,194,H,0.0,0.587,0.587,107,2897,True
PB029A,NS5B,194,L,0.0,0.035,0.035,107,2897,True
PB029A,NS5B,195,H,0.0,0.034,0.034,104,2963,True
PB029A,NS5B,195,C,1.923,0.0,1.923,104,2963,True
PB029A,NS5B,195,F,0.0,0.067,0.067,104,2963,True
PB029A,NS5B,195,Y,98.077,99.899,1.822,104,2963,True
PB029B,NS5B,165,R,0.034,0.0,0.034,8825,130,True
PB029B,NS5B,165,Q,0.068,0.0,0.068,8825,130,True
PB029B,NS5B,165,P,0.215,0.0,0.215,8825,130,True
PB029B,NS5B,165,V,0.023,0.0,0.023,8825,130,True
PB029B,NS5B,165,L,99.66,100.0,0.34,8825,130,True
PB029B,NS5B,166,R,0.211,0.0,0.211,9022,217,True
PB029B,NS5B,166,E,0.0,2.304,2.304,9022,217,True
PB029B,NS5B,166,G,99.767,97.696,2.071,9022,217,True
PB029B,NS5B,166,W,0.022,0.0,0.022,9022,217,True
PB029B,NS5B,167,E,0.021,0.0,0.021,9598,320,True
PB029B,NS5B,167,I,0.073,0.0,0.073,9598,320,True
PB029B,NS5B,167,A,0.156,0.0,0.156,9598,320,True
PB029B,NS5B,167,V,99.729,100.0,0.271,9598,320,True
PB029B,NS5B,167,L,0.021,0.0,0.021,9598,320,True
PB029B,NS5B,168,R,99.436,99.683,0.247,9395,315,True
PB029B,NS5B,168,T,0.011,0.0,0.011,9395,315,True
PB029B,NS5B,168,G,0.447,0.0,0.447,9395,315,True
PB029B,NS5B,168,W,0.064,0.0,0.064,9395,315,True
PB029B,NS5B,168,S,0.011,0.0,0.011,9395,315,True
PB029B,NS5B,168,K,0.032,0.317,0.286,9395,315,True
PB029B,NS5B,169,G,0.045,0.0,0.045,8950,414,True
PB029B,NS5B,169,A,0.101,0.242,0.141,8950,414,True
PB029B,NS5B,169,V,99.553,99.758,0.205,8950,414,True
PB029B,NS5B,169,L,0.011,0.0,0.011,8950,414,True
PB029B,NS5B,169,M,0.291,0.0,0.291,8950,414,True
PB029B,NS5B,170,R,0.199,0.0,0.199,9032,471,True
PB029B,NS5B,170,G,0.033,0.425,0.391,9032,471,True
PB029B,NS5B,170,*,0.044,0.0,0.044,9032,471,True
PB029B,NS5B,170,C,99.435,99.363,0.072,9032,471,True
PB029B,NS5B,170,F,0.022,0.0,0.022,9032,471,True
PB029B,NS5B,170,S,0.044,0.0,0.044,9032,471,True
PB029B,NS5B,170,W,0.022,0.212,0.19,9032,471,True
PB029B,NS5B,170,Y,0.199,0.0,0.199,9032,471,True
PB029B,NS5B,171,E,99.599,100.0,0.401,8728,502,True
PB029B,NS5B,171,K,0.034,0.0,0.034,8728,502,True
PB029B,NS5B,171,G,0.183,0.0,0.183,8728,502,True
PB029B,NS5B,171,Q,0.023,0.0,0.023,8728,502,True
PB029B,NS5B,171,A,0.023,0.0,0.023,8728,502,True
PB029B,NS5B,171,V,0.137,0.0,0.137,8728,502,True
PB029B,NS5B,172,R,0.219,0.0,0.219,8672,510,True
PB029B,NS5B,172,E,0.277,0.392,0.115,8672,510,True
PB029B,NS5B,172,T,0.023,0.0,0.023,8672,510,True
PB029B,NS5B,172,*,0.127,0.0,0.127,8672,510,True
PB029B,NS5B,172,K,99.331,99.608,0.277,8672,510,True
PB029B,NS5B,172,M,0.023,0.0,0.023,8672,510,True
PB029B,NS5B,173,R,99.075,100.0,0.925,8649,686,True
PB029B,NS5B,173,G,0.023,0.0,0.023,8649,686,True
PB029B,NS5B,173,Q,0.717,0.0,0.717,8649,686,True
PB029B,NS5B,173,P,0.058,0.0,0.058,8649,686,True
PB029B,NS5B,173,W,0.104,0.0,0.104,8649,686,True
PB029B,NS5B,173,L,0.023,0.0,0.023,8649,686,True
PB029B,NS5B,174,G,0.023,0.0,0.023,8585,754,True
PB029B,NS5B,174,P,0.023,0.0,0.023,8585,754,True
PB029B,NS5B,174,A,99.732,99.469,0.263,8585,754,True
PB029B,NS5B,174,S,0.012,0.0,0.012,8585,754,True
PB029B,NS5B,174,T,0.105,0.265,0.16,8585,754,True
PB029B,NS5B,174,V,0.105,0.265,0.16,8585,754,True
PB029B,NS5B,175,I,0.012,0.0,0.012,8560,978,True
PB029B,NS5B,175,P,0.491,0.818,0.327,8560,978,True
PB029B,NS5B,175,H,0.035,0.0,0.035,8560,978,True
PB029B,NS5B,175,F,0.14,0.0,0.14,8560,978,True
PB029B,NS5B,175,L,99.322,99.182,0.14,8560,978,True
PB029B,NS5B,176,*,0.011,0.0,0.011,8831,1021,True
PB029B,NS5B,176,C,0.193,0.196,0.003,8831,1021,True
PB029B,NS5B,176,F,0.0,0.098,0.098,8831,1021,True
PB029B,NS5B,176,S,0.023,0.0,0.023,8831,1021,True
PB029B,NS5B,176,N,0.034,0.0,0.034,8831,1021,True
PB029B,NS5B,176,H,0.249,0.196,0.053,8831,1021,True
PB029B,NS5B,176,Y,99.49,99.51,0.02,8831,1021,True
PB029B,NS5B,177,E,0.035,0.0,0.035,8581,996,True
PB029B,NS5B,177,G,0.21,0.402,0.192,8581,996,True
PB029B,NS5B,177,N,0.082,0.602,0.521,8581,996,True
PB029B,NS5B,177,D,99.592,98.996,0.596,8581,996,True
PB029B,NS5B,177,V,0.035,0.0,0.035,8581,996,True
PB029B,NS5B,177,A,0.023,0.0,0.023,8581,996,True
PB029B,NS5B,177,Y,0.023,0.0,0.023,8581,996,True
PB029B,NS5B,178,G,0.062,0.0,0.062,8036,1105,True
PB029B,NS5B,178,A,0.348,0.814,0.466,8036,1105,True
PB029B,NS5B,178,L,0.012,0.0,0.012,8036,1105,True
PB029B,NS5B,178,I,0.1,0.724,0.624,8036,1105,True
PB029B,NS5B,178,V,99.44,98.462,0.978,8036,1105,True
PB029B,NS5B,178,D,0.037,0.0,0.037,8036,1105,True
PB029B,NS5B,179,T,99.562,99.242,0.321,8226,1187,True
PB029B,NS5B,179,R,0.012,0.0,0.012,8226,1187,True
PB029B,NS5B,179,K,0.024,0.0,0.024,8226,1187,True
PB029B,NS5B,179,A,0.377,0.253,0.124,8226,1187,True
PB029B,NS5B,179,M,0.024,0.505,0.481,8226,1187,True
PB029B,NS5B,180,R,99.634,99.446,0.187,8187,1264,True
PB029B,NS5B,180,P,0.024,0.0,0.024,8187,1264,True
PB029B,NS5B,180,C,0.122,0.158,0.036,8187,1264,True
PB029B,NS5B,180,H,0.134,0.316,0.182,8187,1264,True
PB029B,NS5B,180,L,0.086,0.079,0.006,8187,1264,True
PB029B,NS5B,181,R,0.294,0.236,0.057,7828,1269,True
PB029B,NS5B,181,E,0.383,0.236,0.147,7828,1269,True
PB029B,NS5B,181,Q,0.026,0.0,0.026,7828,1269,True
PB029B,NS5B,181,T,0.945,0.0,0.945,7828,1269,True
PB029B,NS5B,181,N,0.013,0.0,0.013,7828,1269,True
PB029B,NS5B,181,I,0.026,0.0,0.026,7828,1269,True
PB029B,NS5B,181,K,98.288,99.448,1.16,7828,1269,True
PB029B,NS5B,181,M,0.026,0.079,0.053,7828,1269,True
PB029B,NS5B,182,R,0.038,0.0,0.038,7811,1336,True
PB029B,NS5B,182,Q,0.051,0.0,0.051,7811,1336,True
PB029B,NS5B,182,P,0.435,0.674,0.238,7811,1336,True
PB029B,NS5B,182,L,99.475,99.326,0.149,7811,1336,True
PB029B,NS5B,183,T,0.04,0.0,0.04,7461,1417,True
PB029B,NS5B,183,P,99.812,99.788,0.024,7461,1417,True
PB029B,NS5B,183,A,0.013,0.0,0.013,7461,1417,True
PB029B,NS5B,183,H,0.0,0.141,0.141,7461,1417,True
PB029B,NS5B,183,S,0.04,0.071,0.03,7461,1417,True
PB029B,NS5B,183,L,0.094,0.0,0.094,7461,1417,True
PB029B,NS5B,184,Q,0.067,0.203,0.136,7472,1477,True
PB029B,NS5B,184,P,0.468,0.068,0.401,7472,1477,True
PB029B,NS5B,184,S,0.013,0.0,0.013,7472,1477,True
PB029B,NS5B,184,L,99.451,99.729,0.278,7472,1477,True
PB029B,NS5B,185,E,0.0,0.06,0.06,7372,1670,True
PB029B,NS5B,185,G,0.027,0.0,0.027,7372,1670,True
PB029B,NS5B,185,P,0.014,0.12,0.106,7372,1670,True
PB029B,NS5B,185,A,99.824,99.521,0.303,7372,1670,True
PB029B,NS5B,185,S,0.027,0.0,0.027,7372,1670,True
PB029B,NS5B,185,T,0.081,0.12,0.038,7372,1670,True
PB029B,NS5B,185,V,0.027,0.18,0.153,7372,1670,True
PB029B,NS5B,186,E,0.028,0.0,0.028,7035,1622,True
PB029B,NS5B,186,G,0.014,0.0,0.014,7035,1622,True
PB029B,NS5B,186,Q,0.014,0.0,0.014,7035,1622,True
PB029B,NS5B,186,L,0.057,0.0,0.057,7035,1622,True
PB029B,NS5B,186,V,99.119,99.322,0.203,7035,1622,True
PB029B,NS5B,186,A,0.753,0.555,0.199,7035,1622,True
PB029B,NS5B,186,M,0.014,0.123,0.109,7035,1622,True
PB029B,NS5B,187,R,0.114,0.057,0.056,7038,1741,True
PB029B,NS5B,187,L,0.028,0.057,0.029,7038,1741,True
PB029B,NS5B,187,T,0.114,0.172,0.059,7038,1741,True
PB029B,NS5B,187,I,0.142,0.115,0.027,7038,1741,True
PB029B,NS5B,187,V,0.242,0.172,0.069,7038,1741,True
PB029B,NS5B,187,K,0.028,0.0,0.028,7038,1741,True
PB029B,NS5B,187,M,99.332,99.426,0.093,7038,1741,True
PB029B,NS5B,188,R,0.057,0.0,0.057,6962,1801,True
PB029B,NS5B,188,E,0.259,0.111,0.147,6962,1801,True
PB029B,NS5B,188,G,99.512,99.833,0.322,6962,1801,True
PB029B,NS5B,188,*,0.057,0.056,0.002,6962,1801,True
PB029B,NS5B,188,V,0.086,0.0,0.086,6962,1801,True
PB029B,NS5B,188,A,0.029,0.0,0.029,6962,1801,True
PB029B,NS5B,189,R,0.015,0.0,0.015,6591,1906,True
PB029B,NS5B,189,P,99.833,99.318,0.515,6591,1906,True
PB029B,NS5B,189,S,0.091,0.682,0.591,6591,1906,True
PB029B,NS5B,189,L,0.061,0.0,0.061,6591,1906,True
PB029B,NS5B,190,T,0.045,0.043,0.002,6644,2324,True
PB029B,NS5B,190,A,99.624,99.957,0.333,6644,2324,True
PB029B,NS5B,190,S,0.03,0.0,0.03,6644,2324,True
PB029B,NS5B,190,V,0.301,0.0,0.301,6644,2324,True
PB029B,NS5B,191,*,0.049,0.0,0.049,6166,2380,True
PB029B,NS5B,191,C,0.195,0.168,0.027,6166,2380,True
PB029B,NS5B,191,F,0.016,0.0,0.016,6166,2380,True
PB029B,NS5B,191,N,0.016,0.042,0.026,6166,2380,True
PB029B,NS5B,191,H,0.13,0.462,0.332,6166,2380,True
PB029B,NS5B,191,Y,99.595,99.328,0.267,6166,2380,True
PB029B,NS5B,192,R,0.017,0.0,0.017,5733,2541,True
PB029B,NS5B,192,G,99.756,99.882,0.126,5733,2541,True
PB029B,NS5B,192,D,0.105,0.0,0.105,5733,2541,True
PB029B,NS5B,192,A,0.017,0.0,0.017,5733,2541,True
PB029B,NS5B,192,V,0.07,0.0,0.07,5733,2541,True
PB029B,NS5B,192,S,0.035,0.118,0.083,5733,2541,True
PB029B,NS5B,193,I,0.043,0.0,0.043,4703,2636,True
PB029B,NS5B,193,S,0.361,0.341,0.02,4703,2636,True
PB029B,NS5B,193,F,99.128,99.165,0.037,4703,2636,True
PB029B,NS5B,193,L,0.468,0.493,0.025,4703,2636,True
PB029B,NS5B,194,R,0.108,0.608,0.501,4639,2794,True
PB029B,NS5B,194,E,0.043,0.0,0.043,4639,2794,True
PB029B,NS5B,194,Q,99.353,99.213,0.141,4639,2794,True
PB029B,NS5B,194,*,0.345,0.143,0.202,4639,2794,True
PB029B,NS5B,194,L,0.086,0.036,0.05,4639,2794,True
PB029B,NS5B,194,H,0.022,0.0,0.022,4639,2794,True
PB029B,NS5B,194,K,0.043,0.0,0.043,4639,2794,True
PB029B,NS5B,195,*,0.023,0.0,0.023,4417,2847,True
PB029B,NS5B,195,C,0.249,0.07,0.179,4417,2847,True
PB029B,NS5B,195,S,0.0,0.035,0.035,4417,2847,True
PB029B,NS5B,195,N,0.023,0.0,0.023,4417,2847,True
PB029B,NS5B,195,H,0.045,0.07,0.025,4417,2847,True
PB029B,NS5B,195,Y,99.66,99.824,0.164,4417,2847,True
PB029B,NS5B,196,P,0.618,0.49,0.128,4045,2857,True
PB029B,NS5B,196,S,99.11,99.335,0.225,4045,2857,True
PB029B,NS5B,196,T,0.074,0.0,0.074,4045,2857,True
PB029B,NS5B,196,W,0.025,0.035,0.01,4045,2857,True
PB029B,NS5B,196,L,0.173,0.14,0.033,4045,2857,True
PB029B,NS5B,197,R,0.0,0.063,0.063,3309,3196,True
PB029B,NS5B,197,P,99.819,99.844,0.025,3309,3196,True
PB029B,NS5B,197,S,0.03,0.063,0.032,3309,3196,True
PB029B,NS5B,197,T,0.121,0.0,0.121,3309,3196,True
PB029B,NS5B,197,L,0.03,0.031,0.001,3309,3196,True
PB029B,NS5B,198,R,0.479,0.322,0.157,3129,3106,True
PB029B,NS5B,198,E,0.224,0.515,0.291,3129,3106,True
PB029B,NS5B,198,Q,0.064,0.0,0.064,3129,3106,True
PB029B,NS5B,198,*,0.096,0.0,0.096,3129,3106,True
PB029B,NS5B,198,T,0.128,0.0,0.128,3129,3106,True
PB029B,NS5B,198,K,98.977,99.163,0.186,3129,3106,True
PB029B,NS5B,198,M,0.032,0.0,0.032,3129,3106,True
PB029B,NS5B,199,R,0.433,0.095,0.339,2538,3162,True
PB029B,NS5B,199,E,0.236,0.0,0.236,2538,3162,True
PB029B,NS5B,199,Q,99.173,99.842,0.669,2538,3162,True
PB029B,NS5B,199,P,0.0,0.032,0.032,2538,3162,True
PB029B,NS5B,199,*,0.0,0.032,0.032,2538,3162,True
PB029B,NS5B,199,H,0.079,0.0,0.079,2538,3162,True
PB029B,NS5B,199,L,0.079,0.0,0.079,2538,3162,True
PB029B,NS5B,200,R,98.893,99.473,0.58,2348,3225,True
PB029B,NS5B,200,G,0.341,0.0,0.341,2348,3225,True
PB029B,NS5B,200,Q,0.085,0.0,0.085,2348,3225,True
PB029B,NS5B,200,P,0.0,0.124,0.124,2348,3225,True
PB029B,NS5B,200,C,0.043,0.0,0.043,2348,3225,True
PB029B,NS5B,200,S,0.043,0.0,0.043,2348,3225,True
PB029B,NS5B,200,H,0.596,0.341,0.255,2348,3225,True
PB029B,NS5B,200,L,0.0,0.062,0.062,2348,3225,True
PB029B,NS5B,201,G,0.045,0.0,0.045,2232,3373,True
PB029B,NS5B,201,L,0.045,0.03,0.015,2232,3373,True
PB029B,NS5B,201,I,0.09,0.059,0.03,2232,3373,True
PB029B,NS5B,201,V,99.597,99.763,0.166,2232,3373,True
PB029B,NS5B,201,A,0.224,0.089,0.135,2232,3373,True
PB029B,NS5B,201,M,0.0,0.059,0.059,2232,3373,True
PB029B,NS5B,202,E,98.594,99.245,0.651,1991,3312,True
PB029B,NS5B,202,G,0.251,0.574,0.323,1991,3312,True
PB029B,NS5B,202,D,1.005,0.121,0.884,1991,3312,True
PB029B,NS5B,202,V,0.05,0.0,0.05,1991,3312,True
PB029B,NS5B,202,K,0.1,0.06,0.04,1991,3312,True
PB029B,NS5B,203,R,99.832,99.879,0.047,1782,3307,True
PB029B,NS5B,203,C,0.112,0.0,0.112,1782,3307,True
PB029B,NS5B,203,H,0.056,0.091,0.035,1782,3307,True
PB029B,NS5B,203,S,0.0,0.03,0.03,1782,3307,True
PB029B,NS5B,204,R,0.058,0.03,0.028,1739,3348,True
PB029B,NS5B,204,P,0.173,0.358,0.186,1739,3348,True
PB029B,NS5B,204,F,0.173,0.06,0.113,1739,3348,True
PB029B,NS5B,204,H,0.288,0.06,0.228,1739,3348,True
PB029B,NS5B,204,L,99.31,99.492,0.182,1739,3348,True
PB029B,NS5B,205,P,0.689,0.25,0.439,1741,3598,True
PB029B,NS5B,205,F,0.0,0.195,0.195,1741,3598,True
PB029B,NS5B,205,I,0.0,0.083,0.083,1741,3598,True
PB029B,NS5B,205,H,0.23,0.028,0.202,1741,3598,True
PB029B,NS5B,205,L,99.081,99.444,0.363,1741,3598,True
PB029B,NS5B,206,R,0.0,0.738,0.738,1719,3796,True
PB029B,NS5B,206,Q,99.186,98.946,0.239,1719,3796,True
PB029B,NS5B,206,P,0.058,0.026,0.032,1719,3796,True
PB029B,NS5B,206,*,0.058,0.158,0.1,1719,3796,True
PB029B,NS5B,206,L,0.0,0.053,0.053,1719,3796,True
PB029B,NS5B,206,H,0.465,0.079,0.386,1719,3796,True
PB029B,NS5B,206,K,0.233,0.0,0.233,1719,3796,True
PB029B,NS5B,207,L,0.062,0.052,0.01,1605,3831,True
PB029B,NS5B,207,T,0.374,0.261,0.113,1605,3831,True
PB029B,NS5B,207,I,0.0,0.209,0.209,1605,3831,True
PB029B,NS5B,207,V,0.312,0.653,0.341,1605,3831,True
PB029B,NS5B,207,M,99.252,98.825,0.427,1605,3831,True
PB029B,NS5B,208,R,0.372,0.337,0.035,1343,3561,True
PB029B,NS5B,208,G,0.074,0.084,0.01,1343,3561,True
PB029B,NS5B,208,*,0.149,0.309,0.16,1343,3561,True
PB029B,NS5B,208,C,0.074,0.056,0.018,1343,3561,True
PB029B,NS5B,208,W,99.181,99.214,0.033,1343,3561,True
PB029B,NS5B,208,L,0.149,0.0,0.149,1343,3561,True
PB029B,NS5B,209,R,99.844,99.528,0.316,1281,3813,True
PB029B,NS5B,209,P,0.156,0.0,0.156,1281,3813,True
PB029B,NS5B,209,C,0.0,0.052,0.052,1281,3813,True
PB029B,NS5B,209,H,0.0,0.42,0.42,1281,3813,True
PB029B,NS5B,210,P,0.0,0.107,0.107,1165,3744,True
PB029B,NS5B,210,S,0.343,0.053,0.29,1165,3744,True
PB029B,NS5B,210,T,0.172,0.267,0.095,1165,3744,True
PB029B,NS5B,210,V,0.0,0.107,0.107,1165,3744,True
PB029B,NS5B,210,A,99.485,99.466,0.019,1165,3744,True
PB029B,NS5B,211,R,0.792,0.32,0.472,1137,3752,True
PB029B,NS5B,211,E,0.264,0.16,0.104,1137,3752,True
PB029B,NS5B,211,*,0.176,0.0,0.176,1137,3752,True
PB029B,NS5B,211,N,0.088,0.053,0.035,1137,3752,True
PB029B,NS5B,211,K,98.681,99.467,0.786,1137,3752,True
PB031A,NS5B,165,L,100.0,100.0,0.0,1845,112,True
PB031A,NS5B,166,R,0.162,0.0,0.162,1851,154,True
PB031A,NS5B,166,V,0.054,0.0,0.054,1851,154,True
PB031A,NS5B,166,G,99.784,100.0,0.216,1851,154,True
PB031A,NS5B,167,I,0.0,0.262,0.262,1944,381,True
PB031A,NS5B,167,V,99.846,99.213,0.633,1944,381,True
PB031A,NS5B,167,A,0.154,0.525,0.371,1944,381,True
PB031A,NS5B,168,R,99.226,99.02,0.206,1937,408,True
PB031A,NS5B,168,G,0.671,0.735,0.064,1937,408,True
PB031A,NS5B,168,W,0.0,0.245,0.245,1937,408,True
PB031A,NS5B,168,K,0.103,0.0,0.103,1937,408,True
PB031A,NS5B,169,E,0.0,0.178,0.178,1865,563,True
PB031A,NS5B,169,G,0.0,0.178,0.178,1865,563,True
PB031A,NS5B,169,V,99.571,99.467,0.104,1865,563,True
PB031A,NS5B,169,A,0.429,0.0,0.429,1865,563,True
PB031A,NS5B,169,M,0.0,0.178,0.178,1865,563,True
PB031A,NS5B,170,R,0.214,0.163,0.051,1872,615,True
PB031A,NS5B,170,C,97.596,99.187,1.591,1872,615,True
PB031A,NS5B,170,Y,2.19,0.65,1.54,1872,615,True
PB031A,NS5B,171,E,99.726,99.697,0.029,1827,660,True
PB031A,NS5B,171,G,0.109,0.303,0.194,1827,660,True
PB031A,NS5B,171,V,0.164,0.0,0.164,1827,660,True
PB031A,NS5B,172,R,0.222,0.0,0.222,1804,657,True
PB031A,NS5B,172,N,0.111,0.0,0.111,1804,657,True
PB031A,NS5B,172,E,0.166,0.304,0.138,1804,657,True
PB031A,NS5B,172,K,99.446,99.696,0.25,1804,657,True
PB031A,NS5B,172,M,0.055,0.0,0.055,1804,657,True
PB031A,NS5B,173,R,99.607,99.459,0.148,1782,740,True
PB031A,NS5B,173,G,0.056,0.0,0.056,1782,740,True
PB031A,NS5B,173,Q,0.224,0.27,0.046,1782,740,True
PB031A,NS5B,173,P,0.0,0.27,0.27,1782,740,True
PB031A,NS5B,173,W,0.112,0.0,0.112,1782,740,True
PB031A,NS5B,174,T,0.055,0.0,0.055,1812,749,True
PB031A,NS5B,174,P,0.055,0.0,0.055,1812,749,True
PB031A,NS5B,174,A,99.779,99.599,0.18,1812,749,True
PB031A,NS5B,174,V,0.11,0.401,0.29,1812,749,True
PB031A,NS5B,175,R,0.183,0.0,0.183,1640,809,True
PB031A,NS5B,175,P,0.61,0.0,0.61,1640,809,True
PB031A,NS5B,175,V,0.061,0.247,0.186,1640,809,True
PB031A,NS5B,175,L,99.146,99.753,0.606,1640,809,True
PB031A,NS5B,176,*,0.109,0.0,0.109,1833,999,True
PB031A,NS5B,176,C,0.164,0.2,0.037,1833,999,True
PB031A,NS5B,176,S,0.109,0.0,0.109,1833,999,True
PB031A,NS5B,176,N,0.055,0.0,0.055,1833,999,True
PB031A,NS5B,176,H,0.273,0.2,0.073,1833,999,True
PB031A,NS5B,176,Y,99.291,99.6,0.309,1833,999,True
PB031A,NS5B,177,N,0.0,0.202,0.202,1812,989,True
PB031A,NS5B,177,G,0.11,0.202,0.092,1812,989,True
PB031A,NS5B,177,D,99.779,99.596,0.184,1812,989,True
PB031A,NS5B,177,Y,0.11,0.0,0.11,1812,989,True
PB031A,NS5B,178,I,0.116,0.0,0.116,1727,1164,True
PB031A,NS5B,178,G,0.116,0.0,0.116,1727,1164,True
PB031A,NS5B,178,A,0.116,0.258,0.142,1727,1164,True
PB031A,NS5B,178,F,0.058,0.0,0.058,1727,1164,True
PB031A,NS5B,178,V,99.595,99.742,0.148,1727,1164,True
PB031A,NS5B,179,T,99.185,100.0,0.815,1841,1236,True
PB031A,NS5B,179,A,0.652,0.0,0.652,1841,1236,True
PB031A,NS5B,179,S,0.109,0.0,0.109,1841,1236,True
PB031A,NS5B,179,M,0.054,0.0,0.054,1841,1236,True
PB031A,NS5B,180,R,99.372,99.613,0.241,1752,1292,True
PB031A,NS5B,180,P,0.114,0.0,0.114,1752,1292,True
PB031A,NS5B,180,C,0.114,0.155,0.041,1752,1292,True
PB031A,NS5B,180,S,0.0,0.077,0.077,1752,1292,True
PB031A,NS5B,180,H,0.285,0.155,0.131,1752,1292,True
PB031A,NS5B,180,L,0.114,0.0,0.114,1752,1292,True
PB031A,NS5B,181,R,0.238,0.646,0.408,1683,1239,True
PB031A,NS5B,181,T,0.178,0.0,0.178,1683,1239,True
PB031A,NS5B,181,E,0.059,0.0,0.059,1683,1239,True
PB031A,NS5B,181,K,99.465,99.193,0.272,1683,1239,True
PB031A,NS5B,181,M,0.059,0.161,0.102,1683,1239,True
PB031A,NS5B,182,L,99.736,99.207,0.528,1892,1388,True
PB031A,NS5B,182,P,0.264,0.793,0.528,1892,1388,True
PB031A,NS5B,183,T,0.09,0.0,0.09,2212,1468,True
PB031A,NS5B,183,P,99.819,99.864,0.045,2212,1468,True
PB031A,NS5B,183,A,0.0,0.068,0.068,2212,1468,True
PB031A,NS5B,183,S,0.09,0.068,0.022,2212,1468,True
PB031A,NS5B,184,R,0.091,0.133,0.042,2204,1504,True
PB031A,NS5B,184,Q,0.045,0.0,0.045,2204,1504,True
PB031A,NS5B,184,P,1.633,1.529,0.104,2204,1504,True
PB031A,NS5B,184,L,98.23,98.205,0.026,2204,1504,True
PB031A,NS5B,184,M,0.0,0.133,0.133,2204,1504,True
PB031A,NS5B,185,T,0.09,0.126,0.036,2232,1589,True
PB031A,NS5B,185,A,99.821,99.748,0.073,2232,1589,True
PB031A,NS5B,185,V,0.0,0.126,0.126,2232,1589,True
PB031A,NS5B,185,S,0.09,0.0,0.09,2232,1589,True
PB031A,NS5B,186,I,0.092,0.195,0.104,2184,1537,True
PB031A,NS5B,186,V,99.634,99.48,0.154,2184,1537,True
PB031A,NS5B,186,A,0.275,0.195,0.08,2184,1537,True
PB031A,NS5B,186,L,0.0,0.13,0.13,2184,1537,True
PB031A,NS5B,187,T,0.324,0.118,0.206,2161,1692,True
PB031A,NS5B,187,I,0.046,0.118,0.072,2161,1692,True
PB031A,NS5B,187,K,0.278,0.0,0.278,2161,1692,True
PB031A,NS5B,187,V,0.278,0.296,0.018,2161,1692,True
PB031A,NS5B,187,M,99.075,99.468,0.394,2161,1692,True
PB031A,NS5B,188,R,0.0,0.059,0.059,2144,1703,True
PB031A,NS5B,188,E,0.187,0.059,0.128,2144,1703,True
PB031A,NS5B,188,G,99.674,99.765,0.092,2144,1703,True
PB031A,NS5B,188,*,0.0,0.059,0.059,2144,1703,True
PB031A,NS5B,188,A,0.0,0.059,0.059,2144,1703,True
PB031A,NS5B,188,V,0.14,0.0,0.14,2144,1703,True
PB031A,NS5B,189,P,99.672,99.774,0.102,2134,1770,True
PB031A,NS5B,189,S,0.187,0.113,0.074,2134,1770,True
PB031A,NS5B,189,A,0.047,0.0,0.047,2134,1770,True
PB031A,NS5B,189,L,0.094,0.113,0.019,2134,1770,True
PB031A,NS5B,190,P,0.047,0.0,0.047,2150,2193,True
PB031A,NS5B,190,A,99.86,98.86,1.0,2150,2193,True
PB031A,NS5B,190,S,0.0,0.091,0.091,2150,2193,True
PB031A,NS5B,190,T,0.0,0.593,0.593,2150,2193,True
PB031A,NS5B,190,D,0.0,0.319,0.319,2150,2193,True
PB031A,NS5B,190,V,0.093,0.137,0.044,2150,2193,True
PB031A,NS5B,191,*,0.0,0.09,0.09,2120,2221,True
PB031A,NS5B,191,C,0.142,0.135,0.006,2120,2221,True
PB031A,NS5B,191,H,0.094,0.315,0.221,2120,2221,True
PB031A,NS5B,191,D,0.047,0.0,0.047,2120,2221,True
PB031A,NS5B,191,Y,99.717,99.46,0.257,2120,2221,True
PB031A,NS5B,192,S,0.246,0.22,0.026,2033,2275,True
PB031A,NS5B,192,G,99.754,99.78,0.026,2033,2275,True
PB031A,NS5B,193,F,99.066,98.393,0.673,1927,2613,True
PB031A,NS5B,193,S,0.519,0.689,0.17,1927,2613,True
PB031A,NS5B,193,I,0.052,0.038,0.014,1927,2613,True
PB031A,NS5B,193,V,0.0,0.077,0.077,1927,2613,True
PB031A,NS5B,193,L,0.363,0.804,0.44,1927,2613,True
PB031A,NS5B,194,R,0.053,0.533,0.48,1899,2627,True
PB031A,NS5B,194,Q,99.842,99.239,0.603,1899,2627,True
PB031A,NS5B,194,*,0.053,0.038,0.015,1899,2627,True
PB031A,NS5B,194,H,0.053,0.19,0.138,1899,2627,True
PB031A,NS5B,195,*,0.0,0.073,0.073,1890,2734,True
PB031A,NS5B,195,C,0.317,0.073,0.244,1890,2734,True
PB031A,NS5B,195,H,0.106,0.146,0.04,1890,2734,True
PB031A,NS5B,195,Y,99.577,99.707,0.131,1890,2734,True
PB031A,NS5B,196,P,0.114,0.22,0.106,1752,2724,True
PB031A,NS5B,196,A,0.0,0.037,0.037,1752,2724,True
PB031A,NS5B,196,S,99.658,99.523,0.135,1752,2724,True
PB031A,NS5B,196,T,0.114,0.037,0.077,1752,2724,True
PB031A,NS5B,196,W,0.0,0.037,0.037,1752,2724,True
PB031A,NS5B,196,L,0.114,0.147,0.033,1752,2724,True
PB031A,NS5B,197,R,0.0,0.03,0.03,1744,3306,True
PB031A,NS5B,197,P,100.0,99.728,0.272,1744,3306,True
PB031A,NS5B,197,S,0.0,0.06,0.06,1744,3306,True
PB031A,NS5B,197,A,0.0,0.03,0.03,1744,3306,True
PB031A,NS5B,197,L,0.0,0.151,0.151,1744,3306,True
PB031A,NS5B,198,R,0.485,0.641,0.155,1648,3121,True
PB031A,NS5B,198,E,0.243,0.224,0.018,1648,3121,True
PB031A,NS5B,198,Q,0.0,0.064,0.064,1648,3121,True
PB031A,NS5B,198,*,0.182,0.0,0.182,1648,3121,True
PB031A,NS5B,198,K,99.09,98.975,0.115,1648,3121,True
PB031A,NS5B,198,M,0.0,0.096,0.096,1648,3121,True
PB031A,NS5B,199,R,0.202,0.243,0.04,1976,3294,True
PB031A,NS5B,199,Q,99.747,99.605,0.142,1976,3294,True
PB031A,NS5B,199,P,0.0,0.061,0.061,1976,3294,True
PB031A,NS5B,199,*,0.0,0.061,0.061,1976,3294,True
PB031A,NS5B,199,H,0.051,0.03,0.02,1976,3294,True
PB031A,NS5B,200,R,99.746,99.819,0.073,1966,3312,True
PB031A,NS5B,200,G,0.102,0.0,0.102,1966,3312,True
PB031A,NS5B,200,C,0.153,0.03,0.122,1966,3312,True
PB031A,NS5B,200,H,0.0,0.06,0.06,1966,3312,True
PB031A,NS5B,200,L,0.0,0.091,0.091,1966,3312,True
PB031A,NS5B,201,G,0.0,0.031,0.031,1893,3183,True
PB031A,NS5B,201,V,99.947,99.56,0.387,1893,3183,True
PB031A,NS5B,201,A,0.053,0.346,0.293,1893,3183,True
PB031A,NS5B,201,M,0.0,0.063,0.063,1893,3183,True
PB031A,NS5B,202,E,99.337,99.028,0.308,1809,3088,True
PB031A,NS5B,202,G,0.387,0.551,0.164,1809,3088,True
PB031A,NS5B,202,Q,0.111,0.13,0.019,1809,3088,True
PB031A,NS5B,202,K,0.0,0.13,0.13,1809,3088,True
PB031A,NS5B,202,D,0.111,0.13,0.019,1809,3088,True
PB031A,NS5B,202,V,0.0,0.032,0.032,1809,3088,True
PB031A,NS5B,202,A,0.055,0.0,0.055,1809,3088,True
PB031A,NS5B,203,R,99.158,99.656,0.498,1781,3196,True
PB031A,NS5B,203,P,0.0,0.031,0.031,1781,3196,True
PB031A,NS5B,203,C,0.73,0.031,0.699,1781,3196,True
PB031A,NS5B,203,S,0.0,0.031,0.031,1781,3196,True
PB031A,NS5B,203,H,0.112,0.25,0.138,1781,3196,True
PB031A,NS5B,204,R,0.058,0.0,0.058,1735,3211,True
PB031A,NS5B,204,P,0.058,0.498,0.441,1735,3211,True
PB031A,NS5B,204,F,0.231,0.187,0.044,1735,3211,True
PB031A,NS5B,204,V,0.0,0.031,0.031,1735,3211,True
PB031A,NS5B,204,H,0.0,0.031,0.031,1735,3211,True
PB031A,NS5B,204,L,99.654,99.253,0.402,1735,3211,True
PB031A,NS5B,205,I,0.0,0.028,0.028,1799,3573,True
PB031A,NS5B,205,P,0.111,0.308,0.197,1799,3573,True
PB031A,NS5B,205,F,0.167,0.084,0.083,1799,3573,True
PB031A,NS5B,205,L,99.722,99.58,0.142,1799,3573,True
PB031A,NS5B,206,R,0.329,0.293,0.036,1824,3749,True
PB031A,NS5B,206,Q,99.123,99.547,0.424,1824,3749,True
PB031A,NS5B,206,P,0.11,0.0,0.11,1824,3749,True
PB031A,NS5B,206,*,0.164,0.027,0.138,1824,3749,True
PB031A,NS5B,206,H,0.219,0.08,0.139,1824,3749,True
PB031A,NS5B,206,L,0.055,0.053,0.001,1824,3749,True
PB031A,NS5B,207,L,0.168,0.0,0.168,1785,3808,True
PB031A,NS5B,207,T,0.28,0.315,0.035,1785,3808,True
PB031A,NS5B,207,K,0.056,0.0,0.056,1785,3808,True
PB031A,NS5B,207,I,0.0,0.131,0.131,1785,3808,True
PB031A,NS5B,207,V,0.336,0.263,0.074,1785,3808,True
PB031A,NS5B,207,M,99.16,99.291,0.131,1785,3808,True
PB031A,NS5B,208,R,0.0,0.6,0.6,1665,3498,True
PB031A,NS5B,208,G,0.06,0.029,0.031,1665,3498,True
PB031A,NS5B,208,W,99.94,99.285,0.655,1665,3498,True
PB031A,NS5B,208,*,0.0,0.086,0.086,1665,3498,True
PB031A,NS5B,209,R,99.639,99.581,0.059,1663,3815,True
PB031A,NS5B,209,G,0.0,0.079,0.079,1663,3815,True
PB031A,NS5B,209,P,0.0,0.079,0.079,1663,3815,True
PB031A,NS5B,209,H,0.361,0.183,0.177,1663,3815,True
PB031A,NS5B,209,L,0.0,0.079,0.079,1663,3815,True
PB031A,NS5B,210,P,0.185,0.187,0.002,1621,3744,True
PB031A,NS5B,210,S,0.0,0.027,0.027,1621,3744,True
PB031A,NS5B,210,T,0.123,0.24,0.117,1621,3744,True
PB031A,NS5B,210,V,0.0,0.214,0.214,1621,3744,True
PB031A,NS5B,210,A,99.692,99.332,0.359,1621,3744,True
PB031A,NS5B,211,R,0.435,0.346,0.089,1608,3752,True
PB031A,NS5B,211,E,0.373,0.24,0.133,1608,3752,True
PB031A,NS5B,211,Q,0.0,0.027,0.027,1608,3752,True
PB031A,NS5B,211,*,0.0,0.053,0.053,1608,3752,True
PB031A,NS5B,211,N,0.0,0.027,0.027,1608,3752,True
PB031A,NS5B,211,K,99.192,99.147,0.044,1608,3752,True
PB031A,NS5B,211,M,0.0,0.16,0.16,1608,3752,True
ST003A,NS5B,162,N,0.034,0.0,0.034,2901,210,True
ST003A,NS5B,162,C,0.069,0.0,0.069,2901,210,True
ST003A,NS5B,162,H,0.207,0.0,0.207,2901,210,True
ST003A,NS5B,162,Y,99.69,100.0,0.31,2901,210,True
ST003A,NS5B,163,R,0.075,0.0,0.075,2671,322,True
ST003A,NS5B,163,P,99.663,99.379,0.284,2671,322,True
ST003A,NS5B,163,S,0.15,0.0,0.15,2671,322,True
ST003A,NS5B,163,L,0.112,0.621,0.509,2671,322,True
ST003A,NS5B,164,E,0.0,0.268,0.268,2554,373,True
ST003A,NS5B,164,G,0.196,0.0,0.196,2554,373,True
ST003A,NS5B,164,A,0.117,0.0,0.117,2554,373,True
ST003A,NS5B,164,V,0.078,0.0,0.078,2554,373,True
ST003A,NS5B,164,D,99.53,90.08,9.45,2554,373,True
ST003A,NS5B,164,Y,0.078,9.651,9.573,2554,373,True
ST003A,NS5B,165,R,0.147,0.229,0.081,2712,437,True
ST003A,NS5B,165,Q,0.037,0.0,0.037,2712,437,True
ST003A,NS5B,165,P,0.111,0.458,0.347,2712,437,True
ST003A,NS5B,165,L,99.705,99.314,0.392,2712,437,True
ST003A,NS5B,166,R,0.113,0.0,0.113,2659,688,True
ST003A,NS5B,166,E,0.113,0.145,0.033,2659,688,True
ST003A,NS5B,166,G,99.549,99.419,0.13,2659,688,True
ST003A,NS5B,166,W,0.038,0.436,0.398,2659,688,True
ST003A,NS5B,166,V,0.075,0.0,0.075,2659,688,True
ST003A,NS5B,166,A,0.113,0.0,0.113,2659,688,True
ST003A,NS5B,167,E,0.108,0.0,0.108,2783,1200,True
ST003A,NS5B,167,I,0.0,0.25,0.25,2783,1200,True
ST003A,NS5B,167,V,99.605,99.667,0.062,2783,1200,True
ST003A,NS5B,167,A,0.18,0.083,0.096,2783,1200,True
ST003A,NS5B,167,L,0.108,0.0,0.108,2783,1200,True
ST003A,NS5B,168,R,98.783,98.699,0.083,2793,1230,True
ST003A,NS5B,168,G,0.716,0.732,0.016,2793,1230,True
ST003A,NS5B,168,S,0.036,0.163,0.127,2793,1230,True
ST003A,NS5B,168,W,0.0,0.163,0.163,2793,1230,True
ST003A,NS5B,168,K,0.43,0.244,0.186,2793,1230,True
ST003A,NS5B,168,M,0.036,0.0,0.036,2793,1230,True
ST003A,NS5B,169,G,0.0,0.07,0.07,2533,1425,True
ST003A,NS5B,169,V,99.763,99.509,0.254,2533,1425,True
ST003A,NS5B,169,A,0.237,0.14,0.097,2533,1425,True
ST003A,NS5B,169,L,0.0,0.281,0.281,2533,1425,True
ST003A,NS5B,170,R,0.313,0.264,0.049,2557,1518,True
ST003A,NS5B,170,G,0.078,0.0,0.078,2557,1518,True
ST003A,NS5B,170,*,0.0,0.132,0.132,2557,1518,True
ST003A,NS5B,170,C,99.179,99.144,0.035,2557,1518,True
ST003A,NS5B,170,S,0.039,0.264,0.224,2557,1518,True
ST003A,NS5B,170,N,0.039,0.0,0.039,2557,1518,True
ST003A,NS5B,170,Y,0.352,0.198,0.154,2557,1518,True
ST003A,NS5B,171,E,99.515,99.42,0.095,2475,1552,True
ST003A,NS5B,171,K,0.0,0.387,0.387,2475,1552,True
ST003A,NS5B,171,G,0.283,0.193,0.09,2475,1552,True
ST003A,NS5B,171,A,0.081,0.0,0.081,2475,1552,True
ST003A,NS5B,171,V,0.081,0.0,0.081,2475,1552,True
ST003A,NS5B,171,D,0.04,0.0,0.04,2475,1552,True
ST003A,NS5B,172,R,0.402,0.061,0.341,2487,1635,True
ST003A,NS5B,172,E,0.362,0.245,0.117,2487,1635,True
ST003A,NS5B,172,*,0.08,0.061,0.019,2487,1635,True
ST003A,NS5B,172,N,0.04,0.0,0.04,2487,1635,True
ST003A,NS5B,172,K,99.115,99.633,0.518,2487,1635,True
ST003A,NS5B,173,R,99.76,99.597,0.163,2505,2730,True
ST003A,NS5B,173,G,0.0,0.037,0.037,2505,2730,True
ST003A,NS5B,173,Q,0.16,0.073,0.086,2505,2730,True
ST003A,NS5B,173,P,0.04,0.22,0.18,2505,2730,True
ST003A,NS5B,173,W,0.04,0.0,0.04,2505,2730,True
ST003A,NS5B,173,L,0.0,0.073,0.073,2505,2730,True
ST003A,NS5B,174,T,0.0,0.174,0.174,2342,2875,True
ST003A,NS5B,174,E,0.171,0.0,0.171,2342,2875,True
ST003A,NS5B,174,P,0.085,0.0,0.085,2342,2875,True
ST003A,NS5B,174,A,99.573,99.687,0.114,2342,2875,True
ST003A,NS5B,174,V,0.171,0.139,0.032,2342,2875,True
ST003A,NS5B,175,P,0.524,0.621,0.097,2481,3061,True
ST003A,NS5B,175,F,0.081,0.065,0.015,2481,3061,True
ST003A,NS5B,175,L,99.234,99.183,0.051,2481,3061,True
ST003A,NS5B,175,H,0.121,0.131,0.01,2481,3061,True
ST003A,NS5B,175,V,0.04,0.0,0.04,2481,3061,True
ST003A,NS5B,176,*,0.0,0.061,0.061,2442,3270,True
ST003A,NS5B,176,C,0.737,0.183,0.554,2442,3270,True
ST003A,NS5B,176,F,0.041,0.0,0.041,2442,3270,True
ST003A,NS5B,176,S,0.0,0.061,0.061,2442,3270,True
ST003A,NS5B,176,N,0.041,0.0,0.041,2442,3270,True
ST003A,NS5B,176,W,0.0,0.031,0.031,2442,3270,True
ST003A,NS5B,176,H,0.328,0.183,0.144,2442,3270,True
ST003A,NS5B,176,D,0.041,0.0,0.041,2442,3270,True
ST003A,NS5B,176,Y,98.812,99.48,0.668,2442,3270,True
ST003A,NS5B,177,E,0.0,0.062,0.062,2333,3214,True
ST003A,NS5B,177,G,0.814,0.342,0.472,2333,3214,True
ST003A,NS5B,177,N,0.386,0.622,0.237,2333,3214,True
ST003A,NS5B,177,D,98.371,98.88,0.509,2333,3214,True
ST003A,NS5B,177,V,0.086,0.062,0.023,2333,3214,True
ST003A,NS5B,177,H,0.086,0.0,0.086,2333,3214,True
ST003A,NS5B,177,A,0.257,0.0,0.257,2333,3214,True
ST003A,NS5B,177,Y,0.0,0.031,0.031,2333,3214,True
ST003A,NS5B,178,G,0.0,0.03,0.03,2137,3331,True
ST003A,NS5B,178,I,0.0,0.33,0.33,2137,3331,True
ST003A,NS5B,178,D,0.047,0.03,0.017,2137,3331,True
ST003A,NS5B,178,V,99.438,98.979,0.459,2137,3331,True
ST003A,NS5B,178,A,0.515,0.63,0.116,2137,3331,True
ST003A,NS5B,179,T,99.345,99.398,0.053,2289,3489,True
ST003A,NS5B,179,K,0.044,0.0,0.044,2289,3489,True
ST003A,NS5B,179,P,0.131,0.0,0.131,2289,3489,True
ST003A,NS5B,179,A,0.393,0.401,0.008,2289,3489,True
ST003A,NS5B,179,M,0.087,0.201,0.113,2289,3489,True
ST003A,NS5B,180,R,99.598,99.526,0.072,2238,3583,True
ST003A,NS5B,180,G,0.045,0.0,0.045,2238,3583,True
ST003A,NS5B,180,P,0.089,0.056,0.034,2238,3583,True
ST003A,NS5B,180,C,0.0,0.112,0.112,2238,3583,True
ST003A,NS5B,180,H,0.223,0.279,0.056,2238,3583,True
ST003A,NS5B,180,L,0.045,0.028,0.017,2238,3583,True
ST003A,NS5B,181,R,0.23,0.331,0.102,2178,3624,True
ST003A,NS5B,181,E,0.046,0.221,0.175,2178,3624,True
ST003A,NS5B,181,*,0.0,0.083,0.083,2178,3624,True
ST003A,NS5B,181,N,0.046,0.0,0.046,2178,3624,True
ST003A,NS5B,181,K,99.495,99.255,0.24,2178,3624,True
ST003A,NS5B,181,M,0.184,0.11,0.073,2178,3624,True
ST003A,NS5B,182,Q,0.048,0.028,0.02,2080,3619,True
ST003A,NS5B,182,P,0.24,0.276,0.036,2080,3619,True
ST003A,NS5B,182,V,0.0,0.028,0.028,2080,3619,True
ST003A,NS5B,182,L,99.712,99.668,0.043,2080,3619,True
ST003A,NS5B,183,H,0.0,0.027,0.027,1871,3661,True
ST003A,NS5B,183,S,0.0,0.055,0.055,1871,3661,True
ST003A,NS5B,183,P,100.0,99.918,0.082,1871,3661,True
ST003A,NS5B,184,*,0.054,0.027,0.026,1858,3639,True
ST003A,NS5B,184,F,0.108,0.055,0.053,1858,3639,True
ST003A,NS5B,184,S,0.215,0.357,0.142,1858,3639,True
ST003A,NS5B,184,W,0.0,0.11,0.11,1858,3639,True
ST003A,NS5B,184,L,99.623,99.368,0.255,1858,3639,True
ST003A,NS5B,184,M,0.0,0.082,0.082,1858,3639,True
ST003A,NS5B,185,T,0.056,0.105,0.049,1786,3794,True
ST003A,NS5B,185,A,99.832,99.815,0.017,1786,3794,True
ST003A,NS5B,185,S,0.0,0.053,0.053,1786,3794,True
ST003A,NS5B,185,V,0.112,0.026,0.086,1786,3794,True
ST003A,NS5B,186,E,0.0,0.026,0.026,1764,3789,True
ST003A,NS5B,186,V,99.717,99.842,0.125,1764,3789,True
ST003A,NS5B,186,A,0.17,0.106,0.064,1764,3789,True
ST003A,NS5B,186,M,0.113,0.026,0.087,1764,3789,True
ST003A,NS5B,187,R,0.0,0.046,0.046,1776,4334,True
ST003A,NS5B,187,L,0.0,0.023,0.023,1776,4334,True
ST003A,NS5B,187,T,0.113,0.231,0.118,1776,4334,True
ST003A,NS5B,187,I,0.056,0.092,0.036,1776,4334,True
ST003A,NS5B,187,K,0.0,0.023,0.023,1776,4334,True
ST003A,NS5B,187,V,0.169,0.231,0.062,1776,4334,True
ST003A,NS5B,187,M,99.662,99.354,0.308,1776,4334,True
ST003A,NS5B,188,R,0.751,0.112,0.639,1731,4451,True
ST003A,NS5B,188,E,0.404,0.0,0.404,1731,4451,True
ST003A,NS5B,188,G,98.787,99.843,1.056,1731,4451,True
ST003A,NS5B,188,*,0.0,0.045,0.045,1731,4451,True
ST003A,NS5B,188,A,0.058,0.0,0.058,1731,4451,True
ST003A,NS5B,189,P,99.48,99.719,0.239,1732,4627,True
ST003A,NS5B,189,S,0.231,0.022,0.209,1732,4627,True
ST003A,NS5B,189,A,0.058,0.0,0.058,1732,4627,True
ST003A,NS5B,189,L,0.231,0.259,0.028,1732,4627,True
ST003A,NS5B,190,T,0.111,0.246,0.135,1799,5279,True
ST003A,NS5B,190,G,0.056,0.0,0.056,1799,5279,True
ST003A,NS5B,190,V,0.0,0.076,0.076,1799,5279,True
ST003A,NS5B,190,A,99.833,99.678,0.155,1799,5279,True
ST003A,NS5B,191,*,0.0,0.038,0.038,1689,5276,True
ST003A,NS5B,191,C,0.0,0.095,0.095,1689,5276,True
ST003A,NS5B,191,N,0.118,0.019,0.099,1689,5276,True
ST003A,NS5B,191,H,0.237,0.379,0.142,1689,5276,True
ST003A,NS5B,191,Y,99.645,99.469,0.175,1689,5276,True
ST003A,NS5B,192,G,99.457,99.676,0.219,1658,5557,True
ST003A,NS5B,192,A,0.0,0.018,0.018,1658,5557,True
ST003A,NS5B,192,C,0.0,0.036,0.036,1658,5557,True
ST003A,NS5B,192,S,0.06,0.108,0.048,1658,5557,True
ST003A,NS5B,192,D,0.483,0.162,0.321,1658,5557,True
ST003A,NS5B,193,P,0.0,0.018,0.018,1329,5657,True
ST003A,NS5B,193,F,99.323,99.169,0.154,1329,5657,True
ST003A,NS5B,193,S,0.376,0.301,0.076,1329,5657,True
ST003A,NS5B,193,I,0.0,0.088,0.088,1329,5657,True
ST003A,NS5B,193,V,0.0,0.035,0.035,1329,5657,True
ST003A,NS5B,193,L,0.301,0.371,0.07,1329,5657,True
ST003A,NS5B,193,Y,0.0,0.018,0.018,1329,5657,True
ST003A,NS5B,194,R,0.499,0.288,0.211,1404,5904,True
ST003A,NS5B,194,Q,99.501,99.577,0.075,1404,5904,True
ST003A,NS5B,194,*,0.0,0.085,0.085,1404,5904,True
ST003A,NS5B,194,H,0.0,0.034,0.034,1404,5904,True
ST003A,NS5B,194,L,0.0,0.017,0.017,1404,5904,True
ST003A,NS5B,195,*,0.0,0.016,0.016,1361,6116,True
ST003A,NS5B,195,C,0.514,0.131,0.384,1361,6116,True
ST003A,NS5B,195,F,0.22,0.0,0.22,1361,6116,True
ST003A,NS5B,195,S,0.0,0.016,0.016,1361,6116,True
ST003A,NS5B,195,N,0.0,0.016,0.016,1361,6116,True
ST003A,NS5B,195,H,0.073,0.131,0.057,1361,6116,True
ST003A,NS5B,195,Y,99.192,99.689,0.498,1361,6116,True
ST003A,NS5B,196,P,0.23,0.263,0.033,1304,6076,True
ST003A,NS5B,196,*,0.0,0.033,0.033,1304,6076,True
ST003A,NS5B,196,S,99.617,99.49,0.127,1304,6076,True
ST003A,NS5B,196,L,0.0,0.148,0.148,1304,6076,True
ST003A,NS5B,196,T,0.153,0.033,0.12,1304,6076,True
ST003A,NS5B,196,A,0.0,0.033,0.033,1304,6076,True
ST003A,NS5B,197,P,99.766,99.739,0.027,1284,6908,True
ST003A,NS5B,197,F,0.0,0.029,0.029,1284,6908,True
ST003A,NS5B,197,S,0.078,0.116,0.038,1284,6908,True
ST003A,NS5B,197,H,0.156,0.029,0.127,1284,6908,True
ST003A,NS5B,197,L,0.0,0.087,0.087,1284,6908,True
ST003A,NS5B,198,R,0.081,0.281,0.2,1234,6753,True
ST003A,NS5B,198,E,0.567,0.133,0.434,1234,6753,True
ST003A,NS5B,198,T,0.162,0.0,0.162,1234,6753,True
ST003A,NS5B,198,N,0.0,0.03,0.03,1234,6753,True
ST003A,NS5B,198,K,99.19,99.497,0.307,1234,6753,True
ST003A,NS5B,198,M,0.0,0.059,0.059,1234,6753,True
ST003A,NS5B,199,R,0.2,0.121,0.078,1002,6595,True
ST003A,NS5B,199,Q,99.8,99.712,0.088,1002,6595,True
ST003A,NS5B,199,P,0.0,0.03,0.03,1002,6595,True
ST003A,NS5B,199,*,0.0,0.061,0.061,1002,6595,True
ST003A,NS5B,199,H,0.0,0.03,0.03,1002,6595,True
ST003A,NS5B,199,L,0.0,0.045,0.045,1002,6595,True
ST003A,NS5B,200,R,99.075,99.637,0.562,973,6610,True
ST003A,NS5B,200,G,0.206,0.03,0.175,973,6610,True
ST003A,NS5B,200,P,0.0,0.045,0.045,973,6610,True
ST003A,NS5B,200,C,0.0,0.121,0.121,973,6610,True
ST003A,NS5B,200,S,0.411,0.0,0.411,973,6610,True
ST003A,NS5B,200,H,0.308,0.166,0.142,973,6610,True
ST003A,NS5B,201,E,0.0,0.031,0.031,931,6435,True
ST003A,NS5B,201,G,0.107,0.016,0.092,931,6435,True
ST003A,NS5B,201,L,0.0,0.031,0.031,931,6435,True
ST003A,NS5B,201,V,99.57,99.518,0.052,931,6435,True
ST003A,NS5B,201,A,0.215,0.218,0.003,931,6435,True
ST003A,NS5B,201,M,0.107,0.186,0.079,931,6435,True
ST003A,NS5B,202,E,99.136,99.377,0.241,810,6101,True
ST003A,NS5B,202,G,0.494,0.229,0.264,810,6101,True
ST003A,NS5B,202,Q,0.0,0.033,0.033,810,6101,True
ST003A,NS5B,202,*,0.0,0.016,0.016,810,6101,True
ST003A,NS5B,202,A,0.123,0.049,0.074,810,6101,True
ST003A,NS5B,202,D,0.123,0.082,0.042,810,6101,True
ST003A,NS5B,202,V,0.0,0.082,0.082,810,6101,True
ST003A,NS5B,202,K,0.123,0.131,0.008,810,6101,True
ST003A,NS5B,203,R,99.759,99.59,0.169,829,6343,True
ST003A,NS5B,203,P,0.0,0.032,0.032,829,6343,True
ST003A,NS5B,203,C,0.241,0.189,0.052,829,6343,True
ST003A,NS5B,203,H,0.0,0.173,0.173,829,6343,True
ST003A,NS5B,203,S,0.0,0.016,0.016,829,6343,True
ST003A,NS5B,204,R,0.0,0.034,0.034,773,5937,True
ST003A,NS5B,204,P,1.035,0.404,0.631,773,5937,True
ST003A,NS5B,204,F,0.776,0.135,0.641,773,5937,True
ST003A,NS5B,204,I,0.0,0.051,0.051,773,5937,True
ST003A,NS5B,204,V,0.0,0.084,0.084,773,5937,True
ST003A,NS5B,204,H,0.647,0.168,0.478,773,5937,True
ST003A,NS5B,204,L,97.542,99.124,1.582,773,5937,True
ST003A,NS5B,205,R,0.0,0.029,0.029,814,6940,True
ST003A,NS5B,205,P,0.246,0.274,0.028,814,6940,True
ST003A,NS5B,205,F,0.0,0.144,0.144,814,6940,True
ST003A,NS5B,205,V,0.0,0.014,0.014,814,6940,True
ST003A,NS5B,205,H,0.0,0.029,0.029,814,6940,True
ST003A,NS5B,205,L,99.754,99.51,0.244,814,6940,True
ST003A,NS5B,206,R,0.357,0.39,0.033,841,7436,True
ST003A,NS5B,206,E,0.0,0.013,0.013,841,7436,True
ST003A,NS5B,206,Q,99.287,99.018,0.268,841,7436,True
ST003A,NS5B,206,P,0.0,0.027,0.027,841,7436,True
ST003A,NS5B,206,*,0.357,0.202,0.155,841,7436,True
ST003A,NS5B,206,H,0.0,0.081,0.081,841,7436,True
ST003A,NS5B,206,L,0.0,0.269,0.269,841,7436,True
ST003A,NS5B,207,R,0.0,0.027,0.027,793,7430,True
ST003A,NS5B,207,L,0.0,0.108,0.108,793,7430,True
ST003A,NS5B,207,T,0.378,0.35,0.028,793,7430,True
ST003A,NS5B,207,I,0.252,0.081,0.171,793,7430,True
ST003A,NS5B,207,K,0.0,0.027,0.027,793,7430,True
ST003A,NS5B,207,V,0.631,0.269,0.361,793,7430,True
ST003A,NS5B,207,M,98.739,99.139,0.4,793,7430,True
ST003A,NS5B,208,R,0.613,0.546,0.067,652,6772,True
ST003A,NS5B,208,G,0.0,0.03,0.03,652,6772,True
ST003A,NS5B,208,*,0.153,0.325,0.171,652,6772,True
ST003A,NS5B,208,C,0.0,0.074,0.074,652,6772,True
ST003A,NS5B,208,W,99.233,98.996,0.237,652,6772,True
ST003A,NS5B,208,L,0.0,0.03,0.03,652,6772,True
ST003A,NS5B,209,R,99.517,99.301,0.216,621,7295,True
ST003A,NS5B,209,G,0.0,0.055,0.055,621,7295,True
ST003A,NS5B,209,P,0.0,0.014,0.014,621,7295,True
ST003A,NS5B,209,C,0.161,0.439,0.278,621,7295,True
ST003A,NS5B,209,S,0.322,0.0,0.322,621,7295,True
ST003A,NS5B,209,H,0.0,0.123,0.123,621,7295,True
ST003A,NS5B,209,L,0.0,0.069,0.069,621,7295,True
ST003A,NS5B,210,T,0.523,0.263,0.26,574,7236,True
ST003A,NS5B,210,P,0.0,0.014,0.014,574,7236,True
ST003A,NS5B,210,V,0.0,0.028,0.028,574,7236,True
ST003A,NS5B,210,A,99.477,99.696,0.219,574,7236,True
ST003A,NS5B,211,R,0.0,0.407,0.407,545,7126,True
ST003A,NS5B,211,E,1.284,0.351,0.934,545,7126,True
ST003A,NS5B,211,Q,0.0,0.014,0.014,545,7126,True
ST003A,NS5B,211,*,0.183,0.028,0.155,545,7126,True
ST003A,NS5B,211,T,0.0,0.028,0.028,545,7126,True
ST003A,NS5B,211,N,0.0,0.028,0.028,545,7126,True
ST003A,NS5B,211,K,98.532,99.074,0.542,545,7126,True
ST003A,NS5B,211,M,0.0,0.07,0.07,545,7126,True
ST003B,NS5B,162,*,0.162,0.635,0.473,3083,315,True
ST003B,NS5B,162,C,0.357,0.635,0.278,3083,315,True
ST003B,NS5B,162,F,0.032,0.0,0.032,3083,315,True
ST003B,NS5B,162,H,0.195,0.317,0.123,3083,315,True
ST003B,NS5B,162,Y,99.254,98.413,0.841,3083,315,True
ST003B,NS5B,163,P,99.792,99.392,0.4,2887,329,True
ST003B,NS5B,163,S,0.0,0.304,0.304,2887,329,True
ST003B,NS5B,163,H,0.104,0.0,0.104,2887,329,True
ST003B,NS5B,163,A,0.035,0.304,0.269,2887,329,True
ST003B,NS5B,163,L,0.069,0.0,0.069,2887,329,True
ST003B,NS5B,164,E,0.071,0.0,0.071,2820,356,True
ST003B,NS5B,164,N,0.106,0.0,0.106,2820,356,True
ST003B,NS5B,164,G,0.284,0.0,0.284,2820,356,True
ST003B,NS5B,164,A,0.035,0.0,0.035,2820,356,True
ST003B,NS5B,164,V,0.035,0.0,0.035,2820,356,True
ST003B,NS5B,164,D,99.468,100.0,0.532,2820,356,True
ST003B,NS5B,165,R,0.034,0.0,0.034,2928,395,True
ST003B,NS5B,165,Q,0.102,0.0,0.102,2928,395,True
ST003B,NS5B,165,P,0.273,0.253,0.02,2928,395,True
ST003B,NS5B,165,L,99.59,99.747,0.157,2928,395,True
ST003B,NS5B,166,R,0.137,0.0,0.137,2911,517,True
ST003B,NS5B,166,E,0.069,1.934,1.866,2911,517,True
ST003B,NS5B,166,G,99.76,98.066,1.694,2911,517,True
ST003B,NS5B,166,A,0.034,0.0,0.034,2911,517,True
ST003B,NS5B,167,I,0.067,0.0,0.067,3003,730,True
ST003B,NS5B,167,G,0.033,0.0,0.033,3003,730,True
ST003B,NS5B,167,V,99.867,100.0,0.133,3003,730,True
ST003B,NS5B,167,A,0.033,0.0,0.033,3003,730,True
ST003B,NS5B,168,R,99.38,99.488,0.108,3064,977,True
ST003B,NS5B,168,G,0.392,0.205,0.187,3064,977,True
ST003B,NS5B,168,S,0.033,0.102,0.07,3064,977,True
ST003B,NS5B,168,T,0.033,0.0,0.033,3064,977,True
ST003B,NS5B,168,W,0.131,0.0,0.131,3064,977,True
ST003B,NS5B,168,K,0.033,0.205,0.172,3064,977,True
ST003B,NS5B,169,G,0.035,0.0,0.035,2837,1186,True
ST003B,NS5B,169,A,0.106,0.084,0.021,2837,1186,True
ST003B,NS5B,169,V,99.683,99.747,0.064,2837,1186,True
ST003B,NS5B,169,L,0.07,0.0,0.07,2837,1186,True
ST003B,NS5B,169,M,0.106,0.169,0.063,2837,1186,True
ST003B,NS5B,170,R,0.595,0.0,0.595,2857,1268,True
ST003B,NS5B,170,G,0.035,0.0,0.035,2857,1268,True
ST003B,NS5B,170,*,0.07,0.0,0.07,2857,1268,True
ST003B,NS5B,170,C,98.985,99.921,0.936,2857,1268,True
ST003B,NS5B,170,S,0.21,0.079,0.131,2857,1268,True
ST003B,NS5B,170,W,0.035,0.0,0.035,2857,1268,True
ST003B,NS5B,170,Y,0.07,0.0,0.07,2857,1268,True
ST003B,NS5B,171,E,99.428,99.45,0.022,2797,1272,True
ST003B,NS5B,171,G,0.393,0.314,0.079,2797,1272,True
ST003B,NS5B,171,V,0.107,0.079,0.029,2797,1272,True
ST003B,NS5B,171,K,0.072,0.157,0.086,2797,1272,True
ST003B,NS5B,172,R,0.285,0.0,0.285,2807,1296,True
ST003B,NS5B,172,E,0.178,0.0,0.178,2807,1296,True
ST003B,NS5B,172,N,0.036,0.0,0.036,2807,1296,True
ST003B,NS5B,172,K,99.501,100.0,0.499,2807,1296,True
ST003B,NS5B,173,R,99.785,99.531,0.254,2788,1492,True
ST003B,NS5B,173,Q,0.036,0.268,0.232,2788,1492,True
ST003B,NS5B,173,P,0.072,0.067,0.005,2788,1492,True
ST003B,NS5B,173,W,0.072,0.134,0.062,2788,1492,True
ST003B,NS5B,173,L,0.036,0.0,0.036,2788,1492,True
ST003B,NS5B,174,T,0.073,0.064,0.009,2735,1552,True
ST003B,NS5B,174,G,0.0,0.129,0.129,2735,1552,True
ST003B,NS5B,174,P,0.11,0.129,0.019,2735,1552,True
ST003B,NS5B,174,A,99.817,99.678,0.139,2735,1552,True
ST003B,NS5B,175,P,0.284,1.187,0.903,2818,1769,True
ST003B,NS5B,175,F,0.035,0.17,0.134,2818,1769,True
ST003B,NS5B,175,L,99.681,98.643,1.037,2818,1769,True
ST003B,NS5B,176,*,0.036,0.052,0.016,2768,1933,True
ST003B,NS5B,176,C,0.434,0.207,0.227,2768,1933,True
ST003B,NS5B,176,F,0.072,0.155,0.083,2768,1933,True
ST003B,NS5B,176,N,0.036,0.052,0.016,2768,1933,True
ST003B,NS5B,176,H,0.036,0.052,0.016,2768,1933,True
ST003B,NS5B,176,Y,99.386,99.483,0.097,2768,1933,True
ST003B,NS5B,177,E,0.074,0.0,0.074,2699,1846,True
ST003B,NS5B,177,G,0.0,0.596,0.596,2699,1846,True
ST003B,NS5B,177,N,0.0,1.029,1.029,2699,1846,True
ST003B,NS5B,177,D,99.815,98.267,1.548,2699,1846,True
ST003B,NS5B,177,V,0.037,0.0,0.037,2699,1846,True
ST003B,NS5B,177,A,0.074,0.108,0.034,2699,1846,True
ST003B,NS5B,178,G,0.122,0.0,0.122,2456,1947,True
ST003B,NS5B,178,I,0.163,0.051,0.112,2456,1947,True
ST003B,NS5B,178,D,0.0,0.051,0.051,2456,1947,True
ST003B,NS5B,178,V,98.412,99.23,0.818,2456,1947,True
ST003B,NS5B,178,A,1.303,0.668,0.635,2456,1947,True
ST003B,NS5B,179,R,0.038,0.0,0.038,2607,2166,True
ST003B,NS5B,179,P,0.153,0.046,0.107,2607,2166,True
ST003B,NS5B,179,T,99.386,99.215,0.171,2607,2166,True
ST003B,NS5B,179,A,0.384,0.693,0.309,2607,2166,True
ST003B,NS5B,179,M,0.038,0.046,0.008,2607,2166,True
ST003B,NS5B,180,R,99.722,99.519,0.204,2521,2286,True
ST003B,NS5B,180,G,0.0,0.044,0.044,2521,2286,True
ST003B,NS5B,180,P,0.0,0.131,0.131,2521,2286,True
ST003B,NS5B,180,C,0.159,0.131,0.027,2521,2286,True
ST003B,NS5B,180,S,0.0,0.044,0.044,2521,2286,True
ST003B,NS5B,180,H,0.119,0.131,0.012,2521,2286,True
ST003B,NS5B,181,R,0.282,0.311,0.028,2479,2252,True
ST003B,NS5B,181,E,0.282,0.089,0.194,2479,2252,True
ST003B,NS5B,181,*,0.081,0.0,0.081,2479,2252,True
ST003B,NS5B,181,T,0.0,0.044,0.044,2479,2252,True
ST003B,NS5B,181,K,99.193,99.556,0.363,2479,2252,True
ST003B,NS5B,181,M,0.161,0.0,0.161,2479,2252,True
ST003B,NS5B,182,L,99.834,99.639,0.195,2413,2218,True
ST003B,NS5B,182,P,0.166,0.361,0.195,2413,2218,True
ST003B,NS5B,183,P,99.954,99.781,0.174,2194,2281,True
ST003B,NS5B,183,S,0.0,0.088,0.088,2194,2281,True
ST003B,NS5B,183,H,0.0,0.088,0.088,2194,2281,True
ST003B,NS5B,183,A,0.046,0.044,0.002,2194,2281,True
ST003B,NS5B,184,*,0.0,0.177,0.177,2177,2264,True
ST003B,NS5B,184,S,0.092,0.088,0.004,2177,2264,True
ST003B,NS5B,184,V,0.0,4.417,4.417,2177,2264,True
ST003B,NS5B,184,L,99.816,95.23,4.587,2177,2264,True
ST003B,NS5B,184,M,0.092,0.088,0.004,2177,2264,True
ST003B,NS5B,185,T,0.0,0.124,0.124,2082,2410,True
ST003B,NS5B,185,G,0.0,0.083,0.083,2082,2410,True
ST003B,NS5B,185,A,99.856,99.668,0.188,2082,2410,True
ST003B,NS5B,185,S,0.0,0.041,0.041,2082,2410,True
ST003B,NS5B,185,V,0.144,0.083,0.061,2082,2410,True
ST003B,NS5B,186,E,0.048,0.0,0.048,2070,2411,True
ST003B,NS5B,186,V,99.807,99.378,0.429,2070,2411,True
ST003B,NS5B,186,A,0.145,0.581,0.436,2070,2411,True
ST003B,NS5B,186,L,0.0,0.041,0.041,2070,2411,True
ST003B,NS5B,187,L,0.094,0.0,0.094,2125,3109,True
ST003B,NS5B,187,T,0.047,0.129,0.082,2125,3109,True
ST003B,NS5B,187,I,0.094,0.129,0.035,2125,3109,True
ST003B,NS5B,187,K,0.094,0.032,0.062,2125,3109,True
ST003B,NS5B,187,V,0.188,0.064,0.124,2125,3109,True
ST003B,NS5B,187,M,99.482,99.646,0.164,2125,3109,True
ST003B,NS5B,188,R,0.049,0.129,0.08,2058,3105,True
ST003B,NS5B,188,E,0.097,0.129,0.032,2058,3105,True
ST003B,NS5B,188,G,99.757,99.614,0.144,2058,3105,True
ST003B,NS5B,188,*,0.049,0.032,0.016,2058,3105,True
ST003B,NS5B,188,V,0.049,0.097,0.048,2058,3105,True
ST003B,NS5B,189,T,0.099,0.0,0.099,2025,3262,True
ST003B,NS5B,189,Q,0.099,0.0,0.099,2025,3262,True
ST003B,NS5B,189,P,99.556,99.877,0.322,2025,3262,True
ST003B,NS5B,189,S,0.198,0.092,0.106,2025,3262,True
ST003B,NS5B,189,L,0.049,0.031,0.019,2025,3262,True
ST003B,NS5B,190,V,0.047,0.132,0.084,2115,3795,True
ST003B,NS5B,190,A,99.953,99.868,0.084,2115,3795,True
ST003B,NS5B,191,*,0.0,0.053,0.053,1995,3790,True
ST003B,NS5B,191,C,0.251,0.053,0.198,1995,3790,True
ST003B,NS5B,191,F,0.0,0.053,0.053,1995,3790,True
ST003B,NS5B,191,S,0.0,0.026,0.026,1995,3790,True
ST003B,NS5B,191,N,0.1,0.026,0.074,1995,3790,True
ST003B,NS5B,191,H,0.1,0.237,0.137,1995,3790,True
ST003B,NS5B,191,Y,99.549,99.551,0.003,1995,3790,True
ST003B,NS5B,192,G,99.847,99.686,0.16,1955,4146,True
ST003B,NS5B,192,C,0.102,0.0,0.102,1955,4146,True
ST003B,NS5B,192,A,0.0,0.048,0.048,1955,4146,True
ST003B,NS5B,192,S,0.0,0.145,0.145,1955,4146,True
ST003B,NS5B,192,D,0.0,0.096,0.096,1955,4146,True
ST003B,NS5B,192,V,0.051,0.024,0.027,1955,4146,True
ST003B,NS5B,193,C,0.0,0.024,0.024,1674,4230,True
ST003B,NS5B,193,F,98.387,97.541,0.846,1674,4230,True
ST003B,NS5B,193,S,1.254,1.797,0.542,1674,4230,True
ST003B,NS5B,193,I,0.06,0.095,0.035,1674,4230,True
ST003B,NS5B,193,H,0.0,0.024,0.024,1674,4230,True
ST003B,NS5B,193,L,0.299,0.52,0.221,1674,4230,True
ST003B,NS5B,194,R,0.293,0.392,0.1,1709,4845,True
ST003B,NS5B,194,E,0.059,0.021,0.038,1709,4845,True
ST003B,NS5B,194,Q,99.59,99.381,0.21,1709,4845,True
ST003B,NS5B,194,*,0.059,0.041,0.017,1709,4845,True
ST003B,NS5B,194,L,0.0,0.083,0.083,1709,4845,True
ST003B,NS5B,194,H,0.0,0.021,0.021,1709,4845,True
ST003B,NS5B,194,K,0.0,0.062,0.062,1709,4845,True
ST003B,NS5B,195,C,0.42,0.06,0.36,1666,5000,True
ST003B,NS5B,195,S,0.06,0.0,0.06,1666,5000,True
ST003B,NS5B,195,H,0.06,0.06,0.0,1666,5000,True
ST003B,NS5B,195,D,0.0,0.02,0.02,1666,5000,True
ST003B,NS5B,195,Y,99.46,99.86,0.4,1666,5000,True
ST003B,NS5B,196,P,0.455,0.332,0.123,1538,4813,True
ST003B,NS5B,196,S,99.415,99.397,0.017,1538,4813,True
ST003B,NS5B,196,T,0.0,0.021,0.021,1538,4813,True
ST003B,NS5B,196,W,0.0,0.021,0.021,1538,4813,True
ST003B,NS5B,196,L,0.13,0.229,0.099,1538,4813,True
ST003B,NS5B,197,P,99.19,99.771,0.581,1481,5675,True
ST003B,NS5B,197,S,0.27,0.07,0.2,1481,5675,True
ST003B,NS5B,197,T,0.135,0.0,0.135,1481,5675,True
ST003B,NS5B,197,H,0.0,0.035,0.035,1481,5675,True
ST003B,NS5B,197,L,0.405,0.123,0.282,1481,5675,True
ST003B,NS5B,198,R,0.274,0.447,0.173,1461,5374,True
ST003B,NS5B,198,E,0.205,0.186,0.019,1461,5374,True
ST003B,NS5B,198,T,0.0,0.056,0.056,1461,5374,True
ST003B,NS5B,198,N,0.0,0.019,0.019,1461,5374,True
ST003B,NS5B,198,K,99.521,99.218,0.302,1461,5374,True
ST003B,NS5B,198,M,0.0,0.074,0.074,1461,5374,True
ST003B,NS5B,199,R,0.579,0.183,0.397,1208,5473,True
ST003B,NS5B,199,E,0.0,0.037,0.037,1208,5473,True
ST003B,NS5B,199,Q,99.338,99.708,0.37,1208,5473,True
ST003B,NS5B,199,P,0.083,0.037,0.046,1208,5473,True
ST003B,NS5B,199,H,0.0,0.018,0.018,1208,5473,True
ST003B,NS5B,199,L,0.0,0.018,0.018,1208,5473,True
ST003B,NS5B,200,R,99.912,99.676,0.236,1135,5551,True
ST003B,NS5B,200,G,0.0,0.054,0.054,1135,5551,True
ST003B,NS5B,200,C,0.088,0.126,0.038,1135,5551,True
ST003B,NS5B,200,H,0.0,0.144,0.144,1135,5551,True
ST003B,NS5B,201,G,0.092,0.0,0.092,1084,5250,True
ST003B,NS5B,201,V,99.815,99.676,0.139,1084,5250,True
ST003B,NS5B,201,A,0.092,0.171,0.079,1084,5250,True
ST003B,NS5B,201,L,0.0,0.057,0.057,1084,5250,True
ST003B,NS5B,201,M,0.0,0.095,0.095,1084,5250,True
ST003B,NS5B,202,E,99.493,99.392,0.101,987,4772,True
ST003B,NS5B,202,G,0.304,0.272,0.032,987,4772,True
ST003B,NS5B,202,K,0.0,0.084,0.084,987,4772,True
ST003B,NS5B,202,D,0.101,0.105,0.003,987,4772,True
ST003B,NS5B,202,V,0.0,0.147,0.147,987,4772,True
ST003B,NS5B,202,A,0.101,0.0,0.101,987,4772,True
ST003B,NS5B,203,R,99.301,99.631,0.329,1002,5145,True
ST003B,NS5B,203,P,0.0,0.039,0.039,1002,5145,True
ST003B,NS5B,203,C,0.499,0.117,0.382,1002,5145,True
ST003B,NS5B,203,S,0.0,0.019,0.019,1002,5145,True
ST003B,NS5B,203,H,0.2,0.194,0.005,1002,5145,True
ST003B,NS5B,204,P,0.962,0.599,0.362,936,4673,True
ST003B,NS5B,204,F,0.0,0.235,0.235,936,4673,True
ST003B,NS5B,204,I,0.214,0.064,0.149,936,4673,True
ST003B,NS5B,204,V,0.0,0.086,0.086,936,4673,True
ST003B,NS5B,204,H,0.0,0.064,0.064,936,4673,True
ST003B,NS5B,204,L,98.825,98.951,0.127,936,4673,True
ST003B,NS5B,205,R,0.0,0.07,0.07,962,5675,True
ST003B,NS5B,205,P,0.104,0.317,0.213,962,5675,True
ST003B,NS5B,205,F,0.0,0.053,0.053,962,5675,True
ST003B,NS5B,205,I,0.0,0.018,0.018,962,5675,True
ST003B,NS5B,205,V,0.0,0.018,0.018,962,5675,True
ST003B,NS5B,205,H,0.416,0.053,0.363,962,5675,True
ST003B,NS5B,205,L,99.48,99.471,0.009,962,5675,True
ST003B,NS5B,206,R,0.101,0.237,0.136,990,6340,True
ST003B,NS5B,206,E,0.0,0.032,0.032,990,6340,True
ST003B,NS5B,206,Q,99.697,99.401,0.296,990,6340,True
ST003B,NS5B,206,P,0.101,0.016,0.085,990,6340,True
ST003B,NS5B,206,*,0.0,0.142,0.142,990,6340,True
ST003B,NS5B,206,L,0.0,0.047,0.047,990,6340,True
ST003B,NS5B,206,H,0.0,0.095,0.095,990,6340,True
ST003B,NS5B,206,K,0.101,0.032,0.069,990,6340,True
ST003B,NS5B,207,R,0.0,0.016,0.016,944,6350,True
ST003B,NS5B,207,A,0.0,0.016,0.016,944,6350,True
ST003B,NS5B,207,L,0.0,0.031,0.031,944,6350,True
ST003B,NS5B,207,T,0.424,0.378,0.046,944,6350,True
ST003B,NS5B,207,K,0.0,0.047,0.047,944,6350,True
ST003B,NS5B,207,I,0.0,0.016,0.016,944,6350,True
ST003B,NS5B,207,V,0.742,2.031,1.29,944,6350,True
ST003B,NS5B,207,M,98.835,97.465,1.37,944,6350,True
ST003B,NS5B,208,R,0.248,0.373,0.125,808,5637,True
ST003B,NS5B,208,G,0.248,0.0,0.248,808,5637,True
ST003B,NS5B,208,*,0.0,0.106,0.106,808,5637,True
ST003B,NS5B,208,C,0.0,0.035,0.035,808,5637,True
ST003B,NS5B,208,W,99.505,99.468,0.037,808,5637,True
ST003B,NS5B,208,L,0.0,0.018,0.018,808,5637,True
ST003B,NS5B,209,R,100.0,99.539,0.461,799,6294,True
ST003B,NS5B,209,G,0.0,0.032,0.032,799,6294,True
ST003B,NS5B,209,P,0.0,0.032,0.032,799,6294,True
ST003B,NS5B,209,C,0.0,0.222,0.222,799,6294,True
ST003B,NS5B,209,S,0.0,0.048,0.048,799,6294,True
ST003B,NS5B,209,H,0.0,0.111,0.111,799,6294,True
ST003B,NS5B,209,L,0.0,0.016,0.016,799,6294,True
ST003B,NS5B,210,T,0.0,0.113,0.113,747,6184,True
ST003B,NS5B,210,P,0.0,0.065,0.065,747,6184,True
ST003B,NS5B,210,A,97.724,99.741,2.017,747,6184,True
ST003B,NS5B,210,S,0.0,0.032,0.032,747,6184,True
ST003B,NS5B,210,V,2.276,0.049,2.227,747,6184,True
ST003B,NS5B,211,R,0.139,0.254,0.116,721,5894,True
ST003B,NS5B,211,E,0.693,0.305,0.388,721,5894,True
ST003B,NS5B,211,G,0.0,0.034,0.034,721,5894,True
ST003B,NS5B,211,*,0.0,0.085,0.085,721,5894,True
ST003B,NS5B,211,T,0.0,0.017,0.017,721,5894,True
ST003B,NS5B,211,N,0.0,0.051,0.051,721,5894,True
ST003B,NS5B,211,K,99.168,99.203,0.035,721,5894,True
ST003B,NS5B,211,M,0.0,0.051,0.051,721,5894,True
